condition,seed,scene,reset_seed,action_seed,success,success_steps,episode_steps,restricted_steps,end_reason,J,final_coverage,collision_pairs_total,path_length
mappo,40,0,2347913895,2204399287,1,214,214,214,success,-66.44672407389805,1.0,45.0,48.3840015011485
mappo,40,1,1310321179,1655279843,1,15,15,15,success,-4.908922365331298,1.0,1.0,2.9203281349290444
mappo,40,2,925551445,1603184147,1,93,93,93,success,-26.89369254142111,1.0,10.0,21.586149256712677
mappo,40,3,3397827696,1467687412,1,14,14,14,success,-5.78534612976249,1.0,0.0,3.0539094735023387
mappo,40,4,2278052159,3283886647,1,34,34,34,success,-16.96016724020062,1.0,0.0,7.661245635335776
mappo,40,5,1141161844,1073813544,1,17,17,17,success,-9.047084923686093,1.0,0.0,4.2600746814103525
mappo,40,6,4018744254,4002431641,1,126,126,126,success,-29.52893815213783,1.0,33.0,24.714331849317432
mappo,40,7,1194439361,2962496275,1,48,48,48,success,-22.82469772282205,1.0,0.0,10.10657152096272
mappo,40,8,17891111,82345734,1,28,28,28,success,-14.633698239299074,1.0,5.0,6.885834089475863
mappo,40,9,1405872531,990800855,1,27,27,27,success,-12.977117738318828,1.0,5.0,5.730510557025168
mappo,40,10,4143954168,2976904518,1,43,43,43,success,-22.336933719014088,1.0,3.0,9.9242572036987
mappo,40,11,3750035447,3287475107,1,62,62,62,success,-17.946362060325885,1.0,3.0,12.36300734122908
mappo,40,12,3464920535,110148373,1,215,215,215,success,-44.35516680641855,1.0,34.0,43.031283291426014
mappo,40,13,4227631671,3094755462,1,20,20,20,success,-13.895174509770813,1.0,0.0,4.895058176622487
mappo,40,14,3029437499,2637565796,1,19,19,19,success,-13.577562752961835,1.0,0.0,4.93406931791425
mappo,40,15,4262312365,3479700024,1,60,60,60,success,-16.79528867007869,1.0,12.0,12.238242999114577
mappo,40,16,3526763631,1544041880,1,113,113,113,success,-32.621675628415375,1.0,12.0,22.668886725665637
mappo,40,17,3352364175,1343921505,1,33,33,33,success,-17.19847293231723,1.0,3.0,9.79852343737133
mappo,40,18,1302945959,1207014841,1,75,75,75,success,-27.048792451673638,1.0,0.0,14.352236553696866
mappo,40,19,2306951341,3797059222,1,22,22,22,success,-14.626864744063543,1.0,1.0,6.115879402895147
mappo,40,20,3862450246,2188012511,1,82,82,82,success,-22.732272185868464,1.0,10.0,16.429491509809626
mappo,40,21,2201176011,3620667123,1,329,329,329,success,-89.32199393654005,1.0,51.0,65.42537565109816
mappo,40,22,2496597083,362775720,1,53,53,53,success,-37.87743190540108,1.0,11.0,15.258309471676963
mappo,40,23,643881572,3726466941,1,48,48,48,success,-34.77176434950458,1.0,7.0,11.462986492678931
mappo,40,24,3680166795,646103936,1,43,43,43,success,-24.97564911026099,1.0,6.0,11.054320412436455
mappo,40,25,2021262203,3635273144,1,20,20,20,success,-9.527962178441157,1.0,1.0,4.069968639705304
mappo,40,26,4290191469,4169522974,1,21,21,21,success,-9.028553762221858,1.0,0.0,4.736889973549864
mappo,40,27,2809779718,1886898322,1,78,78,78,success,-19.817902890770913,1.0,5.0,14.809211003951182
mappo,40,28,693025613,810659684,1,22,22,22,success,-8.622643498088516,1.0,0.0,4.533398665714498
mappo,40,29,1192868891,2499189744,1,86,86,86,success,-37.810978015757264,1.0,19.0,20.968326729090368
mappo,40,30,1476330158,3266202760,1,56,56,56,success,-33.44021054147175,1.0,10.0,15.299130450795767
mappo,40,31,3611679803,3917654537,1,76,76,76,success,-29.020415805748165,1.0,7.0,15.38796781314849
mappo,40,32,2090440591,745075548,1,55,55,55,success,-34.58492145685498,1.0,9.0,17.25711381174909
mappo,40,33,357157158,1723057628,1,44,44,44,success,-21.004692292193003,1.0,9.0,12.322454153824022
mappo,40,34,3936621046,545288905,1,25,25,25,success,-10.775260738495133,1.0,1.0,5.076635530741676
mappo,40,35,2037637314,2324248030,1,23,23,23,success,-11.08124440280011,1.0,2.0,5.35897204241855
mappo,40,36,3709398998,1457507648,1,35,35,35,success,-14.888159661910061,1.0,9.0,8.266413873755438
mappo,40,37,1052357024,3814668927,1,27,27,27,success,-11.2063368096158,1.0,3.0,6.100983550407893
mappo,40,38,514059705,3648506924,1,34,34,34,success,-11.310949134392345,1.0,0.0,7.321882075213164
mappo,40,39,1689120953,2973219346,1,33,33,33,success,-14.332160788009178,1.0,0.0,6.7577256917022375
mappo,40,40,4044110060,1170832070,1,73,73,73,success,-21.643824693110247,1.0,6.0,16.109494594316654
mappo,40,41,876257233,489764794,1,25,25,25,success,-8.390833780853894,1.0,3.0,5.50356562995059
mappo,40,42,2929304744,1941306444,1,326,326,326,success,-23.82143041259229,1.0,14.0,55.70249797431418
mappo,40,43,1565055108,3925993507,1,53,53,53,success,-25.381778846618463,1.0,5.0,11.731174856144577
mappo,40,44,2669435691,1443751235,1,19,19,19,success,-6.0415710323965985,1.0,0.0,3.6669761167234234
mappo,40,45,2782058924,2476172249,1,36,36,36,success,-17.810628161758288,1.0,2.0,9.922266089055672
mappo,40,46,2201581963,3484967346,1,51,51,51,success,-17.334417229781575,1.0,2.0,10.690548308573511
mappo,40,47,3522276661,2174114813,1,38,38,38,success,-24.163680548993344,1.0,6.0,11.559213532564264
mappo,40,48,4135243855,1686750971,1,108,108,108,success,-28.803752046467213,1.0,19.0,23.356629432916012
mappo,40,49,4219834141,3546787958,1,63,63,63,success,-51.94713216197241,1.0,6.0,16.34351320896823
mappo,40,50,2745294497,1510181992,0,,500,500,deadline,-47.054035971510395,0.5,25.0,88.80761009246523
mappo,40,51,328605636,3958047834,1,101,101,101,success,-23.310882238165807,1.0,0.0,17.39954956728734
mappo,40,52,3668706458,2663696074,1,79,79,79,success,-39.45236217704359,1.0,11.0,18.99043353893608
mappo,40,53,1687460012,2762826505,1,49,49,49,success,-23.0343394576245,1.0,1.0,11.059283543301385
mappo,40,54,3802484977,1070530547,1,84,84,84,success,-22.130000372766457,1.0,10.0,15.4445377930654
mappo,40,55,581266362,555067133,1,106,106,106,success,-29.38605334560875,1.0,16.0,22.206690509019186
mappo,40,56,3781927676,1103775279,1,129,129,129,success,-43.33934452026714,1.0,13.0,24.99619052248403
mappo,40,57,3315636682,2960959474,1,57,57,57,success,-20.430457794027195,1.0,5.0,13.48437709635954
mappo,40,58,1992698953,3430666549,1,58,58,58,success,-23.09971939920133,1.0,2.0,10.32738252373734
mappo,40,59,1897334928,757250469,1,31,31,31,success,-15.7629697965944,1.0,4.0,6.340769624338704
mappo,40,60,487978315,3946062176,1,42,42,42,success,-18.061418190562115,1.0,7.0,8.607033897580303
mappo,40,61,2017962332,1023045887,1,355,355,355,success,-59.045371251930355,1.0,46.0,70.2748058425934
mappo,40,62,2303249801,2030117153,1,31,31,31,success,-11.90538470345196,1.0,0.0,5.370053271534821
mappo,40,63,988204551,1562213680,1,97,97,97,success,-23.011691156012514,1.0,13.0,17.12436799744688
mappo,40,64,2457632742,2907346953,1,16,16,16,success,-7.857049913257167,1.0,0.0,3.530186396048637
mappo,40,65,129231120,352044171,1,185,185,185,success,-63.344100690219214,1.0,40.0,40.76408106424638
mappo,40,66,1304401263,2323526430,1,22,22,22,success,-8.730832903331326,1.0,0.0,4.463113427388824
mappo,40,67,2578540583,408210173,1,113,113,113,success,-28.286228981930456,1.0,15.0,19.670275015293406
mappo,40,68,3978430092,3911997970,1,36,36,36,success,-17.257293035770598,1.0,6.0,9.01610275017476
mappo,40,69,2798237815,1431979650,1,27,27,27,success,-16.05430621902615,1.0,3.0,6.5745879268032015
mappo,40,70,2992858584,1812674679,1,61,61,61,success,-38.576231427466205,1.0,7.0,11.529489203246767
mappo,40,71,1637406924,2462028667,1,38,38,38,success,-17.984054734265662,1.0,3.0,8.643941780852696
mappo,40,72,4201319692,1571892780,1,45,45,45,success,-15.592066620292067,1.0,3.0,8.293178428082134
mappo,40,73,79011899,1388970493,1,53,53,53,success,-19.89176956951775,1.0,3.0,11.05389606953037
mappo,40,74,2431549537,1248286508,1,18,18,18,success,-7.645993402284478,1.0,1.0,4.201261894270934
mappo,40,75,1221176477,2883642853,1,40,40,40,success,-20.35988213693587,1.0,6.0,11.143014394631102
mappo,40,76,555998048,1178830039,1,35,35,35,success,-10.636102519050464,1.0,0.0,6.938905461531114
mappo,40,77,3231626248,577494740,1,91,91,91,success,-40.10825977536771,1.0,18.0,21.36148280496382
mappo,40,78,2185936161,376249926,1,40,40,40,success,-16.848117430992012,1.0,3.0,8.326870260100794
mappo,40,79,2990187134,1915751243,1,68,68,68,success,-28.776366795287082,1.0,7.0,16.381219209527575
mappo,40,80,3400241984,751917057,1,34,34,34,success,-23.089624841010043,1.0,10.0,8.36070494843735
mappo,40,81,599700480,1249187977,1,16,16,16,success,-7.149982413589997,1.0,1.0,3.8541092599090394
mappo,40,82,3070578233,1520211238,1,54,54,54,success,-22.45429797028726,1.0,1.0,12.39519720687881
mappo,40,83,1332271383,3974459268,1,38,38,38,success,-20.77109154247661,1.0,3.0,10.226437113238205
mappo,40,84,1070320651,3420935515,1,30,30,30,success,-18.75926040509966,1.0,1.0,7.811515158424406
mappo,40,85,3263269926,4086004603,1,32,32,32,success,-17.513126508862033,1.0,3.0,7.39546441793202
mappo,40,86,646738645,4146759719,1,22,22,22,success,-10.468989706852906,1.0,0.0,4.809765274112561
mappo,40,87,4008916653,744146223,1,77,77,77,success,-18.345109297056496,1.0,7.0,14.315322183733025
mappo,40,88,3151631878,72488233,1,106,106,106,success,-39.539908804364494,1.0,5.0,23.649316954599833
mappo,40,89,3486087193,3490469547,1,31,31,31,success,-21.122561597479336,1.0,4.0,7.917998108717206
mappo,40,90,581074453,4123113042,1,40,40,40,success,-19.39724624597586,1.0,5.0,10.743269871130908
mappo,40,91,1868285834,1928166897,1,54,54,54,success,-38.17892503307161,1.0,9.0,14.937727532298032
mappo,40,92,3655773970,1790426953,1,58,58,58,success,-28.098501556889104,1.0,12.0,12.650189497044002
mappo,40,93,672939204,2694586893,1,24,24,24,success,-7.885140557198114,1.0,1.0,5.80050747339266
mappo,40,94,1647948350,2667715277,1,29,29,29,success,-14.963833243698579,1.0,4.0,6.531826136230742
mappo,40,95,786704510,1194950294,1,25,25,25,success,-9.147671000745667,1.0,1.0,5.6853017374065535
mappo,40,96,4203277430,3034181593,1,27,27,27,success,-21.797855309260427,1.0,6.0,8.220637234260174
mappo,40,97,3623062434,1577268481,1,29,29,29,success,-11.54362566118111,1.0,1.0,6.490550428728405
mappo,40,98,1083982137,2281292113,1,70,70,70,success,-17.037086451731366,1.0,0.0,13.596216502357018
mappo,40,99,3668580306,4258482137,1,22,22,22,success,-12.253539969934513,1.0,0.0,5.300351716107791
mappo,40,100,456840939,2150065543,1,23,23,23,success,-10.0762995320234,1.0,5.0,4.252289530748292
mappo,40,101,2104282548,2115660148,1,14,14,14,success,-5.499802499562608,1.0,0.0,3.193695962410219
mappo,40,102,3648778963,906396289,1,31,31,31,success,-11.667761638402965,1.0,0.0,6.173927396229242
mappo,40,103,1248515385,29290386,1,39,39,39,success,-18.343506311227532,1.0,9.0,9.378332003918734
mappo,40,104,3761874017,268693983,1,31,31,31,success,-12.358353499737863,1.0,3.0,6.211766681264486
mappo,40,105,686873687,71581671,1,47,47,47,success,-19.895179005956166,1.0,3.0,10.030204563819623
mappo,40,106,2535312175,923928030,1,26,26,26,success,-14.207355229552991,1.0,0.0,6.162223541597715
mappo,40,107,25058875,1797085194,1,81,81,81,success,-29.38790047286006,1.0,14.0,17.17983040980005
mappo,40,108,1743715751,724673539,1,52,52,52,success,-17.584160833465955,1.0,11.0,11.242817719480875
mappo,40,109,302520693,709500791,1,33,33,33,success,-20.576015984320662,1.0,4.0,8.18806873083033
mappo,40,110,1334254733,227300175,1,22,22,22,success,-9.214337653424323,1.0,3.0,5.588039340061907
mappo,40,111,2763517326,496718129,1,184,184,184,success,-72.63946855036225,1.0,26.0,42.98779624732387
mappo,40,112,136790667,2742642281,1,236,236,236,success,-89.06858681976408,1.0,34.0,48.051504701408724
mappo,40,113,1615423554,4028579842,1,91,91,91,success,-27.116681551565218,1.0,9.0,17.578665700346082
mappo,40,114,2607787509,2839390586,1,62,62,62,success,-19.537843308945057,1.0,2.0,12.151272878467644
mappo,40,115,945747616,1612125324,1,80,80,80,success,-44.61988168986538,1.0,22.0,20.220323056877362
mappo,40,116,3549465650,4148915041,1,14,14,14,success,-3.68294670789384,1.0,0.0,2.2265485451898184
mappo,40,117,1303390025,3809063591,1,83,83,83,success,-42.30961497580017,1.0,3.0,18.884096943264765
mappo,40,118,3221688785,2244548413,1,15,15,15,success,-7.834327879346037,1.0,0.0,3.744336104637951
mappo,40,119,824534366,2331219214,1,41,41,41,success,-27.333924923494067,1.0,0.0,10.24833498074142
mappo,40,120,3188765255,437485542,1,28,28,28,success,-9.803371257274726,1.0,2.0,5.47105619340083
mappo,40,121,2346009769,3503247403,1,30,30,30,success,-15.20428523872921,1.0,3.0,6.420145170313613
mappo,40,122,120953833,2926714504,1,143,143,143,success,-29.733868197080454,1.0,25.0,27.624810417940097
mappo,40,123,4258412672,2258500250,1,16,16,16,success,-9.003846538840946,1.0,0.0,3.864522029816065
mappo,40,124,3498886439,1309182024,1,56,56,56,success,-11.906741752309092,1.0,4.0,9.344415793954823
mappo,40,125,1261093983,3224713935,1,17,17,17,success,-8.483658309198606,1.0,0.0,3.9753315797701725
mappo,40,126,2437011402,559044669,1,33,33,33,success,-11.179119940435287,1.0,3.0,6.95176454898396
mappo,40,127,1137195142,4138084691,1,8,8,8,success,-2.284137939750476,1.0,0.0,1.4184294955026566
mappo,40,128,591002475,3183166750,1,163,163,163,success,-32.52709319125013,1.0,39.0,32.96946662725501
mappo,40,129,293482581,2337615940,1,140,140,140,success,-27.692534199626788,1.0,16.0,25.7083182791043
mappo,40,130,1620863922,2378482480,1,33,33,33,success,-22.09554383018045,1.0,4.0,10.113001669939072
mappo,40,131,736781441,2742294585,1,36,36,36,success,-12.775354225524234,1.0,3.0,8.640957961521549
mappo,40,132,2181366323,3588972222,1,30,30,30,success,-13.978512355845584,1.0,3.0,6.8207894336207975
mappo,40,133,1220707308,3930931015,1,180,180,180,success,-60.25477059725163,1.0,21.0,34.04411534029465
mappo,40,134,1631843000,1274872700,1,19,19,19,success,-5.723067319744757,1.0,0.0,3.3475828828294367
mappo,40,135,1023113342,2568012549,0,,500,500,deadline,-45.66785777724589,0.5,137.0,112.28295364227246
mappo,40,136,2742352646,2785914828,1,45,45,45,success,-23.95378461496524,1.0,8.0,10.016888273495873
mappo,40,137,3420020777,320606331,1,55,55,55,success,-15.979563551858345,1.0,3.0,12.967967703636992
mappo,40,138,4040167021,391379544,1,147,147,147,success,-54.36904465133288,1.0,22.0,30.048971555696408
mappo,40,139,1252297840,625317549,1,39,39,39,success,-31.320081254592925,1.0,3.0,15.214922861542032
mappo,40,140,457140869,1488357737,1,23,23,23,success,-7.65434809673184,1.0,0.0,4.969818811956429
mappo,40,141,1307409041,190942974,1,85,85,85,success,-26.007789674040843,1.0,0.0,14.970045572813634
mappo,40,142,3903673146,2868750843,1,379,379,379,success,-68.94548864580572,1.0,93.0,77.15742934490052
mappo,40,143,1041470976,3140471556,1,50,50,50,success,-15.06946614179087,1.0,7.0,9.883651632325506
mappo,40,144,1075302836,1469666529,1,44,44,44,success,-26.8666143220447,1.0,0.0,11.199655131075591
mappo,40,145,133604693,724621700,0,,500,500,deadline,-58.89797743400462,0.75,97.0,104.64396048550161
mappo,40,146,819877269,318763286,1,23,23,23,success,-10.339396356848578,1.0,4.0,5.485869410939841
mappo,40,147,1907705498,3277461452,1,27,27,27,success,-12.72777676144364,1.0,0.0,5.153604163882572
mappo,40,148,2352993259,3563105290,1,64,64,64,success,-24.629639360382,1.0,4.0,14.323635487040852
mappo,40,149,1707367458,981616009,1,243,243,243,success,-36.77260096959369,1.0,15.0,45.63926022576116
mappo,40,150,3403071925,842625954,1,55,55,55,success,-18.636559020615557,1.0,6.0,13.769070382668714
mappo,40,151,1531247122,1618569098,1,161,161,161,success,-52.709799710758304,1.0,13.0,31.52046709892593
mappo,40,152,1597323254,3504572388,1,48,48,48,success,-22.76433982423145,1.0,3.0,9.6639312022059
mappo,40,153,2743348902,3750456234,1,160,160,160,success,-40.88713160619171,1.0,24.0,36.44724573142304
mappo,40,154,3613991171,3603500413,1,313,313,313,success,-72.14862755012199,1.0,32.0,60.11470488624207
mappo,40,155,3004572485,2750623320,1,34,34,34,success,-12.984569777531783,1.0,0.0,7.443665749624831
mappo,40,156,2936353891,2130121422,1,109,109,109,success,-31.915124349045733,1.0,0.0,21.9887350434157
mappo,40,157,3121995317,178834416,1,17,17,17,success,-8.867480723503656,1.0,0.0,3.784909960743545
mappo,40,158,135459474,3883224642,1,43,43,43,success,-15.52409558076534,1.0,5.0,9.206521891647325
mappo,40,159,734479274,212628557,1,79,79,79,success,-40.12329225646635,1.0,2.0,16.229410370075666
mappo,40,160,2876606289,634015663,1,21,21,21,success,-9.281250928237393,1.0,2.0,4.986643591286563
mappo,40,161,1318727501,1594052201,1,135,135,135,success,-23.23236286327156,1.0,14.0,24.925519351410948
mappo,40,162,1102958350,737333259,1,117,117,117,success,-26.705080350003406,1.0,7.0,23.832145293779135
mappo,40,163,4293085850,1394580074,1,67,67,67,success,-24.854624101094938,1.0,0.0,12.963750151218848
mappo,40,164,301891743,1570578452,1,18,18,18,success,-7.717047052707158,1.0,3.0,3.635911666221449
mappo,40,165,4042230523,2267821805,1,74,74,74,success,-28.972027079422045,1.0,2.0,17.510916850227208
mappo,40,166,2916448039,2068779175,1,124,124,124,success,-21.396624441953673,1.0,3.0,24.674710971921265
mappo,40,167,475938238,1230185635,1,21,21,21,success,-12.818744316644175,1.0,0.0,4.414676420520003
mappo,40,168,86325482,2583711119,1,20,20,20,success,-12.24245463059665,1.0,0.0,5.175185537301499
mappo,40,169,2468676735,1349085776,1,25,25,25,success,-10.490857446089567,1.0,3.0,5.802131385266123
mappo,40,170,1272250021,3661335694,1,52,52,52,success,-26.48906155950809,1.0,7.0,13.143572188084637
mappo,40,171,2159883676,3698848039,1,13,13,13,success,-4.5446458185188305,1.0,0.0,2.6051186886865145
mappo,40,172,3080257073,1306309557,1,23,23,23,success,-9.148610493859096,1.0,0.0,4.983444290072701
mappo,40,173,737202711,3975843611,1,42,42,42,success,-18.720843679406578,1.0,0.0,9.170097385649324
mappo,40,174,2036355949,1079738952,1,29,29,29,success,-13.663205909235785,1.0,9.0,9.165422246281993
mappo,40,175,1250427656,2400630472,1,50,50,50,success,-19.404366748375356,1.0,4.0,11.68150281892093
mappo,40,176,280972588,935931904,1,26,26,26,success,-11.469808902727497,1.0,0.0,5.43859105651381
mappo,40,177,1628580413,2618414690,1,31,31,31,success,-12.907818086611531,1.0,2.0,6.142013236975538
mappo,40,178,1858486268,1695893789,1,18,18,18,success,-10.999655356005471,1.0,0.0,4.904561826934541
mappo,40,179,1128729475,921306020,1,32,32,32,success,-12.54128179419888,1.0,0.0,6.643566281496157
mappo,40,180,2470240967,1061804176,1,40,40,40,success,-15.826702446201011,1.0,3.0,8.210142190557448
mappo,40,181,3528471741,1323328472,1,52,52,52,success,-25.79091429049815,1.0,4.0,12.968489469535795
mappo,40,182,2911587752,4074340476,1,333,333,333,success,-37.76728672948733,1.0,26.0,63.805498440436395
mappo,40,183,395798198,4201995392,1,192,192,192,success,-71.02525241117165,1.0,25.0,34.787341770603454
mappo,40,184,3206482376,3850659323,1,51,51,51,success,-19.9146569275907,1.0,6.0,10.275718511948412
mappo,40,185,547984991,3607788070,1,46,46,46,success,-14.705899377894042,1.0,6.0,9.483561403256415
mappo,40,186,2630779656,3552115610,1,14,14,14,success,-6.091569533384033,1.0,3.0,2.968079556433145
mappo,40,187,2286206322,2133860329,1,8,8,8,success,-3.765641329535754,1.0,0.0,1.9171789572368965
mappo,40,188,1028413547,483519647,1,82,82,82,success,-47.06570815244888,1.0,24.0,21.62457396845279
mappo,40,189,3954971611,339275944,1,22,22,22,success,-5.393051753338788,1.0,2.0,4.005894689400787
mappo,40,190,1565184387,3604524309,1,38,38,38,success,-21.521228774946277,1.0,5.0,10.042305823063877
mappo,40,191,1541645080,3550743315,1,38,38,38,success,-19.08760639077573,1.0,3.0,10.081663338250443
mappo,40,192,1358142315,66658535,1,91,91,91,success,-15.991772410970439,1.0,3.0,16.288812540597498
mappo,40,193,3792492909,1947276631,1,30,30,30,success,-11.91551821610079,1.0,3.0,6.495356854448889
mappo,40,194,3966649805,1539956774,1,257,257,257,success,-38.26735457425692,1.0,23.0,46.720091954945694
mappo,40,195,4287786056,536147962,1,26,26,26,success,-11.773512153151698,1.0,1.0,6.169109846710989
mappo,40,196,3898621550,2943160775,1,79,79,79,success,-28.218369610218375,1.0,7.0,14.55918941547169
mappo,40,197,1282899432,896785034,1,67,67,67,success,-20.88564914746439,1.0,10.0,12.28857916877591
mappo,40,198,3304655122,725218852,1,66,66,66,success,-34.12809335226539,1.0,3.0,13.314390540712775
mappo,40,199,2374250539,2505643757,1,38,38,38,success,-29.064190439966783,1.0,5.0,13.144527705653342
ippo,40,0,2347913895,2204399287,0,,500,500,deadline,-97.61398883739602,0.5,213.0,114.27106090247135
ippo,40,1,1310321179,1655279843,1,20,20,20,success,-6.578081023058719,1.0,1.0,3.628081040072534
ippo,40,2,925551445,1603184147,1,500,500,500,success,-67.08089685063256,1.0,151.0,102.45635774183263
ippo,40,3,3397827696,1467687412,1,53,53,53,success,-21.667361301107697,1.0,4.0,12.955220352952264
ippo,40,4,2278052159,3283886647,1,19,19,19,success,-8.997995975266285,1.0,0.0,3.887540979190362
ippo,40,5,1141161844,1073813544,1,18,18,18,success,-8.35527466387668,1.0,0.0,4.1009478400648405
ippo,40,6,4018744254,4002431641,1,125,125,125,success,-29.446529233689187,1.0,39.0,25.946072205970243
ippo,40,7,1194439361,2962496275,1,32,32,32,success,-18.964999019625267,1.0,0.0,6.783234870506548
ippo,40,8,17891111,82345734,1,99,99,99,success,-31.81718597892086,1.0,11.0,17.07136857587415
ippo,40,9,1405872531,990800855,1,50,50,50,success,-19.281962947412353,1.0,5.0,9.90110044915795
ippo,40,10,4143954168,2976904518,1,37,37,37,success,-17.937585883729692,1.0,0.0,7.053873716423419
ippo,40,11,3750035447,3287475107,1,28,28,28,success,-11.662583664741671,1.0,0.0,5.9886857413711425
ippo,40,12,3464920535,110148373,1,69,69,69,success,-27.136275494956212,1.0,7.0,14.191930545970905
ippo,40,13,4227631671,3094755462,1,113,113,113,success,-48.58765124678779,1.0,20.0,22.555607445485776
ippo,40,14,3029437499,2637565796,1,48,48,48,success,-22.96037915600925,1.0,2.0,9.9389466303003
ippo,40,15,4262312365,3479700024,1,63,63,63,success,-14.578617820080922,1.0,5.0,10.922835310105194
ippo,40,16,3526763631,1544041880,1,202,202,202,success,-70.74407359087401,1.0,59.0,43.02633740163548
ippo,40,17,3352364175,1343921505,1,74,74,74,success,-30.0091673680048,1.0,7.0,16.801748900761496
ippo,40,18,1302945959,1207014841,1,71,71,71,success,-28.961465413108726,1.0,0.0,13.528657801234491
ippo,40,19,2306951341,3797059222,1,41,41,41,success,-25.015888447564716,1.0,5.0,8.540270255507975
ippo,40,20,3862450246,2188012511,1,48,48,48,success,-17.200968865469402,1.0,7.0,9.324779385406895
ippo,40,21,2201176011,3620667123,0,,500,500,deadline,-91.4032217161259,0.25,141.0,97.76533955376267
ippo,40,22,2496597083,362775720,1,72,72,72,success,-44.675283650838956,1.0,16.0,18.50077873868919
ippo,40,23,643881572,3726466941,1,110,110,110,success,-56.28355267275773,1.0,29.0,24.330351694710142
ippo,40,24,3680166795,646103936,1,57,57,57,success,-22.61530620098303,1.0,0.0,10.55436532145556
ippo,40,25,2021262203,3635273144,1,34,34,34,success,-19.233573232645682,1.0,7.0,6.302118000462687
ippo,40,26,4290191469,4169522974,1,41,41,41,success,-17.382020446390907,1.0,2.0,8.632243658690102
ippo,40,27,2809779718,1886898322,1,38,38,38,success,-13.11675155446367,1.0,3.0,7.357390222423498
ippo,40,28,693025613,810659684,1,25,25,25,success,-9.889765983532921,1.0,0.0,5.104885086003367
ippo,40,29,1192868891,2499189744,1,148,148,148,success,-49.58743048291802,1.0,44.0,34.35959728976929
ippo,40,30,1476330158,3266202760,1,27,27,27,success,-21.83040088089457,1.0,5.0,9.464424115825253
ippo,40,31,3611679803,3917654537,1,72,72,72,success,-31.78614053315546,1.0,4.0,13.318160169582363
ippo,40,32,2090440591,745075548,1,36,36,36,success,-20.131593857444457,1.0,3.0,8.628233554495873
ippo,40,33,357157158,1723057628,1,46,46,46,success,-21.32244995146655,1.0,12.0,11.293135507474442
ippo,40,34,3936621046,545288905,1,64,64,64,success,-25.246009239386204,1.0,13.0,13.170185383457387
ippo,40,35,2037637314,2324248030,1,42,42,42,success,-16.198097459476493,1.0,6.0,8.409095360614044
ippo,40,36,3709398998,1457507648,1,64,64,64,success,-24.63563301359371,1.0,17.0,14.71177458205748
ippo,40,37,1052357024,3814668927,1,87,87,87,success,-25.20011234607231,1.0,34.0,17.33220731253025
ippo,40,38,514059705,3648506924,1,50,50,50,success,-20.940013512300442,1.0,8.0,9.533229921680471
ippo,40,39,1689120953,2973219346,1,38,38,38,success,-16.314430646968933,1.0,2.0,8.551917846002105
ippo,40,40,4044110060,1170832070,1,51,51,51,success,-20.362623970268057,1.0,6.0,12.700279196689356
ippo,40,41,876257233,489764794,1,38,38,38,success,-10.805855874515776,1.0,2.0,6.8677787948240825
ippo,40,42,2929304744,1941306444,1,57,57,57,success,-18.110601316409078,1.0,0.0,10.302140252943502
ippo,40,43,1565055108,3925993507,1,29,29,29,success,-16.50953045349788,1.0,1.0,8.050377837891174
ippo,40,44,2669435691,1443751235,1,31,31,31,success,-8.785224863644771,1.0,3.0,5.098088962743079
ippo,40,45,2782058924,2476172249,1,104,104,104,success,-30.993424866295616,1.0,29.0,21.671858280008536
ippo,40,46,2201581963,3484967346,1,41,41,41,success,-14.07595176800373,1.0,0.0,7.867184409972013
ippo,40,47,3522276661,2174114813,1,88,88,88,success,-32.04108970335624,1.0,14.0,19.292467803371633
ippo,40,48,4135243855,1686750971,1,23,23,23,success,-11.687165093135588,1.0,3.0,5.7725308520250955
ippo,40,49,4219834141,3546787958,1,80,80,80,success,-38.995842857779806,1.0,7.0,20.882778224675167
ippo,40,50,2745294497,1510181992,1,45,45,45,success,-21.939065796360666,1.0,4.0,10.995336306766601
ippo,40,51,328605636,3958047834,1,130,130,130,success,-32.409967047963654,1.0,11.0,24.234640577670795
ippo,40,52,3668706458,2663696074,1,73,73,73,success,-32.86597769944374,1.0,19.0,16.27319296243368
ippo,40,53,1687460012,2762826505,1,39,39,39,success,-21.30340408520409,1.0,4.0,9.747819130132731
ippo,40,54,3802484977,1070530547,1,38,38,38,success,-17.269958506036396,1.0,7.0,9.063008841737917
ippo,40,55,581266362,555067133,1,37,37,37,success,-11.989327508490026,1.0,7.0,5.992076637095445
ippo,40,56,3781927676,1103775279,1,75,75,75,success,-37.06604990800063,1.0,8.0,15.394641571285645
ippo,40,57,3315636682,2960959474,1,47,47,47,success,-15.402866101027886,1.0,2.0,9.51287387245571
ippo,40,58,1992698953,3430666549,1,97,97,97,success,-42.28315488427974,1.0,17.0,16.87253289111551
ippo,40,59,1897334928,757250469,1,34,34,34,success,-16.912360870735167,1.0,4.0,7.561309912193972
ippo,40,60,487978315,3946062176,1,48,48,48,success,-25.5627095686307,1.0,11.0,11.307938246809066
ippo,40,61,2017962332,1023045887,1,118,118,118,success,-50.6474543252538,1.0,27.0,27.480490886859247
ippo,40,62,2303249801,2030117153,1,15,15,15,success,-6.6134413963407415,1.0,0.0,2.954315096494724
ippo,40,63,988204551,1562213680,1,39,39,39,success,-13.853942934390911,1.0,3.0,7.46620296079083
ippo,40,64,2457632742,2907346953,1,14,14,14,success,-7.116620016230316,1.0,0.0,3.022855249574295
ippo,40,65,129231120,352044171,1,148,148,148,success,-62.03090005911314,1.0,36.0,29.80176487585129
ippo,40,66,1304401263,2323526430,1,21,21,21,success,-8.59598859982564,1.0,0.0,4.23183839340861
ippo,40,67,2578540583,408210173,1,30,30,30,success,-9.76408455593369,1.0,3.0,5.8823338728317855
ippo,40,68,3978430092,3911997970,1,43,43,43,success,-16.81719545526373,1.0,10.0,8.458422561685127
ippo,40,69,2798237815,1431979650,1,20,20,20,success,-12.080535437923105,1.0,0.0,4.80011686333567
ippo,40,70,2992858584,1812674679,1,368,368,368,success,-104.4129270941416,1.0,92.0,79.87441779418457
ippo,40,71,1637406924,2462028667,1,89,89,89,success,-30.065894316390462,1.0,6.0,16.554059751658485
ippo,40,72,4201319692,1571892780,1,27,27,27,success,-9.43483435360118,1.0,2.0,5.289754845706617
ippo,40,73,79011899,1388970493,1,55,55,55,success,-25.284372272009193,1.0,7.0,12.085074378762869
ippo,40,74,2431549537,1248286508,1,32,32,32,success,-11.22025368599239,1.0,1.0,6.568772711327308
ippo,40,75,1221176477,2883642853,1,110,110,110,success,-56.09069192904921,1.0,21.0,25.8166292783404
ippo,40,76,555998048,1178830039,1,41,41,41,success,-15.171004389389724,1.0,6.0,7.0768991216337955
ippo,40,77,3231626248,577494740,1,56,56,56,success,-34.162874261047634,1.0,17.0,13.436424206799005
ippo,40,78,2185936161,376249926,1,53,53,53,success,-16.577554548347628,1.0,0.0,9.832371558420576
ippo,40,79,2990187134,1915751243,1,19,19,19,success,-12.153176506718392,1.0,4.0,5.010604136449176
ippo,40,80,3400241984,751917057,1,128,128,128,success,-56.40868527520746,1.0,37.0,27.077799292177833
ippo,40,81,599700480,1249187977,1,23,23,23,success,-9.211813616748497,1.0,0.0,5.001911759852714
ippo,40,82,3070578233,1520211238,1,52,52,52,success,-28.538850950976585,1.0,3.0,15.231865105353366
ippo,40,83,1332271383,3974459268,1,36,36,36,success,-19.446941420924283,1.0,2.0,9.135275666837549
ippo,40,84,1070320651,3420935515,1,29,29,29,success,-16.799231683710236,1.0,1.0,6.816410251514697
ippo,40,85,3263269926,4086004603,1,55,55,55,success,-23.31723276682488,1.0,8.0,10.291053161399825
ippo,40,86,646738645,4146759719,1,26,26,26,success,-10.964156278842784,1.0,0.0,5.037332089536231
ippo,40,87,4008916653,744146223,0,,500,500,deadline,-36.0956072526048,0.25,64.0,84.80250326714746
ippo,40,88,3151631878,72488233,1,25,25,25,success,-17.8803471078183,1.0,0.0,5.932870676246689
ippo,40,89,3486087193,3490469547,1,78,78,78,success,-39.122876764587275,1.0,1.0,15.92515878341969
ippo,40,90,581074453,4123113042,1,45,45,45,success,-19.002126423206576,1.0,2.0,9.840894309939735
ippo,40,91,1868285834,1928166897,1,65,65,65,success,-35.397736022287624,1.0,10.0,15.324448692712542
ippo,40,92,3655773970,1790426953,1,96,96,96,success,-37.734196950283376,1.0,26.0,18.567083744697538
ippo,40,93,672939204,2694586893,1,22,22,22,success,-10.316628126702447,1.0,1.0,5.61880267893761
ippo,40,94,1647948350,2667715277,1,78,78,78,success,-26.26733706966873,1.0,8.0,16.40015648892251
ippo,40,95,786704510,1194950294,1,82,82,82,success,-20.43391911330773,1.0,10.0,15.771792855337907
ippo,40,96,4203277430,3034181593,1,36,36,36,success,-24.644381952398096,1.0,3.0,7.342480941467571
ippo,40,97,3623062434,1577268481,1,123,123,123,success,-26.943953076912987,1.0,15.0,23.681009358195414
ippo,40,98,1083982137,2281292113,1,50,50,50,success,-18.427211201152637,1.0,8.0,10.389994320531727
ippo,40,99,3668580306,4258482137,1,21,21,21,success,-12.658575989893965,1.0,3.0,5.665556745920403
ippo,40,100,456840939,2150065543,1,25,25,25,success,-10.958083690421644,1.0,5.0,4.374340750765714
ippo,40,101,2104282548,2115660148,1,38,38,38,success,-9.615510423667189,1.0,0.0,6.19782575099907
ippo,40,102,3648778963,906396289,1,23,23,23,success,-9.327092313242094,1.0,0.0,5.039049056191576
ippo,40,103,1248515385,29290386,1,60,60,60,success,-26.258578423329197,1.0,11.0,12.993834398022194
ippo,40,104,3761874017,268693983,1,28,28,28,success,-14.006325357978055,1.0,3.0,5.388937504014271
ippo,40,105,686873687,71581671,1,130,130,130,success,-38.87123363241046,1.0,12.0,27.2305469906433
ippo,40,106,2535312175,923928030,1,23,23,23,success,-11.872767563693714,1.0,0.0,5.767866667781145
ippo,40,107,25058875,1797085194,1,109,109,109,success,-37.2220423337343,1.0,12.0,21.753161771454227
ippo,40,108,1743715751,724673539,1,46,46,46,success,-15.170799399065707,1.0,10.0,8.44846089694278
ippo,40,109,302520693,709500791,1,80,80,80,success,-24.817909680232034,1.0,4.0,13.092640708858365
ippo,40,110,1334254733,227300175,1,16,16,16,success,-8.483496866098157,1.0,2.0,4.094958491472547
ippo,40,111,2763517326,496718129,1,201,201,201,success,-75.99491362352865,1.0,65.0,40.98261306228141
ippo,40,112,136790667,2742642281,1,122,122,122,success,-65.12822044078645,1.0,30.0,26.168594795608474
ippo,40,113,1615423554,4028579842,1,70,70,70,success,-23.39122440300593,1.0,9.0,13.531183826414365
ippo,40,114,2607787509,2839390586,1,40,40,40,success,-13.218932629390114,1.0,0.0,7.689844777063611
ippo,40,115,945747616,1612125324,1,107,107,107,success,-44.97971705267778,1.0,34.0,21.18080593986732
ippo,40,116,3549465650,4148915041,1,14,14,14,success,-4.204646283687197,1.0,0.0,2.198552806119502
ippo,40,117,1303390025,3809063591,1,123,123,123,success,-62.81284392449483,1.0,9.0,24.784049869710877
ippo,40,118,3221688785,2244548413,1,25,25,25,success,-9.48014846619881,1.0,0.0,5.022658453111573
ippo,40,119,824534366,2331219214,1,31,31,31,success,-20.68182344346363,1.0,0.0,8.955384702373282
ippo,40,120,3188765255,437485542,1,31,31,31,success,-11.68820766708751,1.0,3.0,6.629035285387715
ippo,40,121,2346009769,3503247403,1,62,62,62,success,-28.51666577109371,1.0,5.0,11.99873092254436
ippo,40,122,120953833,2926714504,1,63,63,63,success,-20.979542228566892,1.0,19.0,12.897164120965702
ippo,40,123,4258412672,2258500250,1,30,30,30,success,-13.225465870725788,1.0,0.0,6.546687705865114
ippo,40,124,3498886439,1309182024,1,74,74,74,success,-19.70935820850954,1.0,13.0,14.469324202719147
ippo,40,125,1261093983,3224713935,1,16,16,16,success,-9.2410850748775,1.0,0.0,3.6433085436375827
ippo,40,126,2437011402,559044669,1,29,29,29,success,-9.949242914242232,1.0,0.0,5.287207947509248
ippo,40,127,1137195142,4138084691,1,9,9,9,success,-2.684248796438942,1.0,0.0,1.4866263612276995
ippo,40,128,591002475,3183166750,1,46,46,46,success,-18.347506399784688,1.0,11.0,10.691630247337448
ippo,40,129,293482581,2337615940,1,356,356,356,success,-32.788856210079935,1.0,42.0,62.15935868687119
ippo,40,130,1620863922,2378482480,1,67,67,67,success,-29.86709940048256,1.0,16.0,14.342681324847819
ippo,40,131,736781441,2742294585,1,26,26,26,success,-8.899423314107084,1.0,3.0,5.585554886275821
ippo,40,132,2181366323,3588972222,1,43,43,43,success,-13.963114337644276,1.0,3.0,7.402931138766588
ippo,40,133,1220707308,3930931015,0,,500,500,deadline,-83.79273081717335,0.25,107.0,96.92225940812095
ippo,40,134,1631843000,1274872700,1,25,25,25,success,-5.326512784176633,1.0,0.0,4.09254029508688
ippo,40,135,1023113342,2568012549,1,183,183,183,success,-47.61882950065404,1.0,81.0,43.55713759379194
ippo,40,136,2742352646,2785914828,1,182,182,182,success,-56.43745920776694,1.0,22.0,35.23079609909935
ippo,40,137,3420020777,320606331,1,80,80,80,success,-23.808463439225168,1.0,11.0,15.361353421476599
ippo,40,138,4040167021,391379544,1,332,332,332,success,-74.95593588464591,1.0,29.0,59.00965536012745
ippo,40,139,1252297840,625317549,1,50,50,50,success,-37.45597620448862,1.0,3.0,15.999911683803711
ippo,40,140,457140869,1488357737,1,29,29,29,success,-11.878244387119915,1.0,0.0,5.450339828729308
ippo,40,141,1307409041,190942974,1,38,38,38,success,-19.841877954285476,1.0,1.0,7.886013536385796
ippo,40,142,3903673146,2868750843,1,110,110,110,success,-47.67299364918228,1.0,26.0,27.876650029056098
ippo,40,143,1041470976,3140471556,1,30,30,30,success,-9.815508453117902,1.0,3.0,6.705066464112459
ippo,40,144,1075302836,1469666529,1,54,54,54,success,-25.341910615184574,1.0,0.0,11.645689276944527
ippo,40,145,133604693,724621700,1,52,52,52,success,-28.135606301434525,1.0,6.0,12.804207802507728
ippo,40,146,819877269,318763286,1,43,43,43,success,-21.893632146744313,1.0,2.0,8.00349631794193
ippo,40,147,1907705498,3277461452,1,57,57,57,success,-30.880613958254738,1.0,0.0,11.516541874121161
ippo,40,148,2352993259,3563105290,1,47,47,47,success,-13.275932887638781,1.0,0.0,9.611271461634498
ippo,40,149,1707367458,981616009,1,66,66,66,success,-19.673285357036598,1.0,2.0,12.619631588653625
ippo,40,150,3403071925,842625954,1,18,18,18,success,-7.9206223409184355,1.0,0.0,3.659581113647026
ippo,40,151,1531247122,1618569098,0,,500,500,deadline,-78.61998202719126,0.5,90.0,93.68144200554316
ippo,40,152,1597323254,3504572388,1,34,34,34,success,-11.545620592950634,1.0,0.0,5.984809527639753
ippo,40,153,2743348902,3750456234,1,51,51,51,success,-23.1997633034753,1.0,5.0,13.039142016016369
ippo,40,154,3613991171,3603500413,1,76,76,76,success,-38.464412261023554,1.0,10.0,18.469513603996504
ippo,40,155,3004572485,2750623320,1,21,21,21,success,-10.466252622413563,1.0,0.0,5.544988983489388
ippo,40,156,2936353891,2130121422,1,39,39,39,success,-19.49890395032075,1.0,2.0,8.32302483550842
ippo,40,157,3121995317,178834416,1,50,50,50,success,-20.975533285056283,1.0,12.0,10.686002576278748
ippo,40,158,135459474,3883224642,1,54,54,54,success,-16.182555835424388,1.0,7.0,9.923158713796864
ippo,40,159,734479274,212628557,1,21,21,21,success,-11.589380396692446,1.0,0.0,4.953197838467011
ippo,40,160,2876606289,634015663,1,25,25,25,success,-10.78217445346641,1.0,0.0,4.581451980012795
ippo,40,161,1318727501,1594052201,1,148,148,148,success,-30.987406264067673,1.0,22.0,29.4151306069355
ippo,40,162,1102958350,737333259,1,112,112,112,success,-26.745110205576996,1.0,21.0,21.48520308972445
ippo,40,163,4293085850,1394580074,1,51,51,51,success,-21.12565859750085,1.0,5.0,9.695517309494612
ippo,40,164,301891743,1570578452,1,29,29,29,success,-9.830002680417037,1.0,1.0,5.349716967510294
ippo,40,165,4042230523,2267821805,1,85,85,85,success,-27.893713917642017,1.0,15.0,18.018312927366367
ippo,40,166,2916448039,2068779175,1,122,122,122,success,-20.11170993820548,1.0,9.0,20.50263172101789
ippo,40,167,475938238,1230185635,1,20,20,20,success,-9.67770354246258,1.0,0.0,4.802971333013171
ippo,40,168,86325482,2583711119,1,32,32,32,success,-18.782060083613533,1.0,0.0,6.479597586599812
ippo,40,169,2468676735,1349085776,1,20,20,20,success,-5.820347294243663,1.0,0.0,3.3963151211300366
ippo,40,170,1272250021,3661335694,1,36,36,36,success,-18.99025426156184,1.0,3.0,7.82276016580115
ippo,40,171,2159883676,3698848039,1,27,27,27,success,-7.46996639925568,1.0,0.0,4.833948307304209
ippo,40,172,3080257073,1306309557,1,27,27,27,success,-10.705284128155268,1.0,0.0,4.962779035596913
ippo,40,173,737202711,3975843611,1,85,85,85,success,-22.626539538939895,1.0,4.0,16.22163444804892
ippo,40,174,2036355949,1079738952,1,145,145,145,success,-33.427920600687905,1.0,22.0,27.2178524813203
ippo,40,175,1250427656,2400630472,1,29,29,29,success,-13.547426219944068,1.0,0.0,6.314983639189884
ippo,40,176,280972588,935931904,1,23,23,23,success,-8.63548550936767,1.0,0.0,4.256280877125841
ippo,40,177,1628580413,2618414690,1,40,40,40,success,-10.48926603483366,1.0,0.0,7.175447367992063
ippo,40,178,1858486268,1695893789,1,54,54,54,success,-23.83185818731718,1.0,0.0,10.133721175550678
ippo,40,179,1128729475,921306020,1,15,15,15,success,-6.88255809055824,1.0,0.0,3.314360520058703
ippo,40,180,2470240967,1061804176,1,21,21,21,success,-10.163511095509588,1.0,0.0,4.287803072450442
ippo,40,181,3528471741,1323328472,1,35,35,35,success,-20.613745465527312,1.0,4.0,9.83951784372557
ippo,40,182,2911587752,4074340476,1,190,190,190,success,-45.05778386816337,1.0,16.0,36.53389598576669
ippo,40,183,395798198,4201995392,1,29,29,29,success,-20.097956342058733,1.0,8.0,6.318734439336814
ippo,40,184,3206482376,3850659323,1,47,47,47,success,-17.581719735574264,1.0,6.0,9.697342365087566
ippo,40,185,547984991,3607788070,1,67,67,67,success,-25.90363802155303,1.0,7.0,14.77004323107542
ippo,40,186,2630779656,3552115610,1,21,21,21,success,-8.318595989929316,1.0,0.0,3.935804067300253
ippo,40,187,2286206322,2133860329,1,10,10,10,success,-4.451583443785428,1.0,0.0,2.246203991123644
ippo,40,188,1028413547,483519647,1,174,174,174,success,-69.14150895498541,1.0,76.0,41.69848979635472
ippo,40,189,3954971611,339275944,1,24,24,24,success,-6.412726427229865,1.0,3.0,4.132118603135086
ippo,40,190,1565184387,3604524309,1,207,207,207,success,-61.32655756255204,1.0,48.0,40.07119169668396
ippo,40,191,1541645080,3550743315,1,65,65,65,success,-31.916174899814635,1.0,11.0,15.494081632426273
ippo,40,192,1358142315,66658535,1,50,50,50,success,-15.75548181476893,1.0,12.0,8.637164502132762
ippo,40,193,3792492909,1947276631,1,20,20,20,success,-8.465760958876551,1.0,4.0,4.224870614060105
ippo,40,194,3966649805,1539956774,1,35,35,35,success,-19.124651450233916,1.0,2.0,9.344440484886356
ippo,40,195,4287786056,536147962,1,19,19,19,success,-9.544856430001557,1.0,1.0,3.8406353161618263
ippo,40,196,3898621550,2943160775,1,69,69,69,success,-28.41142974337747,1.0,7.0,14.058706636688195
ippo,40,197,1282899432,896785034,1,38,38,38,success,-12.132694393439294,1.0,0.0,6.516839255615062
ippo,40,198,3304655122,725218852,1,45,45,45,success,-20.597653625371375,1.0,1.0,8.97420086248984
ippo,40,199,2374250539,2505643757,1,35,35,35,success,-19.76355718102809,1.0,4.0,10.286508138813273
