experiment,method,label,actor_class,sample_episodes,fit_steps,direction_method,smoke_only,metric,mean,std,independent_units,ci95_low,ci95_high,interval_unit,small_sample
P-A,AN,mc_raw,table,2048,1,AN,False,source_steps_total,2548.0,,1,,,training_seed_or_data_batch,True
P-A,AN,mc_raw,table,2048,1,AN,False,eta,0.1,,1,,,training_seed_or_data_batch,True
P-A,AN,mc_raw,table,2048,1,AN,False,ideal_return_gain,0.02624840661190414,,1,,,training_seed_or_data_batch,True
P-A,AN,mc_raw,table,2048,1,AN,False,actual_return_gain,0.012670557793784454,,1,,,training_seed_or_data_batch,True
P-A,AN,mc_raw,table,2048,1,AN,False,learned_direction_derivative,0.25388684134834383,,1,,,training_seed_or_data_batch,True
P-A,AN,mc_raw,table,2048,1,AN,False,projected_direction_derivative,0.25388684134834383,,1,,,training_seed_or_data_batch,True
P-A,AN,mc_raw,table,2048,1,AN,False,realized_path_derivative,0.12095729515396489,,1,,,training_seed_or_data_batch,True
P-A,AN,mc_raw,table,2048,1,AN,False,forward_kl_training,0.00013499207184802917,,1,,,training_seed_or_data_batch,True
P-A,AN,mc_raw,table,2048,1,AN,False,forward_kl_validation,0.00013530253391530909,,1,,,training_seed_or_data_batch,True
P-A,AN,mc_raw,table,2048,1,AN,False,forward_kl_exact,0.0001345102718568917,,1,,,training_seed_or_data_batch,True
P-A,AN,mc_raw,table,2048,1,AN,False,old_new_kl,9.440620933602145e-05,,1,,,training_seed_or_data_batch,True
P-A,AN,mc_raw,table,2048,1,AN,False,direction_realization_residual,0.027334385272510933,,1,,,training_seed_or_data_batch,True
P-A,AN,mc_raw,table,2048,1,AN,False,seconds,0.0009718998335301876,,1,,,training_seed_or_data_batch,True
P-A,AN,mc_raw,table,2048,1,AN,False,learned_q_0,0.0028363028342749024,,1,,,training_seed_or_data_batch,True
P-A,AN,mc_raw,table,2048,1,AN,False,learned_q_1,0.3495068919309249,,1,,,training_seed_or_data_batch,True
P-A,AN,mc_raw,table,2048,1,AN,False,candidate_p_0,0.30633618983170036,,1,,,training_seed_or_data_batch,True
P-A,AN,mc_raw,table,2048,1,AN,False,candidate_p_1,0.7062619515195928,,1,,,training_seed_or_data_batch,True
P-A,DA,mc_raw,table,2048,1,,False,source_steps_total,2548.0,,1,,,training_seed_or_data_batch,True
P-A,DA,mc_raw,table,2048,1,,False,actual_return_gain,0.012670892651722943,,1,,,training_seed_or_data_batch,True
P-A,DA,mc_raw,table,2048,1,,False,realized_path_derivative,0.012095965604563401,,1,,,training_seed_or_data_batch,True
P-A,DA,mc_raw,table,2048,1,,False,old_new_kl,9.442046392707341e-05,,1,,,training_seed_or_data_batch,True
P-A,DA,mc_raw,table,2048,1,,False,candidate_p_0,0.3063373751427393,,1,,,training_seed_or_data_batch,True
P-A,DA,mc_raw,table,2048,1,,False,candidate_p_1,0.7062619579117488,,1,,,training_seed_or_data_batch,True
P-A,AN,mc_raw,table,2048,10,AN,False,source_steps_total,2548.0,,1,,,training_seed_or_data_batch,True
P-A,AN,mc_raw,table,2048,10,AN,False,eta,0.1,,1,,,training_seed_or_data_batch,True
P-A,AN,mc_raw,table,2048,10,AN,False,ideal_return_gain,0.02624840661190414,,1,,,training_seed_or_data_batch,True
P-A,AN,mc_raw,table,2048,10,AN,False,actual_return_gain,0.027822408263394938,,1,,,training_seed_or_data_batch,True
P-A,AN,mc_raw,table,2048,10,AN,False,learned_direction_derivative,0.25388684134834383,,1,,,training_seed_or_data_batch,True
P-A,AN,mc_raw,table,2048,10,AN,False,projected_direction_derivative,0.25388684134834383,,1,,,training_seed_or_data_batch,True
P-A,AN,mc_raw,table,2048,10,AN,False,realized_path_derivative,0.26536059418966534,,1,,,training_seed_or_data_batch,True
P-A,AN,mc_raw,table,2048,10,AN,False,forward_kl_training,9.580705983562674e-06,,1,,,training_seed_or_data_batch,True
P-A,AN,mc_raw,table,2048,10,AN,False,forward_kl_validation,9.478164282036388e-06,,1,,,training_seed_or_data_batch,True
P-A,AN,mc_raw,table,2048,10,AN,False,forward_kl_exact,9.739838438355402e-06,,1,,,training_seed_or_data_batch,True
P-A,AN,mc_raw,table,2048,10,AN,False,old_new_kl,0.00032828360327374277,,1,,,training_seed_or_data_batch,True
P-A,AN,mc_raw,table,2048,10,AN,False,direction_realization_residual,0.0019444809259337207,,1,,,training_seed_or_data_batch,True
P-A,AN,mc_raw,table,2048,10,AN,False,seconds,0.0009434996172785759,,1,,,training_seed_or_data_batch,True
P-A,AN,mc_raw,table,2048,10,AN,False,learned_q_0,0.0028363028342749024,,1,,,training_seed_or_data_batch,True
P-A,AN,mc_raw,table,2048,10,AN,False,learned_q_1,0.3495068919309249,,1,,,training_seed_or_data_batch,True
P-A,AN,mc_raw,table,2048,10,AN,False,candidate_p_0,0.3033016227050996,,1,,,training_seed_or_data_batch,True
P-A,AN,mc_raw,table,2048,10,AN,False,candidate_p_1,0.7147736158703643,,1,,,training_seed_or_data_batch,True
P-A,DA,mc_raw,table,2048,10,,False,source_steps_total,2548.0,,1,,,training_seed_or_data_batch,True
P-A,DA,mc_raw,table,2048,10,,False,actual_return_gain,0.17575960882439012,,1,,,training_seed_or_data_batch,True
P-A,DA,mc_raw,table,2048,10,,False,realized_path_derivative,0.12050504424045856,,1,,,training_seed_or_data_batch,True
P-A,DA,mc_raw,table,2048,10,,False,old_new_kl,0.009334121298977156,,1,,,training_seed_or_data_batch,True
P-A,DA,mc_raw,table,2048,10,,False,candidate_p_0,0.36671580468720716,,1,,,training_seed_or_data_batch,True
P-A,DA,mc_raw,table,2048,10,,False,candidate_p_1,0.7587679779895805,,1,,,training_seed_or_data_batch,True
P-A,AN,mc_raw,table,2048,100,AN,False,source_steps_total,2548.0,,1,,,training_seed_or_data_batch,True
P-A,AN,mc_raw,table,2048,100,AN,False,eta,0.1,,1,,,training_seed_or_data_batch,True
P-A,AN,mc_raw,table,2048,100,AN,False,ideal_return_gain,0.02624840661190414,,1,,,training_seed_or_data_batch,True
P-A,AN,mc_raw,table,2048,100,AN,False,actual_return_gain,0.02617229426011708,,1,,,training_seed_or_data_batch,True
P-A,AN,mc_raw,table,2048,100,AN,False,learned_direction_derivative,0.25388684134834383,,1,,,training_seed_or_data_batch,True
P-A,AN,mc_raw,table,2048,100,AN,False,projected_direction_derivative,0.25388684134834383,,1,,,training_seed_or_data_batch,True
P-A,AN,mc_raw,table,2048,100,AN,False,realized_path_derivative,0.25314900851420813,,1,,,training_seed_or_data_batch,True
P-A,AN,mc_raw,table,2048,100,AN,False,forward_kl_training,3.5096021816954115e-09,,1,,,training_seed_or_data_batch,True
P-A,AN,mc_raw,table,2048,100,AN,False,forward_kl_validation,3.523656500221737e-09,,1,,,training_seed_or_data_batch,True
P-A,AN,mc_raw,table,2048,100,AN,False,forward_kl_exact,3.487791560511516e-09,,1,,,training_seed_or_data_batch,True
P-A,AN,mc_raw,table,2048,100,AN,False,old_new_kl,0.0003030710480331777,,1,,,training_seed_or_data_batch,True
P-A,AN,mc_raw,table,2048,100,AN,False,direction_realization_residual,7.144168038947031e-07,,1,,,training_seed_or_data_batch,True
P-A,AN,mc_raw,table,2048,100,AN,False,seconds,0.006729000248014927,,1,,,training_seed_or_data_batch,True
P-A,AN,mc_raw,table,2048,100,AN,False,learned_q_0,0.0028363028342749024,,1,,,training_seed_or_data_batch,True
P-A,AN,mc_raw,table,2048,100,AN,False,learned_q_1,0.3495068919309249,,1,,,training_seed_or_data_batch,True
P-A,AN,mc_raw,table,2048,100,AN,False,candidate_p_0,0.3001445036800375,,1,,,training_seed_or_data_batch,True
P-A,AN,mc_raw,table,2048,100,AN,False,candidate_p_1,0.7144268693653439,,1,,,training_seed_or_data_batch,True
P-A,DA,mc_raw,table,2048,100,,False,source_steps_total,2548.0,,1,,,training_seed_or_data_batch,True
P-A,DA,mc_raw,table,2048,100,,False,actual_return_gain,2.8709478981975636,,1,,,training_seed_or_data_batch,True
P-A,DA,mc_raw,table,2048,100,,False,realized_path_derivative,0.9049030561492681,,1,,,training_seed_or_data_batch,True
P-A,DA,mc_raw,table,2048,100,,False,old_new_kl,0.5540464163956104,,1,,,training_seed_or_data_batch,True
P-A,DA,mc_raw,table,2048,100,,False,candidate_p_0,0.8712643516449539,,1,,,training_seed_or_data_batch,True
P-A,DA,mc_raw,table,2048,100,,False,candidate_p_1,0.9541024344665147,,1,,,training_seed_or_data_batch,True
P-A,AN,mc_raw,table,2048,1000,AN,False,source_steps_total,2548.0,,1,,,training_seed_or_data_batch,True
P-A,AN,mc_raw,table,2048,1000,AN,False,eta,0.1,,1,,,training_seed_or_data_batch,True
P-A,AN,mc_raw,table,2048,1000,AN,False,ideal_return_gain,0.02624840661190414,,1,,,training_seed_or_data_batch,True
P-A,AN,mc_raw,table,2048,1000,AN,False,actual_return_gain,0.02624840661190414,,1,,,training_seed_or_data_batch,True
P-A,AN,mc_raw,table,2048,1000,AN,False,learned_direction_derivative,0.25388684134834383,,1,,,training_seed_or_data_batch,True
P-A,AN,mc_raw,table,2048,1000,AN,False,projected_direction_derivative,0.25388684134834383,,1,,,training_seed_or_data_batch,True
P-A,AN,mc_raw,table,2048,1000,AN,False,realized_path_derivative,0.2538868413483436,,1,,,training_seed_or_data_batch,True
P-A,AN,mc_raw,table,2048,1000,AN,False,forward_kl_training,0.0,,1,,,training_seed_or_data_batch,True
P-A,AN,mc_raw,table,2048,1000,AN,False,forward_kl_validation,0.0,,1,,,training_seed_or_data_batch,True
P-A,AN,mc_raw,table,2048,1000,AN,False,forward_kl_exact,0.0,,1,,,training_seed_or_data_batch,True
P-A,AN,mc_raw,table,2048,1000,AN,False,old_new_kl,0.00030494372230922926,,1,,,training_seed_or_data_batch,True
P-A,AN,mc_raw,table,2048,1000,AN,False,direction_realization_residual,4.9583197622226844e-31,,1,,,training_seed_or_data_batch,True
P-A,AN,mc_raw,table,2048,1000,AN,False,seconds,0.0617492999881506,,1,,,training_seed_or_data_batch,True
P-A,AN,mc_raw,table,2048,1000,AN,False,learned_q_0,0.0028363028342749024,,1,,,training_seed_or_data_batch,True
P-A,AN,mc_raw,table,2048,1000,AN,False,learned_q_1,0.3495068919309249,,1,,,training_seed_or_data_batch,True
P-A,AN,mc_raw,table,2048,1000,AN,False,candidate_p_0,0.300119138232329,,1,,,training_seed_or_data_batch,True
P-A,AN,mc_raw,table,2048,1000,AN,False,candidate_p_1,0.7144710877557197,,1,,,training_seed_or_data_batch,True
P-A,DA,mc_raw,table,2048,1000,,False,source_steps_total,2548.0,,1,,,training_seed_or_data_batch,True
P-A,DA,mc_raw,table,2048,1000,,False,actual_return_gain,4.003070306030303,,1,,,training_seed_or_data_batch,True
P-A,DA,mc_raw,table,2048,1000,,False,realized_path_derivative,2.294086050972295,,1,,,training_seed_or_data_batch,True
P-A,DA,mc_raw,table,2048,1000,,False,old_new_kl,2.1718173386889035,,1,,,training_seed_or_data_batch,True
P-A,DA,mc_raw,table,2048,1000,,False,candidate_p_0,0.996969928051375,,1,,,training_seed_or_data_batch,True
P-A,DA,mc_raw,table,2048,1000,,False,candidate_p_1,0.9983917914226913,,1,,,training_seed_or_data_batch,True
P-A,AN,mc_raw,shared_offset,2048,1,AN,False,source_steps_total,2548.0,,1,,,training_seed_or_data_batch,True
P-A,AN,mc_raw,shared_offset,2048,1,AN,False,eta,0.1,,1,,,training_seed_or_data_batch,True
P-A,AN,mc_raw,shared_offset,2048,1,AN,False,ideal_return_gain,0.02624840661190414,,1,,,training_seed_or_data_batch,True
P-A,AN,mc_raw,shared_offset,2048,1,AN,False,actual_return_gain,0.012670926588024545,,1,,,training_seed_or_data_batch,True
P-A,AN,mc_raw,shared_offset,2048,1,AN,False,learned_direction_derivative,0.25388684134834383,,1,,,training_seed_or_data_batch,True
P-A,AN,mc_raw,shared_offset,2048,1,AN,False,projected_direction_derivative,0.1700202924340823,,1,,,training_seed_or_data_batch,True
P-A,AN,mc_raw,shared_offset,2048,1,AN,False,realized_path_derivative,0.12095986295541442,,1,,,training_seed_or_data_batch,True
P-A,AN,mc_raw,shared_offset,2048,1,AN,False,forward_kl_training,0.00013500764124083574,,1,,,training_seed_or_data_batch,True
P-A,AN,mc_raw,shared_offset,2048,1,AN,False,forward_kl_validation,0.0001353179326566598,,1,,,training_seed_or_data_batch,True
P-A,AN,mc_raw,shared_offset,2048,1,AN,False,forward_kl_exact,0.0001345261060803446,,1,,,training_seed_or_data_batch,True
P-A,AN,mc_raw,shared_offset,2048,1,AN,False,old_new_kl,9.442234855221323e-05,,1,,,training_seed_or_data_batch,True
P-A,AN,mc_raw,shared_offset,2048,1,AN,False,direction_realization_residual,0.02733753299825349,,1,,,training_seed_or_data_batch,True
P-A,AN,mc_raw,shared_offset,2048,1,AN,False,seconds,0.0002615000121295452,,1,,,training_seed_or_data_batch,True
P-A,AN,mc_raw,shared_offset,2048,1,AN,False,learned_q_0,0.0028363028342749024,,1,,,training_seed_or_data_batch,True
P-A,AN,mc_raw,shared_offset,2048,1,AN,False,learned_q_1,0.3495068919309249,,1,,,training_seed_or_data_batch,True
P-A,AN,mc_raw,shared_offset,2048,1,AN,False,candidate_p_0,0.30633754276828823,,1,,,training_seed_or_data_batch,True
P-A,AN,mc_raw,shared_offset,2048,1,AN,False,candidate_p_1,0.7062619515572275,,1,,,training_seed_or_data_batch,True
P-A,DA,mc_raw,shared_offset,2048,1,,False,source_steps_total,2548.0,,1,,,training_seed_or_data_batch,True
P-A,DA,mc_raw,shared_offset,2048,1,,False,actual_return_gain,0.012670940116280727,,1,,,training_seed_or_data_batch,True
P-A,DA,mc_raw,shared_offset,2048,1,,False,realized_path_derivative,0.012095998651341599,,1,,,training_seed_or_data_batch,True
P-A,DA,mc_raw,shared_offset,2048,1,,False,old_new_kl,9.442254137234374e-05,,1,,,training_seed_or_data_batch,True
P-A,DA,mc_raw,shared_offset,2048,1,,False,candidate_p_0,0.30633754928005397,,1,,,training_seed_or_data_batch,True
P-A,DA,mc_raw,shared_offset,2048,1,,False,candidate_p_1,0.706261957914581,,1,,,training_seed_or_data_batch,True
P-A,AN,mc_raw,shared_offset,2048,10,AN,False,source_steps_total,2548.0,,1,,,training_seed_or_data_batch,True
P-A,AN,mc_raw,shared_offset,2048,10,AN,False,eta,0.1,,1,,,training_seed_or_data_batch,True
P-A,AN,mc_raw,shared_offset,2048,10,AN,False,ideal_return_gain,0.02624840661190414,,1,,,training_seed_or_data_batch,True
P-A,AN,mc_raw,shared_offset,2048,10,AN,False,actual_return_gain,0.009770556263462682,,1,,,training_seed_or_data_batch,True
P-A,AN,mc_raw,shared_offset,2048,10,AN,False,learned_direction_derivative,0.25388684134834383,,1,,,training_seed_or_data_batch,True
P-A,AN,mc_raw,shared_offset,2048,10,AN,False,projected_direction_derivative,0.1700202924340823,,1,,,training_seed_or_data_batch,True
P-A,AN,mc_raw,shared_offset,2048,10,AN,False,realized_path_derivative,0.0942147722753849,,1,,,training_seed_or_data_batch,True
P-A,AN,mc_raw,shared_offset,2048,10,AN,False,forward_kl_training,0.00015642890165433918,,1,,,training_seed_or_data_batch,True
P-A,AN,mc_raw,shared_offset,2048,10,AN,False,forward_kl_validation,0.00015715127349857393,,1,,,training_seed_or_data_batch,True
P-A,AN,mc_raw,shared_offset,2048,10,AN,False,forward_kl_exact,0.0001553078669617642,,1,,,training_seed_or_data_batch,True
P-A,AN,mc_raw,shared_offset,2048,10,AN,False,old_new_kl,5.729416953030898e-05,,1,,,training_seed_or_data_batch,True
P-A,AN,mc_raw,shared_offset,2048,10,AN,False,direction_realization_residual,0.03165139598227126,,1,,,training_seed_or_data_batch,True
P-A,AN,mc_raw,shared_offset,2048,10,AN,False,seconds,0.0007209000177681446,,1,,,training_seed_or_data_batch,True
P-A,AN,mc_raw,shared_offset,2048,10,AN,False,learned_q_0,0.0028363028342749024,,1,,,training_seed_or_data_batch,True
P-A,AN,mc_raw,shared_offset,2048,10,AN,False,learned_q_1,0.3495068919309249,,1,,,training_seed_or_data_batch,True
P-A,AN,mc_raw,shared_offset,2048,10,AN,False,candidate_p_0,0.3049298339299786,,1,,,training_seed_or_data_batch,True
P-A,AN,mc_raw,shared_offset,2048,10,AN,False,candidate_p_1,0.7048839726460479,,1,,,training_seed_or_data_batch,True
P-A,DA,mc_raw,shared_offset,2048,10,,False,source_steps_total,2548.0,,1,,,training_seed_or_data_batch,True
P-A,DA,mc_raw,shared_offset,2048,10,,False,actual_return_gain,0.1752369999469524,,1,,,training_seed_or_data_batch,True
P-A,DA,mc_raw,shared_offset,2048,10,,False,realized_path_derivative,0.12041583344812909,,1,,,training_seed_or_data_batch,True
P-A,DA,mc_raw,shared_offset,2048,10,,False,old_new_kl,0.009272984381645564,,1,,,training_seed_or_data_batch,True
P-A,DA,mc_raw,shared_offset,2048,10,,False,candidate_p_0,0.3661782609020628,,1,,,training_seed_or_data_batch,True
P-A,DA,mc_raw,shared_offset,2048,10,,False,candidate_p_1,0.7587700686432018,,1,,,training_seed_or_data_batch,True
P-A,AN,mc_raw,shared_offset,2048,100,AN,False,source_steps_total,2548.0,,1,,,training_seed_or_data_batch,True
P-A,AN,mc_raw,shared_offset,2048,100,AN,False,eta,0.1,,1,,,training_seed_or_data_batch,True
P-A,AN,mc_raw,shared_offset,2048,100,AN,False,ideal_return_gain,0.02624840661190414,,1,,,training_seed_or_data_batch,True
P-A,AN,mc_raw,shared_offset,2048,100,AN,False,actual_return_gain,0.018054223778323164,,1,,,training_seed_or_data_batch,True
P-A,AN,mc_raw,shared_offset,2048,100,AN,False,learned_direction_derivative,0.25388684134834383,,1,,,training_seed_or_data_batch,True
P-A,AN,mc_raw,shared_offset,2048,100,AN,False,projected_direction_derivative,0.1700202924340823,,1,,,training_seed_or_data_batch,True
P-A,AN,mc_raw,shared_offset,2048,100,AN,False,realized_path_derivative,0.16929615352075147,,1,,,training_seed_or_data_batch,True
P-A,AN,mc_raw,shared_offset,2048,100,AN,False,forward_kl_training,0.00011966618621059489,,1,,,training_seed_or_data_batch,True
P-A,AN,mc_raw,shared_offset,2048,100,AN,False,forward_kl_validation,0.00011922915787874566,,1,,,training_seed_or_data_batch,True
P-A,AN,mc_raw,shared_offset,2048,100,AN,False,forward_kl_exact,0.0001203444019045598,,1,,,training_seed_or_data_batch,True
P-A,AN,mc_raw,shared_offset,2048,100,AN,False,old_new_kl,0.00018490103664332082,,1,,,training_seed_or_data_batch,True
P-A,AN,mc_raw,shared_offset,2048,100,AN,False,direction_realization_residual,0.024229065628532317,,1,,,training_seed_or_data_batch,True
P-A,AN,mc_raw,shared_offset,2048,100,AN,False,seconds,0.005825100000947714,,1,,,training_seed_or_data_batch,True
P-A,AN,mc_raw,shared_offset,2048,100,AN,False,learned_q_0,0.0028363028342749024,,1,,,training_seed_or_data_batch,True
P-A,AN,mc_raw,shared_offset,2048,100,AN,False,learned_q_1,0.3495068919309249,,1,,,training_seed_or_data_batch,True
P-A,AN,mc_raw,shared_offset,2048,100,AN,False,candidate_p_0,0.3088908639720257,,1,,,training_seed_or_data_batch,True
P-A,AN,mc_raw,shared_offset,2048,100,AN,False,candidate_p_1,0.7087428047571124,,1,,,training_seed_or_data_batch,True
P-A,DA,mc_raw,shared_offset,2048,100,,False,source_steps_total,2548.0,,1,,,training_seed_or_data_batch,True
P-A,DA,mc_raw,shared_offset,2048,100,,False,actual_return_gain,2.492106700288143,,1,,,training_seed_or_data_batch,True
P-A,DA,mc_raw,shared_offset,2048,100,,False,realized_path_derivative,0.883496424830499,,1,,,training_seed_or_data_batch,True
P-A,DA,mc_raw,shared_offset,2048,100,,False,old_new_kl,0.4331454724570137,,1,,,training_seed_or_data_batch,True
P-A,DA,mc_raw,shared_offset,2048,100,,False,candidate_p_0,0.7931327801926853,,1,,,training_seed_or_data_batch,True
P-A,DA,mc_raw,shared_offset,2048,100,,False,candidate_p_1,0.9542838366840158,,1,,,training_seed_or_data_batch,True
P-A,AN,mc_raw,shared_offset,2048,1000,AN,False,source_steps_total,2548.0,,1,,,training_seed_or_data_batch,True
P-A,AN,mc_raw,shared_offset,2048,1000,AN,False,eta,0.1,,1,,,training_seed_or_data_batch,True
P-A,AN,mc_raw,shared_offset,2048,1000,AN,False,ideal_return_gain,0.02624840661190414,,1,,,training_seed_or_data_batch,True
P-A,AN,mc_raw,shared_offset,2048,1000,AN,False,actual_return_gain,0.018109405828717118,,1,,,training_seed_or_data_batch,True
P-A,AN,mc_raw,shared_offset,2048,1000,AN,False,learned_direction_derivative,0.25388684134834383,,1,,,training_seed_or_data_batch,True
P-A,AN,mc_raw,shared_offset,2048,1000,AN,False,projected_direction_derivative,0.1700202924340823,,1,,,training_seed_or_data_batch,True
P-A,AN,mc_raw,shared_offset,2048,1000,AN,False,realized_path_derivative,0.1697833244624887,,1,,,training_seed_or_data_batch,True
P-A,AN,mc_raw,shared_offset,2048,1000,AN,False,forward_kl_training,0.00011966465917475253,,1,,,training_seed_or_data_batch,True
P-A,AN,mc_raw,shared_offset,2048,1000,AN,False,forward_kl_validation,0.00011922007862940232,,1,,,training_seed_or_data_batch,True
P-A,AN,mc_raw,shared_offset,2048,1000,AN,False,forward_kl_exact,0.00012035459500067976,,1,,,training_seed_or_data_batch,True
P-A,AN,mc_raw,shared_offset,2048,1000,AN,False,old_new_kl,0.00018596607903102955,,1,,,training_seed_or_data_batch,True
P-A,AN,mc_raw,shared_offset,2048,1000,AN,False,direction_realization_residual,0.024228460801334332,,1,,,training_seed_or_data_batch,True
P-A,AN,mc_raw,shared_offset,2048,1000,AN,False,seconds,0.055241200141608715,,1,,,training_seed_or_data_batch,True
P-A,AN,mc_raw,shared_offset,2048,1000,AN,False,learned_q_0,0.0028363028342749024,,1,,,training_seed_or_data_batch,True
P-A,AN,mc_raw,shared_offset,2048,1000,AN,False,learned_q_1,0.3495068919309249,,1,,,training_seed_or_data_batch,True
P-A,AN,mc_raw,shared_offset,2048,1000,AN,False,candidate_p_0,0.30891665820262015,,1,,,training_seed_or_data_batch,True
P-A,AN,mc_raw,shared_offset,2048,1000,AN,False,candidate_p_1,0.7087677458353416,,1,,,training_seed_or_data_batch,True
P-A,DA,mc_raw,shared_offset,2048,1000,,False,source_steps_total,2548.0,,1,,,training_seed_or_data_batch,True
P-A,DA,mc_raw,shared_offset,2048,1000,,False,actual_return_gain,3.969802092311249,,1,,,training_seed_or_data_batch,True
P-A,DA,mc_raw,shared_offset,2048,1000,,False,realized_path_derivative,2.25683035186246,,1,,,training_seed_or_data_batch,True
P-A,DA,mc_raw,shared_offset,2048,1000,,False,old_new_kl,1.8835612522022895,,1,,,training_seed_or_data_batch,True
P-A,DA,mc_raw,shared_offset,2048,1000,,False,candidate_p_0,0.9914225115186857,,1,,,training_seed_or_data_batch,True
P-A,DA,mc_raw,shared_offset,2048,1000,,False,candidate_p_1,0.9984134337452484,,1,,,training_seed_or_data_batch,True
