seed,method,sample_episodes,requested_kl,dataset_sha256,q_0,q_1,reachable,eta,actual_kl,candidate_p_0,candidate_p_1,return_gain,normalized_derivative
1000,AN,2048,0.0001,e81afc630eeb7b22822342c9089cca27df0635ad66839c19bf4cc1b03d781509,0.025098154207281936,0.3814397540873379,True,0.05228892966457894,0.00010000000000000121,0.30055147853820724,0.7083095365496257,0.014898454215439949,0.06971440777042537
1000,AN,2048,0.0003,e81afc630eeb7b22822342c9089cca27df0635ad66839c19bf4cc1b03d781509,0.025098154207281936,0.3814397540873379,True,0.09074820236073323,0.0003000000000000278,0.3009574678389044,0.7143340939701354,0.026244384324418446,0.06971440777042537
1000,AN,2048,0.001,e81afc630eeb7b22822342c9089cca27df0635ad66839c19bf4cc1b03d781509,0.025098154207281936,0.3814397540873379,True,0.1663467858125444,0.0010000000000000159,0.3017564218759993,0.7259559373414652,0.04942769185238527,0.06971440777042537
1000,SA,2048,0.0001,e81afc630eeb7b22822342c9089cca27df0635ad66839c19bf4cc1b03d781509,0.02528541146045822,0.3759454320384219,True,0.05304966156309859,0.00010000000000000568,0.3005636827661981,0.7083089999753465,0.014900630222551448,0.06872129308409407
1000,SA,2048,0.0003,e81afc630eeb7b22822342c9089cca27df0635ad66839c19bf4cc1b03d781509,0.02528541146045822,0.3759454320384219,True,0.09206842498910663,0.0003000000000000024,0.3009786645232574,0.7143331682744385,0.026249133190118845,0.06872129308409407
1000,SA,2048,0.001,e81afc630eeb7b22822342c9089cca27df0635ad66839c19bf4cc1b03d781509,0.02528541146045822,0.3759454320384219,True,0.16876668728608282,0.00100000000000001,0.30179533437373657,0.7259542614713079,0.049439853642603726,0.06872129308409407
1000,DA,2048,0.0001,e81afc630eeb7b22822342c9089cca27df0635ad66839c19bf4cc1b03d781509,1.379764191839305,1.09353055910852,True,0.012684287798168721,0.00010000000000003097,0.30740161652423625,0.7057931621525929,0.012094560130617493,0.22622623075213005
1000,DA,2048,0.0003,e81afc630eeb7b22822342c9089cca27df0635ad66839c19bf4cc1b03d781509,1.379764191839305,1.09353055910852,True,0.021965426489825288,0.0003000000000000152,0.3128811988673531,0.7099904345243097,0.02172465813586605,0.22622623075213005
1000,DA,2048,0.001,e81afc630eeb7b22822342c9089cca27df0635ad66839c19bf4cc1b03d781509,1.379764191839305,1.09353055910852,True,0.04008889706606287,0.0010000000000000148,0.32373244291796355,0.7180834592454274,0.0424262833162285,0.22622623075213005
1001,AN,2048,0.0001,26ce3980071b40e3e715bbd00fa28a3732d226eff3a9fd18ae2c0888efc92723,0.03203113943622061,0.39824811905859925,True,0.05004615025533709,0.00010000000000002932,0.3006737062040007,0.708303631158768,0.01491930535538416,0.07290388649302643
1001,AN,2048,0.0003,26ce3980071b40e3e715bbd00fa28a3732d226eff3a9fd18ae2c0888efc92723,0.03203113943622061,0.39824811905859925,True,0.08685542176047802,0.0003000000000000147,0.3011697715529313,0.7143239056530832,0.026290295691451138,0.07290388649302643
1001,AN,2048,0.001,26ce3980071b40e3e715bbd00fa28a3732d226eff3a9fd18ae2c0888efc92723,0.03203113943622061,0.39824811905859925,True,0.15920958551947864,0.0010000000000000135,0.30214621845434403,0.7259374912316653,0.04954643725250463,0.07290388649302643
1001,SA,2048,0.0001,26ce3980071b40e3e715bbd00fa28a3732d226eff3a9fd18ae2c0888efc92723,0.033356456380172095,0.4019992800733024,True,0.04957225138366524,0.00010000000000001548,0.3006949519722319,0.7083024841281199,0.014922715959986232,0.0736112155371242
1001,SA,2048,0.0003,26ce3980071b40e3e715bbd00fa28a3732d226eff3a9fd18ae2c0888efc92723,0.033356456380172095,0.4019992800733024,True,0.08603288889519713,0.00030000000000002757,0.3012066778024322,0.714321926645408,0.02629790158450407,0.0736112155371242
1001,SA,2048,0.001,26ce3980071b40e3e715bbd00fa28a3732d226eff3a9fd18ae2c0888efc92723,0.033356456380172095,0.4019992800733024,True,0.15770155732749336,0.0010000000000000172,0.3022139914896276,0.7259339079051618,0.049566383010514026,0.0736112155371242
1001,DA,2048,0.0001,26ce3980071b40e3e715bbd00fa28a3732d226eff3a9fd18ae2c0888efc92723,1.379764722098428,1.0935305642430917,True,0.012684285244328944,0.00010000000000002124,0.3074016178877967,0.7057931610198362,0.012094558407370337,0.22622624237377065
1001,DA,2048,0.0003,26ce3980071b40e3e715bbd00fa28a3732d226eff3a9fd18ae2c0888efc92723,1.379764722098428,1.0935305642430917,True,0.02196542204834675,0.00030000000000002453,0.3128812012404488,0.7099904325706472,0.02172465513604316,0.22622624237377065
1001,DA,2048,0.001,26ce3980071b40e3e715bbd00fa28a3732d226eff3a9fd18ae2c0888efc92723,1.379764722098428,1.0935305642430917,True,0.04008888889273988,0.0010000000000000148,0.32373244728790673,0.7180834557100466,0.042426277803141454,0.22622624237377065
1002,AN,2048,0.0001,0bfd590baad43a6530efea83e5d70fd21a165528b1ca88576a8c1d82312ed156,0.10455505215605684,0.4022026021299644,True,0.04856967518762059,0.00010000000000000339,0.3021371688888654,0.7081399960438212,0.015003202767590318,0.0750834699819268
1002,AN,2048,0.0003,0bfd590baad43a6530efea83e5d70fd21a165528b1ca88576a8c1d82312ed156,0.10455505215605684,0.4022026021299644,True,0.08428129133949636,0.00030000000000000876,0.3037140498215608,0.7140414553360274,0.026548218371747756,0.0750834699819268
1002,AN,2048,0.001,0bfd590baad43a6530efea83e5d70fd21a165528b1ca88576a8c1d82312ed156,0.10455505215605684,0.4022026021299644,True,0.15444766981563898,0.0010000000000000206,0.3068257758778339,0.7254256229358266,0.05042178272964115,0.0750834699819268
1002,SA,2048,0.0001,0bfd590baad43a6530efea83e5d70fd21a165528b1ca88576a8c1d82312ed156,0.10095872530110533,0.4105860165039208,True,0.04768735871082763,0.0001000000000000039,0.30202595697659473,0.7081585606925557,0.015007823806834297,0.07653205473654164
1002,SA,2048,0.0003,0bfd590baad43a6530efea83e5d70fd21a165528b1ca88576a8c1d82312ed156,0.10095872530110533,0.4105860165039208,True,0.08275158798503116,0.0003000000000000096,0.3035205709606713,0.7140735074919113,0.026548065981140623,0.07653205473654164
1002,SA,2048,0.001,0bfd590baad43a6530efea83e5d70fd21a165528b1ca88576a8c1d82312ed156,0.10095872530110533,0.4105860165039208,True,0.15164945086771756,0.0010000000000000208,0.30646945513078977,0.7254837365118015,0.050392011928589,0.07653205473654164
1002,DA,2048,0.0001,0bfd590baad43a6530efea83e5d70fd21a165528b1ca88576a8c1d82312ed156,1.3797659159719848,1.0935305642350561,True,0.012684279559059998,0.00010000000000002959,0.30740162099583573,0.7057931584378777,0.01209455447947122,0.22622626644080363
1002,DA,2048,0.0003,0bfd590baad43a6530efea83e5d70fd21a165528b1ca88576a8c1d82312ed156,1.3797659159719848,1.0935305642350561,True,0.021965412159875825,0.00030000000000001553,0.31288120664957997,0.7099904281175521,0.02172464829837356,0.22622626644080363
1002,DA,2048,0.001,0bfd590baad43a6530efea83e5d70fd21a165528b1ca88576a8c1d82312ed156,1.3797659159719848,1.0935305642350561,True,0.04008887069215848,0.0010000000000000037,0.32373245724856353,0.7180834476516489,0.04242626523684018,0.22622626644080363
1003,AN,2048,0.0001,0735c7b2e4b33120b08c662164a498819bd1333ac22bd4191ec0376957a90d33,0.0795238673569722,0.3664918966571078,True,0.053657500851932105,0.00010000000000001735,0.30179521504657403,0.7081938076759521,0.015011519070281143,0.06809949089538217
1003,AN,2048,0.0003,0735c7b2e4b33120b08c662164a498819bd1333ac22bd4191ec0376957a90d33,0.0795238673569722,0.3664918966571078,True,0.09311439676995677,0.0003000000000000183,0.3031192049607217,0.71413435805246,0.02653729421007922,0.06809949089538217
1003,AN,2048,0.001,0735c7b2e4b33120b08c662164a498819bd1333ac22bd4191ec0376957a90d33,0.0795238673569722,0.3664918966571078,True,0.17065078791549185,0.0010000000000000189,0.3057304956651609,0.7255940505731544,0.05031036002711681,0.06809949089538217
1003,SA,2048,0.0001,0735c7b2e4b33120b08c662164a498819bd1333ac22bd4191ec0376957a90d33,0.0787315940363513,0.36766985555059406,True,0.05350704253215117,0.00010000000000002317,0.3017723077877412,0.708197067587754,0.015011455421983455,0.06829724752687259
1003,SA,2048,0.0003,0735c7b2e4b33120b08c662164a498819bd1333ac22bd4191ec0376957a90d33,0.0787315940363513,0.36766985555059406,True,0.09285356078959921,0.0003000000000000176,0.30307936354684595,0.714139985686198,0.02653546174128374,0.06829724752687259
1003,SA,2048,0.001,0735c7b2e4b33120b08c662164a498819bd1333ac22bd4191ec0376957a90d33,0.0787315940363513,0.36766985555059406,True,0.1701737236149174,0.0010000000000000234,0.3056571598434143,0.7256042516994252,0.05030080566505718,0.06829724752687259
1003,DA,2048,0.0001,0735c7b2e4b33120b08c662164a498819bd1333ac22bd4191ec0376957a90d33,1.379765758723534,1.093530553812275,True,0.012684280366161432,0.00010000000000004172,0.30740162062070747,0.7057931587495111,0.012094554953555214,0.22622626137956545
1003,DA,2048,0.0003,0735c7b2e4b33120b08c662164a498819bd1333ac22bd4191ec0376957a90d33,1.379765758723534,1.093530553812275,True,0.021965413562756584,0.0003000000000000384,0.3128812059967173,0.7099904286550243,0.021724649123655015,0.22622626137956545
1003,DA,2048,0.001,0735c7b2e4b33120b08c662164a498819bd1333ac22bd4191ec0376957a90d33,1.379765758723534,1.093530553812275,True,0.04008887327103761,0.0010000000000000176,0.32373245604634854,0.7180834486242682,0.04242626675354699,0.22622626137956545
1004,AN,2048,0.0001,fb004b762a4400d05c6bfb8031ac465bfe1f1e5a7a61da245e76721c69e19d85,0.04125554941369926,0.3321067100165756,True,0.05983389633835221,0.0001000000000000183,0.30103778430429534,0.7082790246904036,0.014968955066489043,0.06108915334158762
1004,AN,2048,0.0003,fb004b762a4400d05c6bfb8031ac465bfe1f1e5a7a61da245e76721c69e19d85,0.04125554941369926,0.3321067100165756,True,0.10384005871168234,0.00030000000000001396,0.3018023485059737,0.7142814467250364,0.026405199209596664,0.06108915334158762
1004,AN,2048,0.001,fb004b762a4400d05c6bfb8031ac465bfe1f1e5a7a61da245e76721c69e19d85,0.04125554941369926,0.3321067100165756,True,0.1903354613577845,0.0010000000000000189,0.3033083288166891,0.7258605958010406,0.04985951069080369,0.06108915334158762
1004,SA,2048,0.0001,fb004b762a4400d05c6bfb8031ac465bfe1f1e5a7a61da245e76721c69e19d85,0.041422558208420765,0.3302907269823446,True,0.0601569290687001,0.0001000000000000112,0.30104762067503726,0.7082782136550684,0.014970036244934815,0.06076302827715833
1004,SA,2048,0.0003,fb004b762a4400d05c6bfb8031ac465bfe1f1e5a7a61da245e76721c69e19d85,0.041422558208420765,0.3302907269823446,True,0.10440060369549449,0.00030000000000001174,0.30181944279423906,0.714280047128933,0.026407846422374037,0.06076302827715833
1004,SA,2048,0.001,fb004b762a4400d05c6bfb8031ac465bfe1f1e5a7a61da245e76721c69e19d85,0.041422558208420765,0.3302907269823446,True,0.19136266435570884,0.0010000000000000044,0.3033397464235391,0.7258580605626946,0.04986711623616913,0.06076302827715833
1004,DA,2048,0.0001,fb004b762a4400d05c6bfb8031ac465bfe1f1e5a7a61da245e76721c69e19d85,1.3797651226462413,1.0935305417773777,True,0.012684283462490896,0.00010000000000001311,0.3074016190043366,0.7057931600922857,0.012094556996299577,0.22622624637263544
1004,DA,2048,0.0003,fb004b762a4400d05c6bfb8031ac465bfe1f1e5a7a61da245e76721c69e19d85,1.3797651226462413,1.0935305417773777,True,0.02196541894718865,0.00030000000000001965,0.31288120318364,0.7099904309709048,0.02172465267965934,0.22622624637263544
1004,DA,2048,0.001,fb004b762a4400d05c6bfb8031ac465bfe1f1e5a7a61da245e76721c69e19d85,1.3797651226462413,1.0935305417773777,True,0.04008888317780099,0.001000000000000005,0.32373245086620106,0.7180834528151256,0.04242627328878912,0.22622624637263544
1005,AN,2048,0.0001,ce79a571defd4042d2d7277a1ffcf90969152f836dd64d5c28c39640133309ef,0.08992821306906235,0.35238992386693113,True,0.0554791569167406,0.00010000000000000234,0.3020996120903757,0.7081463807482142,0.015004971314436066,0.06575058056188825
1005,AN,2048,0.0003,ce79a571defd4042d2d7277a1ffcf90969152f836dd64d5c28c39640133309ef,0.08992821306906235,0.35238992386693113,True,0.09627161925400837,0.0003000000000000044,0.3036487089389786,0.7140524787720318,0.026548536300502135,0.06575058056188825
1005,AN,2048,0.001,ce79a571defd4042d2d7277a1ffcf90969152f836dd64d5c28c39640133309ef,0.08992821306906235,0.35238992386693113,True,0.17642226432432903,0.0010000000000000393,0.3067054333628615,0.725445609969344,0.0504124326253772,0.06575058056188825
1005,SA,2048,0.0001,ce79a571defd4042d2d7277a1ffcf90969152f836dd64d5c28c39640133309ef,0.09047111241045377,0.35069022389447174,True,0.055722371386919704,0.0001000000000000157,0.3021215914977139,0.7081426585224091,0.015003962107611957,0.06545313184960766
1005,SA,2048,0.0003,ce79a571defd4042d2d7277a1ffcf90969152f836dd64d5c28c39640133309ef,0.09047111241045377,0.35069022389447174,True,0.09669334654383696,0.0003000000000000193,0.30368694819497394,0.714046052224769,0.026548396072963998,0.06545313184960766
1005,SA,2048,0.001,ce79a571defd4042d2d7277a1ffcf90969152f836dd64d5c28c39640133309ef,0.09047111241045377,0.35069022389447174,True,0.177193925746008,0.0010000000000000174,0.3067758601670615,0.7254339578013598,0.05041799194973429,0.06545313184960766
1005,DA,2048,0.0001,ce79a571defd4042d2d7277a1ffcf90969152f836dd64d5c28c39640133309ef,1.3797658325822293,1.0935305500238877,True,0.012684280035620613,0.00010000000000002559,0.30740162082542727,0.7057931585794426,0.012094554694832116,0.2262262621811917
1005,DA,2048,0.0003,ce79a571defd4042d2d7277a1ffcf90969152f836dd64d5c28c39640133309ef,1.3797658325822293,1.0935305500238877,True,0.021965412987508037,0.00030000000000000165,0.3128812063530053,0.7099904283617077,0.021724648673270897,0.2262262621811917
1005,DA,2048,0.001,ce79a571defd4042d2d7277a1ffcf90969152f836dd64d5c28c39640133309ef,1.3797658325822293,1.0935305500238877,True,0.04008887221106534,0.001000000000000003,0.3237324567024365,0.718083448093478,0.04242626592583043,0.2262262621811917
1006,AN,2048,0.0001,3b2432aae04dce19372892061f1d557061107d691a1b108a80b04b40635a7aa8,0.051847859075453105,0.35922800750681183,True,0.05521732606248127,0.00010000000000001535,0.3012037933060578,0.708264301386553,0.014985355797591082,0.06622358252099704
1006,AN,2048,0.0003,3b2432aae04dce19372892061f1d557061107d691a1b108a80b04b40635a7aa8,0.051847859075453105,0.35922800750681183,True,0.09582696720886477,0.00030000000000002334,0.3020908758361792,0.7142560377497925,0.02644662687453625,0.06622358252099704
1006,AN,2048,0.001,3b2432aae04dce19372892061f1d557061107d691a1b108a80b04b40635a7aa8,0.051847859075453105,0.35922800750681183,True,0.17564340187681335,0.00100000000000001,0.3038387055374353,0.7258145658814439,0.049981787322057825,0.06622358252099704
1006,SA,2048,0.0001,3b2432aae04dce19372892061f1d557061107d691a1b108a80b04b40635a7aa8,0.05342171223925166,0.3711228995466214,True,0.05344951982889484,0.00010000000000000884,0.3012006212661857,0.7082646033732228,0.014985079280834979,0.06841352061248226
1006,SA,2048,0.0003,3b2432aae04dce19372892061f1d557061107d691a1b108a80b04b40635a7aa8,0.05342171223925166,0.3711228995466214,True,0.09275904922887342,0.00030000000000000496,0.3020853622475396,0.7142565589302063,0.026445900197556105,0.06841352061248226
1006,SA,2048,0.001,3b2432aae04dce19372892061f1d557061107d691a1b108a80b04b40635a7aa8,0.05342171223925166,0.3711228995466214,True,0.17002023240452158,0.0010000000000000074,0.3038285685357825,0.7258155101101196,0.04997957252052154,0.06841352061248226
1006,DA,2048,0.0001,3b2432aae04dce19372892061f1d557061107d691a1b108a80b04b40635a7aa8,1.3797653997386532,1.0935305518293352,True,0.01268428208675968,0.00010000000000001745,0.307401619692675,0.7057931595204605,0.012094556126390266,0.22622625378264563
1006,DA,2048,0.0003,3b2432aae04dce19372892061f1d557061107d691a1b108a80b04b40635a7aa8,1.3797653997386532,1.0935305518293352,True,0.021965416555243412,0.0003000000000000367,0.3128812043816,0.7099904299846781,0.021724651165321185,0.22622625378264563
1006,DA,2048,0.001,3b2432aae04dce19372892061f1d557061107d691a1b108a80b04b40635a7aa8,1.3797653997386532,1.0935305518293352,True,0.04008887877834877,0.0010000000000000397,0.32373245307218695,0.7180834510304327,0.042426270505730834,0.22622625378264563
1007,AN,2048,0.0001,e025769c31a31543037df75b93b84942a3877aa5311a99dba0fbcafc396085c4,0.1065406462299904,0.3658276334238439,True,0.05310505307978755,0.00010000000000002107,0.30238166021684126,0.7080955360780044,0.014986460052007933,0.06852362523641879
1007,AN,2048,0.0003,e025769c31a31543037df75b93b84942a3877aa5311a99dba0fbcafc396085c4,0.1065406462299904,0.3658276334238439,True,0.09214774276848098,0.00030000000000001033,0.304139464279397,0.7139646898191152,0.026536852176228976,0.06852362523641879
1007,AN,2048,0.001,e025769c31a31543037df75b93b84942a3877aa5311a99dba0fbcafc396085c4,0.1065406462299904,0.3658276334238439,True,0.16884969384726703,0.0010000000000000165,0.3076094642193243,0.7252864233705293,0.05046490919512492,0.06852362523641879
1007,SA,2048,0.0001,e025769c31a31543037df75b93b84942a3877aa5311a99dba0fbcafc396085c4,0.11057386382067425,0.37900583011437144,True,0.05125366306710394,0.00010000000000000095,0.30238565509828785,0.7080947676742382,0.014986110662066232,0.0709959869105763
1007,SA,2048,0.0003,e025769c31a31543037df75b93b84942a3877aa5311a99dba0fbcafc396085c4,0.11057386382067425,0.37900583011437144,True,0.08893515490653171,0.0003000000000000124,0.3041464160799611,0.7139633630258629,0.026536531569758992,0.0709959869105763
1007,SA,2048,0.001,e025769c31a31543037df75b93b84942a3877aa5311a99dba0fbcafc396085c4,0.11057386382067425,0.37900583011437144,True,0.16296278603247175,0.0010000000000000057,0.3076222730881342,0.7252840173062157,0.05046535605612118,0.0709959869105763
1007,DA,2048,0.0001,e025769c31a31543037df75b93b84942a3877aa5311a99dba0fbcafc396085c4,1.3797659276852305,1.0935305541926121,True,0.012684279559426173,0.00010000000000000755,0.3074016210593155,0.7057931583851428,0.012094554399246227,0.2262262648548416
1007,DA,2048,0.0003,e025769c31a31543037df75b93b84942a3877aa5311a99dba0fbcafc396085c4,1.3797659276852305,1.0935305541926121,True,0.021965412159625445,0.00030000000000002144,0.3128812067600576,0.7099904280266001,0.021724648158717608,0.2262262648548416
1007,DA,2048,0.001,e025769c31a31543037df75b93b84942a3877aa5311a99dba0fbcafc396085c4,1.3797659276852305,1.0935305541926121,True,0.04008887068857276,0.0010000000000000148,0.32373245745200324,0.7180834474870609,0.04242626498018054,0.2262262648548416
1008,AN,2048,0.0001,860b4770a5bbbc606cbda9fc04fae0741e64ba8d19b6a91d9a9bb02d1eb80990,0.08312098086777872,0.37654848437979294,True,0.05219645273100446,0.0001000000000000032,0.30182537694012873,0.7081894496713296,0.015011484776182138,0.06999667598016401
1008,AN,2048,0.0003,860b4770a5bbbc606cbda9fc04fae0741e64ba8d19b6a91d9a9bb02d1eb80990,0.08312098086777872,0.37654848437979294,True,0.0905786294056522,0.0003000000000000082,0.3031716653378419,0.714126834681626,0.026539497799436373,0.06999667598016401
1008,AN,2048,0.001,860b4770a5bbbc606cbda9fc04fae0741e64ba8d19b6a91d9a9bb02d1eb80990,0.08312098086777872,0.37654848437979294,True,0.16600221939187895,0.0010000000000000109,0.3058270638160875,0.7255804127796314,0.05032254359999372,0.06999667598016401
1008,SA,2048,0.0001,860b4770a5bbbc606cbda9fc04fae0741e64ba8d19b6a91d9a9bb02d1eb80990,0.08410004626226812,0.37734374289661077,True,0.052070420359940944,0.00010000000000000356,0.30184244794609605,0.7081869500008519,0.015011405790258892,0.07016070564380834
1008,SA,2048,0.0003,860b4770a5bbbc606cbda9fc04fae0741e64ba8d19b6a91d9a9bb02d1eb80990,0.08410004626226812,0.37734374289661077,True,0.09035972460315994,0.00030000000000002643,0.3032013574989993,0.7141225193739226,0.026540639423659085,0.07016070564380834
1008,SA,2048,0.001,860b4770a5bbbc606cbda9fc04fae0741e64ba8d19b6a91d9a9bb02d1eb80990,0.08410004626226812,0.37734374289661077,True,0.16560030972126563,0.0010000000000000378,0.30588172297481936,0.7255725901707261,0.05032923905278025,0.07016070564380834
1008,DA,2048,0.0001,860b4770a5bbbc606cbda9fc04fae0741e64ba8d19b6a91d9a9bb02d1eb80990,1.3797657830036587,1.0935305572342142,True,0.012684280231405168,0.00010000000000000095,0.30740162067267507,0.7057931587063387,0.012094554887877362,0.22622626248992941
1008,DA,2048,0.0003,860b4770a5bbbc606cbda9fc04fae0741e64ba8d19b6a91d9a9bb02d1eb80990,1.3797657830036587,1.0935305572342142,True,0.02196541332867727,0.00030000000000001835,0.3128812060871614,0.7099904285805658,0.021724649009325026,0.22622626248992941
1008,DA,2048,0.001,860b4770a5bbbc606cbda9fc04fae0741e64ba8d19b6a91d9a9bb02d1eb80990,1.3797657830036587,1.0935305572342142,True,0.04008887284125887,0.0010000000000000078,0.32373245621289665,0.7180834484895267,0.04242626654343035,0.22622626248992941
1009,AN,2048,0.0001,a33b745c50bed3f6f504facdd2f8284920a175e607ff1fdfce43976fe3479492,0.09039327694734445,0.35085643893094515,True,0.05569915740897068,0.00010000000000002784,0.3021188777027196,0.7081431202883702,0.015004090652598223,0.06548172074288912
1009,AN,2048,0.0003,a33b745c50bed3f6f504facdd2f8284920a175e607ff1fdfce43976fe3479492,0.09039327694734445,0.35085643893094515,True,0.09665310333580975,0.000300000000000019,0.3036822267581662,0.7140468494818525,0.026548420382526916,0.06548172074288912
1009,AN,2048,0.001,a33b745c50bed3f6f504facdd2f8284920a175e607ff1fdfce43976fe3479492,0.09039327694734445,0.35085643893094515,True,0.17712032427178334,0.0010000000000000217,0.3067671643660073,0.7254354033419227,0.05041731887186057,0.06548172074288912
1009,SA,2048,0.0001,a33b745c50bed3f6f504facdd2f8284920a175e607ff1fdfce43976fe3479492,0.087582396207805,0.3487027748130672,True,0.05610271199264887,0.00010000000000002453,0.30206776361153953,0.7081517027950173,0.015006304687670668,0.06503429256963224
1009,SA,2048,0.0003,a33b745c50bed3f6f504facdd2f8284920a175e607ff1fdfce43976fe3479492,0.087582396207805,0.3487027748130672,True,0.09735411448180362,0.00030000000000002784,0.3035933010265336,0.7140616673752784,0.026548510413062498,0.06503429256963224
1009,SA,2048,0.001,a33b745c50bed3f6f504facdd2f8284920a175e607ff1fdfce43976fe3479492,0.087582396207805,0.3487027748130672,True,0.17840767497842078,0.001,0.3066033908766838,0.7254622697944036,0.050403940659611735,0.06503429256963224
1009,DA,2048,0.0001,a33b745c50bed3f6f504facdd2f8284920a175e607ff1fdfce43976fe3479492,1.3797658378827564,1.0935305492343692,True,0.012684280014791733,0.00010000000000001466,0.3074016208418186,0.7057931585658244,0.012094554674114466,0.22622626214480013
1009,DA,2048,0.0003,a33b745c50bed3f6f504facdd2f8284920a175e607ff1fdfce43976fe3479492,1.3797658378827564,1.0935305492343692,True,0.021965412951213188,0.0003000000000000086,0.31288120638153394,0.7099904283382216,0.021724648637208355,0.22622626214480013
1009,DA,2048,0.001,a33b745c50bed3f6f504facdd2f8284920a175e607ff1fdfce43976fe3479492,1.3797658378827564,1.0935305492343692,True,0.04008887214401553,0.0010000000000000273,0.32373245675497053,0.718083448050977,0.042426265859554335,0.22622626214480013
1010,AN,2048,0.0001,9c297138fd5805d584df21a4b765d8d8111cdaccad04a84f66230a58227ccf3c,0.057379050092837475,0.39637116733519195,True,0.050040957801428,0.00010000000000002897,0.30120733042875714,0.7082639636922438,0.014985662442135117,0.07307434625116879
1010,AN,2048,0.0003,9c297138fd5805d584df21a4b765d8d8111cdaccad04a84f66230a58227ccf3c,0.057379050092837475,0.39637116733519195,True,0.08684360908430246,0.0003000000000000224,0.3020970240291846,0.7142554549427055,0.02644743419681883,0.07307434625116879
1010,AN,2048,0.001,9c297138fd5805d584df21a4b765d8d8111cdaccad04a84f66230a58227ccf3c,0.057379050092837475,0.39637116733519195,True,0.15917751245374967,0.0010000000000000152,0.30385000937230006,0.7258135099993683,0.04998425142412383,0.07307434625116879
1010,SA,2048,0.0001,9c297138fd5805d584df21a4b765d8d8111cdaccad04a84f66230a58227ccf3c,0.05878978904684473,0.40655928858869755,True,0.04878770113250424,0.00010000000000001509,0.3012060321946232,0.7082640877530252,0.014985550101985434,0.07495131946871762
1010,SA,2048,0.0003,9c297138fd5805d584df21a4b765d8d8111cdaccad04a84f66230a58227ccf3c,0.05878978904684473,0.40655928858869755,True,0.084668652788122,0.00030000000000000236,0.3020947674481217,0.7142556690521615,0.026447138250766278,0.07495131946871762
1010,SA,2048,0.001,9c297138fd5805d584df21a4b765d8d8111cdaccad04a84f66230a58227ccf3c,0.05878978904684473,0.40655928858869755,True,0.15519102082995043,0.0010000000000000198,0.3038458604977464,0.7258138979057664,0.04998334770915436,0.07495131946871762
1010,DA,2048,0.0001,9c297138fd5805d584df21a4b765d8d8111cdaccad04a84f66230a58227ccf3c,1.379765493286023,1.0935305618600293,True,0.012684281585201093,0.00010000000000001623,0.3074016199032593,0.7057931593455212,0.012094555860257705,0.22622625748852976
1010,DA,2048,0.0003,9c297138fd5805d584df21a4b765d8d8111cdaccad04a84f66230a58227ccf3c,1.379765493286023,1.0935305618600293,True,0.021965415683759575,0.0003000000000000183,0.31288120474809344,0.7099904296829604,0.021724650702037662,0.22622625748852976
1010,DA,2048,0.001,9c297138fd5805d584df21a4b765d8d8111cdaccad04a84f66230a58227ccf3c,1.379765493286023,1.0935305618600293,True,0.040088877177430676,0.0010000000000000141,0.32373245374706755,0.7180834504844394,0.04242626965430679,0.22622625748852976
1011,AN,2048,0.0001,a9a92f3663a6e5ae921de6337975ada124f7a383ab9c0c88d61dbbcec7d89729,0.13584066472738393,0.3595314384337236,True,0.05306439799079931,0.0001000000000000131,0.30303618902255225,0.7079512508400512,0.014895876649928197,0.06797193199031883
1011,AN,2048,0.0003,a9a92f3663a6e5ae921de6337975ada124f7a383ab9c0c88d61dbbcec7d89729,0.13584066472738393,0.3595314384337236,True,0.0920651800306394,0.00030000000000001965,0.3052787335517485,0.7137155330339533,0.026424876620394555,0.06797193199031883
1011,AN,2048,0.001,a9a92f3663a6e5ae921de6337975ada124f7a383ab9c0c88d61dbbcec7d89729,0.13584066472738393,0.3595314384337236,True,0.16865402163751703,0.0010000000000000328,0.3097095108083809,0.7248345176065765,0.05042400049219137,0.06797193199031883
1011,SA,2048,0.0001,a9a92f3663a6e5ae921de6337975ada124f7a383ab9c0c88d61dbbcec7d89729,0.13411585159619765,0.35829741133649207,True,0.05329044553956924,0.00010000000000002384,0.3030103340627607,0.7079576641081915,0.01490075151747261,0.06771325788107244
1011,SA,2048,0.0003,a9a92f3663a6e5ae921de6337975ada124f7a383ab9c0c88d61dbbcec7d89729,0.13411585159619765,0.35829741133649207,True,0.09245790800929803,0.00030000000000000583,0.3052337210081885,0.7137266083750639,0.026431615435725808,0.06771325788107244
1011,SA,2048,0.001,a9a92f3663a6e5ae921de6337975ada124f7a383ab9c0c88d61dbbcec7d89729,0.13411585159619765,0.35829741133649207,True,0.1693754581945796,0.0010000000000000044,0.30962650649017565,0.7248546077806164,0.05043007470862304,0.06771325788107244
1011,DA,2048,0.0001,a9a92f3663a6e5ae921de6337975ada124f7a383ab9c0c88d61dbbcec7d89729,1.379766035028295,1.093530552736795,True,0.01268427905639236,0.00010000000000001587,0.307401621343545,0.7057931581490254,0.01209455404004478,0.2262262667547343
1011,DA,2048,0.0003,a9a92f3663a6e5ae921de6337975ada124f7a383ab9c0c88d61dbbcec7d89729,1.379766035028295,1.093530552736795,True,0.02196541128455911,0.00030000000000003223,0.31288120725471924,0.7099904276193674,0.021724647533417185,0.2262262667547343
1011,DA,2048,0.001,a9a92f3663a6e5ae921de6337975ada124f7a383ab9c0c88d61dbbcec7d89729,1.379766035028295,1.093530552736795,True,0.04008886907748465,0.0010000000000000141,0.32373245836289877,0.7180834467501257,0.04242626383100051,0.2262262667547343
1012,AN,2048,0.0001,5d0fa12116693411f46423ad84fc757241271cf2233527ffe75ac973fde074fa,0.0014014814755028688,0.35208781980331166,True,0.05673009786270312,0.00010000000000000234,0.3000333936580589,0.7083214782987546,0.014786925817280472,0.06391106789165897
1012,AN,2048,0.0003,5d0fa12116693411f46423ad84fc757241271cf2233527ffe75ac973fde074fa,0.0014014814755028688,0.35208781980331166,True,0.09845681857850669,0.000300000000000024,0.30005795706962146,0.7143546933109705,0.026009325407089945,0.06391106789165897
1012,AN,2048,0.001,5d0fa12116693411f46423ad84fc757241271cf2233527ffe75ac973fde074fa,0.0014014814755028688,0.35208781980331166,True,0.18048049956994464,0.0010000000000000267,0.30010624557951165,0.7259932212487956,0.04884965384598616,0.06391106789165897
1012,SA,2048,0.0001,5d0fa12116693411f46423ad84fc757241271cf2233527ffe75ac973fde074fa,0.001409306041528012,0.3506539250782597,True,0.056962072781877884,0.00010000000000001493,0.3000337174198108,0.7083214774425339,0.01478700716458392,0.06365105977599661
1012,SA,2048,0.0003,5d0fa12116693411f46423ad84fc757241271cf2233527ffe75ac973fde074fa,0.001409306041528012,0.3506539250782597,True,0.09885941807740876,0.00030000000000000653,0.3000585189944088,0.7143546918343352,0.02600949261658969,0.06365105977599661
1012,SA,2048,0.001,5d0fa12116693411f46423ad84fc757241271cf2233527ffe75ac973fde074fa,0.001409306041528012,0.3506539250782597,True,0.1812185016372918,0.0010000000000000215,0.3001072757348891,0.7259932185773337,0.04885005242827678,0.06365105977599661
1012,DA,2048,0.0001,5d0fa12116693411f46423ad84fc757241271cf2233527ffe75ac973fde074fa,1.3796774577768045,1.0935305498401473,True,0.012684700891273546,0.00010000000000000444,0.30740139074844514,0.7057933497064286,0.012094845451750602,0.22622448051177652
1012,DA,2048,0.0003,5d0fa12116693411f46423ad84fc757241271cf2233527ffe75ac973fde074fa,1.3796774577768045,1.0935305498401473,True,0.021966144988169917,0.000300000000000045,0.3128808059345395,0.709990757997893,0.02172515482114301,0.22622448051177652
1012,DA,2048,0.001,5d0fa12116693411f46423ad84fc757241271cf2233527ffe75ac973fde074fa,1.3796774577768045,1.0935305498401473,True,0.04009021952150137,0.0010000000000000009,0.32373171935077394,0.7180840446088376,0.042427196124035116,0.22622448051177652
1013,AN,2048,0.0001,335e119c903b22eb3ab79892e45f3096166e1b9fece7a7f7c44c3e2b725a92e7,0.1101626373455955,0.3784993936274638,True,0.05132887313079264,0.00010000000000001066,0.3023802584180662,0.7080958053884916,0.014986582071048415,0.0708958087486542
1013,AN,2048,0.0003,335e119c903b22eb3ab79892e45f3096166e1b9fece7a7f7c44c3e2b725a92e7,0.1101626373455955,0.3784993936274638,True,0.08906574158250043,0.00030000000000004605,0.30413702490678335,0.7139651548338167,0.026536963641564715,0.0708958087486542
1013,AN,2048,0.001,335e119c903b22eb3ab79892e45f3096166e1b9fece7a7f7c44c3e2b725a92e7,0.1101626373455955,0.3784993936274638,True,0.1632023752623609,0.0010000000000000137,0.3076049696313303,0.7252872666470074,0.050464750411457704,0.0708958087486542
1013,SA,2048,0.0001,335e119c903b22eb3ab79892e45f3096166e1b9fece7a7f7c44c3e2b725a92e7,0.10861567168734815,0.37995253625887954,True,0.05118135283226749,0.00010000000000002802,0.3023399999565963,0.7081034685729737,0.01498995760174232,0.071128280120028
1013,SA,2048,0.0003,335e119c903b22eb3ab79892e45f3096166e1b9fece7a7f7c44c3e2b725a92e7,0.10861567168734815,0.37995253625887954,True,0.08881037131502935,0.00030000000000003077,0.3040669693910733,0.7139783866657097,0.026539935659076475,0.071128280120028
1013,SA,2048,0.001,335e119c903b22eb3ab79892e45f3096166e1b9fece7a7f7c44c3e2b725a92e7,0.10861567168734815,0.37995253625887954,True,0.16273668430808724,0.0010000000000000172,0.3074758950748118,0.7253112614959121,0.05045975183268436,0.071128280120028
1013,DA,2048,0.0001,335e119c903b22eb3ab79892e45f3096166e1b9fece7a7f7c44c3e2b725a92e7,1.3797659365112205,1.0935305584193111,True,0.012684279493768717,0.00010000000000000858,0.30740162106841057,0.7057931583775903,0.01209455438775775,0.22622626579966582
1013,DA,2048,0.0003,335e119c903b22eb3ab79892e45f3096166e1b9fece7a7f7c44c3e2b725a92e7,1.3797659365112205,1.0935305584193111,True,0.02196541204579422,0.00030000000000003114,0.3128812067758832,0.7099904280135718,0.021724648138713054,0.22622626579966582
1013,DA,2048,0.001,335e119c903b22eb3ab79892e45f3096166e1b9fece7a7f7c44c3e2b725a92e7,1.3797659365112205,1.0935305584193111,True,0.04008887048037164,0.0010000000000000334,0.32373245748114504,0.7180834474634845,0.04242626494341545,0.22622626579966582
1014,AN,2048,0.0001,000f5e623f69a9cd86788d599504306e4676610bbf6bbec036fc988533454826,0.08006620713821275,0.3325144012305935,True,0.058931277865789,0.00010000000000001726,0.3019854621889188,0.7081650649366308,0.015009045713400893,0.061945547695185225
1014,AN,2048,0.0003,000f5e623f69a9cd86788d599504306e4676610bbf6bbec036fc988533454826,0.08006620713821275,0.3325144012305935,True,0.10226367568394457,0.00030000000000001255,0.3034501257139845,0.7140847368561917,0.026547192550452903,0.061945547695185225
1014,AN,2048,0.001,000f5e623f69a9cd86788d599504306e4676610bbf6bbec036fc988533454826,0.08006620713821275,0.3325144012305935,True,0.18740919874245782,0.0010000000000000015,0.30633973602585723,0.7255040953009398,0.05037961459668161,0.061945547695185225
1014,SA,2048,0.0001,000f5e623f69a9cd86788d599504306e4676610bbf6bbec036fc988533454826,0.08048539365033679,0.3268103442134274,True,0.05990801486606981,0.00010000000000002802,0.3020290200895412,0.7081580631585741,0.015007721397815699,0.06091905439007503
1014,SA,2048,0.0003,000f5e623f69a9cd86788d599504306e4676610bbf6bbec036fc988533454826,0.08048539365033679,0.3268103442134274,True,0.10395797410323705,0.00030000000000000214,0.3035258996964655,0.7140726485088124,0.026548114334177697,0.06091905439007503
1014,SA,2048,0.001,000f5e623f69a9cd86788d599504306e4676610bbf6bbec036fc988533454826,0.08048539365033679,0.3268103442134274,True,0.19051182183981097,0.0010000000000000165,0.3064792679213824,0.725482179154591,0.050392915985125075,0.06091905439007503
1014,DA,2048,0.0001,000f5e623f69a9cd86788d599504306e4676610bbf6bbec036fc988533454826,1.379765747109531,1.0935305451097332,True,0.012684280470122098,0.00010000000000001883,0.3074016206190579,0.7057931587508811,0.01209455495563938,0.22622625956643794
1014,DA,2048,0.0003,000f5e623f69a9cd86788d599504306e4676610bbf6bbec036fc988533454826,1.379765747109531,1.0935305451097332,True,0.02196541374280937,0.0003000000000000214,0.31288120599384694,0.7099904286573873,0.02172464912728328,0.22622625956643794
1014,DA,2048,0.001,000f5e623f69a9cd86788d599504306e4676610bbf6bbec036fc988533454826,1.379765747109531,1.0935305451097332,True,0.04008887359973105,0.0010000000000000239,0.32373245604106254,0.7180834486285442,0.042426266760214826,0.22622625956643794
1015,AN,2048,0.0001,dc974ca1fe6fc0dd06214fba4c5205a4d453216faf7c231ae59e608befd69bb1,0.07041149917007228,0.37940367928701224,True,0.052046507750908716,0.00010000000000003634,0.301541415120089,0.708227531556121,0.01500651427705929,0.07025849939310412
1015,AN,2048,0.0003,dc974ca1fe6fc0dd06214fba4c5205a4d453216faf7c231ae59e608befd69bb1,0.07041149917007228,0.37940367928701224,True,0.09032137633825696,0.00030000000000002437,0.30267783462533837,0.714192573243501,0.026509381071536275,0.07025849939310412
1015,AN,2048,0.001,dc974ca1fe6fc0dd06214fba4c5205a4d453216faf7c231ae59e608befd69bb1,0.07041149917007228,0.37940367928701224,True,0.16554171235523768,0.0010000000000000141,0.30491824503001735,0.7256995663551672,0.050190099056799664,0.07025849939310412
1015,SA,2048,0.0001,dc974ca1fe6fc0dd06214fba4c5205a4d453216faf7c231ae59e608befd69bb1,0.07065590964337885,0.38025813903894984,True,0.05192812482910063,0.00010000000000003505,0.3015432501030015,0.708227306555341,0.015006584238406673,0.07041845988563754
1015,SA,2048,0.0003,dc974ca1fe6fc0dd06214fba4c5205a4d453216faf7c231ae59e608befd69bb1,0.07065590964337885,0.38025813903894984,True,0.09011591768011247,0.0003000000000000473,0.30268102534026625,0.7141921848628473,0.026509642628423535,0.07041845988563754
1015,SA,2048,0.001,dc974ca1fe6fc0dd06214fba4c5205a4d453216faf7c231ae59e608befd69bb1,0.07065590964337885,0.38025813903894984,True,0.1651650821406183,0.001000000000000016,0.30492411545258,0.72569886248982,0.050191081472309496,0.07041845988563754
1015,DA,2048,0.0001,dc974ca1fe6fc0dd06214fba4c5205a4d453216faf7c231ae59e608befd69bb1,1.3797656574255728,1.0935305579488914,True,0.012684280825425281,0.00010000000000004103,0.30740162034341234,0.7057931589798726,0.012094555304001997,0.22622626008794622
1015,DA,2048,0.0003,dc974ca1fe6fc0dd06214fba4c5205a4d453216faf7c231ae59e608befd69bb1,1.3797656574255728,1.0935305579488914,True,0.02196541436192135,0.00030000000000001174,0.31288120551411913,0.7099904290523258,0.021724649733706358,0.22622626008794622
1015,DA,2048,0.001,dc974ca1fe6fc0dd06214fba4c5205a4d453216faf7c231ae59e608befd69bb1,1.3797656574255728,1.0935305579488914,True,0.0400888747432566,0.00100000000000001,0.32373245515766713,0.7180834493432321,0.04242626787470283,0.22622626008794622
1016,AN,2048,0.0001,1635130558f0e110a8df0d2d121dfd0306679134b6baa6d98411c081ad53f6cc,0.06903604175027808,0.3451913309138566,True,0.05710066051666664,0.00010000000000000452,0.301658247642909,0.7082126599647498,0.015009989683385794,0.06402328168269572
1016,AN,2048,0.0003,1635130558f0e110a8df0d2d121dfd0306679134b6baa6d98411c081ad53f6cc,0.06903604175027808,0.3451913309138566,True,0.0990910822682592,0.00030000000000000095,0.302880998015154,0.7141669022550895,0.026524303343630096,0.06402328168269572
1016,AN,2048,0.001,1635130558f0e110a8df0d2d121dfd0306679134b6baa6d98411c081ad53f6cc,0.06903604175027808,0.3451913309138566,True,0.18161022735834667,0.0010000000000000005,0.3052920763138858,0.7256530402027087,0.050249379923413995,0.06402328168269572
1016,SA,2048,0.0001,1635130558f0e110a8df0d2d121dfd0306679134b6baa6d98411c081ad53f6cc,0.06883058216512229,0.3483179257087311,True,0.05660570367004163,0.0001000000000000105,0.3016389514678367,0.7082151927480314,0.015009553063188852,0.064586428977041
1016,SA,2048,0.0003,1635130558f0e110a8df0d2d121dfd0306679134b6baa6d98411c081ad53f6cc,0.06883058216512229,0.3483179257087311,True,0.0982323593753206,0.00030000000000001374,0.30284744167752864,0.7141712743805214,0.02652208173615611,0.064586428977041
1016,SA,2048,0.001,1635130558f0e110a8df0d2d121dfd0306679134b6baa6d98411c081ad53f6cc,0.06883058216512229,0.3483179257087311,True,0.18003718465643292,0.0010000000000000228,0.30523032506093534,0.7256609645870172,0.050240048172820295,0.064586428977041
1016,DA,2048,0.0001,1635130558f0e110a8df0d2d121dfd0306679134b6baa6d98411c081ad53f6cc,1.3797656412789063,1.0935305483006137,True,0.012684280956256642,0.0001000000000000275,0.3074016203330684,0.7057931589884637,0.012094555317070932,0.22622625801184593
1016,DA,2048,0.0003,1635130558f0e110a8df0d2d121dfd0306679134b6baa6d98411c081ad53f6cc,1.3797656412789063,1.0935305483006137,True,0.021965414588629568,0.0003000000000000062,0.31288120549611875,0.7099904290671443,0.02172464975645977,0.22622625801184593
1016,DA,2048,0.001,1635130558f0e110a8df0d2d121dfd0306679134b6baa6d98411c081ad53f6cc,1.3797656412789063,1.0935305483006137,True,0.04008887515753075,0.0010000000000000315,0.32373245512452103,0.7180834493700483,0.042426267916520266,0.22622625801184593
1017,AN,2048,0.0001,ed70c2ed9948acf0fc6925ff1291643b7a785fcc5dbfe9ce0030cafe5d6acac9,0.025900081201203184,0.3754714886589517,True,0.05311244770905691,0.00010000000000001188,0.30057807673772496,0.7083083520012702,0.01490316986409479,0.06864769253929642
1017,AN,2048,0.0003,ed70c2ed9948acf0fc6925ff1291643b7a785fcc5dbfe9ce0030cafe5d6acac9,0.025900081201203184,0.3754714886589517,True,0.09217734435527408,0.0003000000000000176,0.3010036648487698,0.7143320503829497,0.02625468721720725,0.06864769253929642
1017,AN,2048,0.001,ed70c2ed9948acf0fc6925ff1291643b7a785fcc5dbfe9ce0030cafe5d6acac9,0.025900081201203184,0.3754714886589517,True,0.16896616819768792,0.0010000000000000074,0.3018412310518257,0.7259522376187145,0.04945411068108868,0.06864769253929642
1017,SA,2048,0.0001,ed70c2ed9948acf0fc6925ff1291643b7a785fcc5dbfe9ce0030cafe5d6acac9,0.025809843439478085,0.37362547429422605,True,0.053374621254588576,0.0001000000000000023,0.3005789066920167,0.7083083141399577,0.014903315414922791,0.06831093249968422
1017,SA,2048,0.0003,ed70c2ed9948acf0fc6925ff1291643b7a785fcc5dbfe9ce0030cafe5d6acac9,0.025809843439478085,0.37362547429422605,True,0.09263234720247941,0.0003000000000000011,0.30100510637792327,0.7143319850639188,0.026255005913142893,0.06831093249968422
1017,SA,2048,0.001,ed70c2ed9948acf0fc6925ff1291643b7a785fcc5dbfe9ce0030cafe5d6acac9,0.025809843439478085,0.37362547429422605,True,0.16980020331670428,0.0010000000000000098,0.30184387752353237,0.7259521193627663,0.04945492987107947,0.06831093249968422
1017,DA,2048,0.0001,ed70c2ed9948acf0fc6925ff1291643b7a785fcc5dbfe9ce0030cafe5d6acac9,1.3797642823281877,1.093530557382139,True,0.012684287376906543,0.00010000000000002837,0.30740161676547745,0.7057931619521862,0.012094559825741813,0.22622623226315136
1017,DA,2048,0.0003,ed70c2ed9948acf0fc6925ff1291643b7a785fcc5dbfe9ce0030cafe5d6acac9,1.3797642823281877,1.093530557382139,True,0.021965425756963357,0.00030000000000002876,0.31288119928720043,0.7099904341786677,0.0217246576051372,0.22622623226315136
1017,DA,2048,0.001,ed70c2ed9948acf0fc6925ff1291643b7a785fcc5dbfe9ce0030cafe5d6acac9,1.3797642823281877,1.093530557382139,True,0.040088895716631816,0.00100000000000001,0.3237324436910933,0.7180834586199485,0.04242628234085433,0.22622623226315136
1018,AN,2048,0.0001,e211766d2893cb4cf231493bb57afc890c22849e5a87694704c8b5be17b2e074,0.05669162288195752,0.383964903169388,True,0.051643367324602334,0.00010000000000002922,0.3012310916600927,0.7082616691765122,0.014987675957639668,0.07080949514835398
1018,AN,2048,0.0003,e211766d2893cb4cf231493bb57afc890c22849e5a87694704c8b5be17b2e074,0.05669162288195752,0.383964903169388,True,0.08962434087065993,0.00030000000000002334,0.3021383262099888,0.7142514949422647,0.02645277572981508,0.07080949514835398
1018,AN,2048,0.001,e211766d2893cb4cf231493bb57afc890c22849e5a87694704c8b5be17b2e074,0.05669162288195752,0.383964903169388,True,0.16427374066190506,0.0010000000000000206,0.3039259482372953,0.7258063354949117,0.05000065100732731,0.07080949514835398
1018,SA,2048,0.0001,e211766d2893cb4cf231493bb57afc890c22849e5a87694704c8b5be17b2e074,0.054601207914419705,0.3765122304821061,True,0.05267903743763879,0.00010000000000001152,0.30120945059247134,0.7082637607964976,0.014985845387801178,0.069415139450228
1018,SA,2048,0.0003,e211766d2893cb4cf231493bb57afc890c22849e5a87694704c8b5be17b2e074,0.054601207914419705,0.3765122304821061,True,0.09142185052270034,0.0003000000000000041,0.30210070928932586,0.714255104776148,0.026447916596712806,0.069415139450228
1018,SA,2048,0.001,e211766d2893cb4cf231493bb57afc890c22849e5a87694704c8b5be17b2e074,0.054601207914419705,0.3765122304821061,True,0.16756901211200462,0.0010000000000000002,0.30385678499353785,0.7258128755944816,0.049985725579524576,0.069415139450228
1018,DA,2048,0.0001,e211766d2893cb4cf231493bb57afc890c22849e5a87694704c8b5be17b2e074,1.3797654571417117,1.0935305603819774,True,0.012684281765584884,0.00010000000000000286,0.3074016198140189,0.7057931594196549,0.012094555973035825,0.2262262564916827
1018,DA,2048,0.0003,e211766d2893cb4cf231493bb57afc890c22849e5a87694704c8b5be17b2e074,1.3797654571417117,1.0935305603819774,True,0.02196541599737537,0.00030000000000002974,0.31288120459278346,0.7099904298108197,0.02172465089836373,0.2262262564916827
1018,DA,2048,0.001,e211766d2893cb4cf231493bb57afc890c22849e5a87694704c8b5be17b2e074,1.3797654571417117,1.0935305603819774,True,0.040088877754207684,0.0010000000000000022,0.3237324534610717,0.7180834507158158,0.042426270015115675,0.2262262564916827
1019,AN,2048,0.0001,ddc2cf2f28a6ec2116b522a4c402dfa81eaf272add88be706497236acbd46a84,0.0886136703563447,0.3974956267706927,True,0.04943019738502342,0.00010000000000000606,0.3018428974222913,0.7081868838611899,0.015011403128139922,0.07390805811565836
1019,AN,2048,0.0003,ddc2cf2f28a6ec2116b522a4c402dfa81eaf272add88be706497236acbd46a84,0.0886136703563447,0.3974956267706927,True,0.08577804319281748,0.0003000000000000289,0.3032021392942767,0.7141224051932672,0.026540668450251714,0.07390805811565836
1019,AN,2048,0.001,ddc2cf2f28a6ec2116b522a4c402dfa81eaf272add88be706497236acbd46a84,0.0886136703563447,0.3974956267706927,True,0.1572035432182825,0.0010000000000000226,0.30588316217448785,0.7255723831873803,0.050329413384737454,0.07390805811565836
1019,SA,2048,0.0001,ddc2cf2f28a6ec2116b522a4c402dfa81eaf272add88be706497236acbd46a84,0.08683750338411149,0.4037774325608249,True,0.04871588253901594,0.00010000000000002958,0.3017797545463955,0.7081960125675544,0.015011484599627423,0.0750120214320597
1019,SA,2048,0.0003,ddc2cf2f28a6ec2116b522a4c402dfa81eaf272add88be706497236acbd46a84,0.08683750338411149,0.4037774325608249,True,0.08453913403897009,0.00030000000000000843,0.303092315212507,0.7141381643952202,0.026536072477806205,0.0750120214320597
1019,SA,2048,0.001,ddc2cf2f28a6ec2116b522a4c402dfa81eaf272add88be706497236acbd46a84,0.08683750338411149,0.4037774325608249,True,0.15493549826403105,0.0010000000000000026,0.3056809995481581,0.7256009502938001,0.0503039401147527,0.0750120214320597
1019,DA,2048,0.0001,ddc2cf2f28a6ec2116b522a4c402dfa81eaf272add88be706497236acbd46a84,1.3797658293536483,1.093530561803992,True,0.012684279985137676,0.00010000000000002384,0.30740162077832955,0.705793158618571,0.0120945547543585,0.2262262642534857
1019,DA,2048,0.0003,ddc2cf2f28a6ec2116b522a4c402dfa81eaf272add88be706497236acbd46a84,1.3797658293536483,1.093530561803992,True,0.021965412900737717,0.0003000000000000037,0.3128812062710353,0.7099904284291901,0.0217246487768894,0.2262262642534857
1019,DA,2048,0.001,ddc2cf2f28a6ec2116b522a4c402dfa81eaf272add88be706497236acbd46a84,1.3797658293536483,1.093530561803992,True,0.04008887205502319,0.0010000000000000037,0.3237324565514924,0.7180834482155953,0.042426266116260825,0.2262262642534857
