condition,seed,budget_checkpoint,actor_source_steps,episodes,distance,coverage,all_covered,collision_pairs,collisions_per_agent,J
ours,40,0,0,20,1.056481939284748,0.0,0.0,0.04900000000000001,0.024500000000000004,-102.83805000091066
ours,40,40000,38400,20,1.029487113369226,0.0125,0.0,0.053000000000000005,0.026500000000000003,-102.2955253747999
ours,40,80000,75200,20,1.01695930200311,0.0,0.0,0.0695,0.03475,-101.00923128458773
ours,40,120000,118400,20,0.6991053762567383,0.0,0.0,0.08400000000000002,0.04200000000000001,-88.86472153168299
ours,40,160000,158400,20,0.6846072597266605,0.0125,0.0,0.07950000000000002,0.03975000000000001,-82.39869957688526
ours,40,200000,197600,20,0.6505926685471726,0.0375,0.0,0.092,0.046,-81.85621009567896
ours,41,0,0,20,0.9947842718930469,0.0,0.0,0.053500000000000006,0.026750000000000003,-94.96710146350178
ours,41,40000,38400,20,0.9686473494186465,0.0,0.0,0.062,0.031,-96.37863121865628
ours,41,80000,78400,20,0.9045735832592909,0.0,0.0,0.0635,0.03175,-92.77110710493571
ours,41,120000,120000,20,0.8901982419406084,0.0,0.0,0.06050000000000001,0.030250000000000006,-89.12567742549221
ours,41,160000,160000,20,0.614809817760278,0.0375,0.0,0.0885,0.04425,-74.83592798785955
ours,41,200000,198400,20,0.6804077167098088,0.0125,0.0,0.0875,0.04375,-81.3680744662819
ours,42,0,0,20,0.9090176474553268,0.0,0.0,0.06999999999999999,0.034999999999999996,-88.06166599920196
ours,42,40000,37600,20,0.9339382567823206,0.0,0.0,0.05950000000000001,0.029750000000000006,-90.87642977446615
ours,42,80000,78400,20,0.8026042209426827,0.0,0.0,0.07650000000000001,0.038250000000000006,-88.19870147616525
ours,42,120000,120000,20,0.6758746574026941,0.025,0.0,0.0935,0.04675,-81.31081630973496
ours,42,160000,159200,20,0.6534873401026541,0.0,0.0,0.10200000000000001,0.051000000000000004,-77.22375981344385
ours,42,200000,196800,20,0.5761522750339534,0.0125,0.0,0.12550000000000003,0.06275000000000001,-75.64338802690692
sampled,40,0,0,20,1.2315601282586972,0.0,0.0,0.036500000000000005,0.018250000000000002,-103.44001727573622
sampled,40,40000,37600,20,1.2148879434283972,0.0,0.0,0.04000000000000001,0.020000000000000004,-110.7590672927669
sampled,40,80000,80000,20,1.1352066759011816,0.0,0.0,0.04150000000000001,0.020750000000000005,-106.15584216635406
sampled,40,120000,120000,20,0.9784591528041421,0.0125,0.0,0.05800000000000001,0.029000000000000005,-95.32244209660263
sampled,40,160000,159200,20,0.8881519544181538,0.0,0.0,0.06400000000000002,0.03200000000000001,-91.45658069167752
sampled,40,200000,199200,20,0.751961324922198,0.0125,0.0,0.08449999999999999,0.042249999999999996,-87.14835763897982
sampled,41,0,0,20,0.9728904148859915,0.0125,0.0,0.0405,0.02025,-96.57672139074492
sampled,41,40000,38400,20,0.9478386376984462,0.0125,0.0,0.04700000000000001,0.023500000000000004,-95.55120709341087
sampled,41,80000,79200,20,1.0060787959727238,0.0,0.0,0.05,0.025,-96.98502675610374
sampled,41,120000,119200,20,0.7861258877645699,0.0125,0.0,0.07150000000000002,0.03575000000000001,-87.78252790937134
sampled,41,160000,157600,20,0.6875896082108517,0.025,0.0,0.06999999999999999,0.034999999999999996,-80.35362126243753
sampled,41,200000,197600,20,0.6631540190485875,0.0,0.0,0.10500000000000001,0.052500000000000005,-84.15638015171666
sampled,42,0,0,20,0.9414985066819052,0.0125,0.0,0.052000000000000005,0.026000000000000002,-93.38500833315919
sampled,42,40000,38400,20,0.8146763185447901,0.0,0.0,0.049,0.0245,-91.61472419296894
sampled,42,80000,78400,20,0.9200191125699593,0.0125,0.0,0.066,0.033,-93.28106916435311
sampled,42,120000,119200,20,0.8375666193676652,0.0,0.0,0.06400000000000002,0.03200000000000001,-88.11083459566012
sampled,42,160000,160000,20,0.7296462512726776,0.0125,0.0,0.07900000000000003,0.039500000000000014,-86.80809401318167
sampled,42,200000,197600,20,0.5287178019826024,0.0,0.0,0.1105,0.05525,-83.4550953672302
mappo,40,0,0,20,1.240390710087055,0.0125,0.0,0.046000000000000006,0.023000000000000003,-108.1436989191628
mappo,40,40000,40000,20,0.5089642545573076,0.0375,0.0,0.099,0.0495,-68.08261614048013
mappo,40,80000,80000,20,0.46955830568550905,0.025,0.0,0.15749999999999997,0.07874999999999999,-59.941190510570344
mappo,40,120000,120000,20,0.38256373596405685,0.0625,0.0,0.125,0.0625,-60.290004509894366
mappo,40,160000,160000,20,0.48485407274152903,0.0,0.0,0.079,0.0395,-64.80827116897514
mappo,40,200000,200000,20,0.5542070820155823,0.025,0.0,0.06400000000000002,0.03200000000000001,-65.80673217414159
mappo,41,0,0,20,1.0293282315266714,0.0,0.0,0.05750000000000001,0.028750000000000005,-98.85481034752613
mappo,41,40000,40000,20,0.5035873085902907,0.0375,0.0,0.1485,0.07425,-67.27603400375763
mappo,41,80000,80000,20,0.49705845002731125,0.025,0.0,0.12150000000000001,0.060750000000000005,-61.7889139397134
mappo,41,120000,120000,20,0.8387274582053875,0.025,0.0,0.05950000000000002,0.02975000000000001,-69.39994430526488
mappo,41,160000,160000,20,0.6665656286725995,0.0125,0.0,0.05500000000000001,0.027500000000000004,-69.52249739847433
mappo,41,200000,200000,20,0.5600335820454607,0.0375,0.0,0.11150000000000002,0.05575000000000001,-65.91015020455526
mappo,42,0,0,20,0.8655022339772719,0.0125,0.0,0.06200000000000001,0.031000000000000007,-90.82514449645532
mappo,42,40000,40000,20,0.6218689867476193,0.0125,0.0,0.07450000000000001,0.037250000000000005,-69.41466002014836
mappo,42,80000,80000,20,0.5744656572175766,0.0375,0.0,0.09300000000000001,0.04650000000000001,-66.61349486645615
mappo,42,120000,120000,20,0.5474405090420524,0.05,0.0,0.0715,0.03575,-63.85802290626361
mappo,42,160000,160000,20,0.45740822971457895,0.05,0.0,0.066,0.033,-56.54486523553103
mappo,42,200000,200000,20,0.3223734960758221,0.075,0.0,0.08650000000000002,0.04325000000000001,-49.17790593273291
ippo,40,0,0,20,1.194585946816247,0.0,0.0,0.043500000000000004,0.021750000000000002,-97.31176882760461
ippo,40,40000,40000,20,0.5222432017659948,0.025,0.0,0.11100000000000002,0.05550000000000001,-67.44882381714318
ippo,40,80000,80000,20,0.4621915815703678,0.0375,0.0,0.11099999999999999,0.055499999999999994,-60.43478377295884
ippo,40,120000,120000,20,0.45879887695677884,0.05,0.0,0.14750000000000002,0.07375000000000001,-59.88316054429252
ippo,40,160000,160000,20,0.46330815190898605,0.1,0.0,0.10600000000000001,0.053000000000000005,-62.111696617199144
ippo,40,200000,200000,20,0.5634896127334321,0.0125,0.0,0.10200000000000001,0.051000000000000004,-67.14610450071007
ippo,41,0,0,20,0.8873663147660427,0.0,0.0,0.05900000000000001,0.029500000000000005,-97.97204577749847
ippo,41,40000,40000,20,0.5807943386405586,0.0,0.0,0.09,0.045,-69.19231091902553
ippo,41,80000,80000,20,0.44534917432143456,0.025,0.0,0.139,0.0695,-60.13857573694857
ippo,41,120000,120000,20,0.4475340662961475,0.0375,0.0,0.12050000000000001,0.060250000000000005,-57.91657054041515
ippo,41,160000,160000,20,0.40415309729120025,0.0625,0.0,0.12050000000000001,0.060250000000000005,-55.70634500136928
ippo,41,200000,200000,20,0.33939431160727446,0.075,0.0,0.1405,0.07025,-55.169633028689965
ippo,42,0,0,20,1.0706339622008065,0.0,0.0,0.053500000000000006,0.026750000000000003,-103.81084094103798
ippo,42,40000,40000,20,0.4967109298666796,0.0375,0.0,0.088,0.044,-65.84013559532875
ippo,42,80000,80000,20,0.4516839366774675,0.0125,0.0,0.1045,0.05225,-63.0439462990755
ippo,42,120000,120000,20,0.43334229136874053,0.0625,0.0,0.069,0.0345,-60.34808274689133
ippo,42,160000,160000,20,0.39321624301875674,0.025,0.0,0.09900000000000002,0.04950000000000001,-57.50781771012036
ippo,42,200000,200000,20,0.4403750437826129,0.0375,0.0,0.08049999999999999,0.040249999999999994,-61.4111262145189
no_direction_check,40,0,0,20,1.0074337643743954,0.0125,0.0,0.04950000000000001,0.024750000000000005,-92.61258410110365
no_direction_check,40,40000,40000,20,1.0275497125151287,0.0,0.0,0.06000000000000001,0.030000000000000006,-98.42614664424903
no_direction_check,40,80000,78400,20,0.9816884046978662,0.0125,0.0,0.05850000000000001,0.029250000000000005,-95.58433249643106
no_direction_check,40,120000,116800,20,0.8687920419935669,0.0125,0.0,0.06950000000000002,0.03475000000000001,-90.62885490729033
no_direction_check,40,160000,156800,20,0.6257189715787754,0.0,0.0,0.08149999999999999,0.040749999999999995,-87.66454607394878
no_direction_check,40,200000,198400,20,0.7084575793805503,0.025,0.0,0.0855,0.04275,-84.47616433966839
no_direction_check,41,0,0,20,0.9009798005790364,0.0,0.0,0.05600000000000001,0.028000000000000004,-91.6717488137638
no_direction_check,41,40000,36800,20,0.7399125367337054,0.025,0.0,0.07300000000000001,0.036500000000000005,-86.87319788247314
no_direction_check,41,80000,78400,20,0.8563059710103499,0.025,0.0,0.06150000000000001,0.030750000000000006,-84.8821446789185
no_direction_check,41,120000,118400,20,0.7511504703312675,0.0125,0.0,0.06000000000000001,0.030000000000000006,-88.46126765638914
no_direction_check,41,160000,156800,20,0.6869445268519495,0.025,0.0,0.07650000000000001,0.038250000000000006,-83.29402081104384
no_direction_check,41,200000,198400,20,0.5317259950372343,0.0625,0.0,0.1,0.05,-79.37160947265046
no_direction_check,42,0,0,20,0.8822704124418422,0.0125,0.0,0.067,0.0335,-93.33392418505505
no_direction_check,42,40000,40000,20,0.7314223224884346,0.0125,0.0,0.07850000000000001,0.03925000000000001,-81.86626107143384
no_direction_check,42,80000,78400,20,0.7624178397977931,0.0125,0.0,0.07500000000000002,0.03750000000000001,-85.83166524753764
no_direction_check,42,120000,118400,20,0.7099928794475484,0.0125,0.0,0.08750000000000001,0.043750000000000004,-79.97314239392776
no_direction_check,42,160000,160000,20,0.7634502766015527,0.0,0.0,0.08050000000000002,0.04025000000000001,-80.8425218360297
no_direction_check,42,200000,198400,20,0.6047991586219859,0.0125,0.0,0.09050000000000002,0.04525000000000001,-78.61898821570026
no_return_check,40,0,0,20,1.1189047793329077,0.0125,0.0,0.044,0.022,-101.57608996655716
no_return_check,40,40000,38400,20,0.9678836687141302,0.0,0.0,0.054000000000000006,0.027000000000000003,-100.74816445412722
no_return_check,40,80000,79200,20,0.8418380972925401,0.0,0.0,0.06350000000000001,0.03175000000000001,-86.79526401095147
no_return_check,40,120000,120000,20,0.6515402381627199,0.0,0.0,0.08750000000000002,0.04375000000000001,-78.02178970368286
no_return_check,40,160000,158400,20,0.5840396649888044,0.0375,0.0,0.119,0.0595,-75.39707781159642
no_return_check,40,200000,199200,20,0.6011896713321248,0.0125,0.0,0.15000000000000002,0.07500000000000001,-75.7695458545733
no_return_check,41,0,0,20,0.873756005205801,0.0125,0.0,0.06700000000000002,0.03350000000000001,-87.83992251583244
no_return_check,41,40000,38400,20,0.801754890338804,0.0125,0.0,0.07200000000000001,0.036000000000000004,-83.51445971756468
no_return_check,41,80000,79200,20,0.703970469684409,0.0,0.0,0.08750000000000001,0.043750000000000004,-81.10582424362593
no_return_check,41,120000,120000,20,0.6244902607929577,0.025,0.0,0.08850000000000001,0.044250000000000005,-77.62860494889495
no_return_check,41,160000,158400,20,0.5810173524145401,0.0125,0.0,0.0975,0.04875,-76.04929732852358
no_return_check,41,200000,199200,20,0.5493265383820376,0.05,0.0,0.11500000000000003,0.057500000000000016,-73.31043660733981
no_return_check,42,0,0,20,0.9553197069313928,0.0,0.0,0.0455,0.02275,-91.68122349361772
no_return_check,42,40000,38400,20,1.0095895458917794,0.0,0.0,0.05850000000000001,0.029250000000000005,-91.41333912791148
no_return_check,42,80000,79200,20,0.7587632093263945,0.025,0.0,0.06650000000000002,0.03325000000000001,-86.7892534033737
no_return_check,42,120000,120000,20,0.6658197728635888,0.0125,0.0,0.0945,0.04725,-77.54209556116714
no_return_check,42,160000,158400,20,0.6254822185526838,0.0375,0.0,0.16,0.08,-77.36751553005884
no_return_check,42,200000,199200,20,0.5781624737268647,0.05,0.0,0.15599999999999997,0.07799999999999999,-73.24635813143718
fit_quarter,40,0,0,20,1.0866978895066375,0.025,0.0,0.044,0.022,-94.83454246732687
fit_quarter,40,40000,36800,20,0.9855620149853743,0.0125,0.0,0.04,0.02,-95.01978650777497
fit_quarter,40,80000,77600,20,1.0188213747727548,0.0,0.0,0.0445,0.02225,-95.44065732363879
fit_quarter,40,120000,118400,20,0.8711759844359637,0.0125,0.0,0.05800000000000001,0.029000000000000005,-89.33692792448403
fit_quarter,40,160000,160000,20,0.71554215223138,0.025,0.0,0.088,0.044,-83.51603878338564
fit_quarter,40,200000,197600,20,0.7235706937574365,0.0375,0.0,0.09000000000000001,0.045000000000000005,-84.5609202657429
fit_quarter,41,0,0,20,0.9325410308405919,0.0125,0.0,0.06050000000000001,0.030250000000000006,-90.7992557736334
fit_quarter,41,40000,38400,20,0.9632683532075068,0.0125,0.0,0.0675,0.03375,-91.21620728491438
fit_quarter,41,80000,78400,20,0.6749569675146977,0.0,0.0,0.06800000000000002,0.03400000000000001,-84.43280748619274
fit_quarter,41,120000,119200,20,0.6218361105422107,0.0125,0.0,0.06350000000000001,0.03175000000000001,-79.08594491180163
fit_quarter,41,160000,157600,20,0.6836215329476673,0.025,0.0,0.07700000000000001,0.038500000000000006,-79.21180488394891
fit_quarter,41,200000,198400,20,0.6662344227974307,0.025,0.0,0.093,0.0465,-81.04599780637457
fit_quarter,42,0,0,20,0.9248995140793508,0.0125,0.0,0.06700000000000002,0.03350000000000001,-90.75003151635582
fit_quarter,42,40000,37600,20,0.8555558466892675,0.025,0.0,0.058499999999999996,0.029249999999999998,-88.90941741331271
fit_quarter,42,80000,78400,20,0.9177804728636911,0.025,0.0,0.057500000000000016,0.028750000000000008,-90.84195409060904
fit_quarter,42,120000,120000,20,0.7434215621288576,0.0125,0.0,0.06300000000000001,0.03150000000000001,-86.4231987898844
fit_quarter,42,160000,160000,20,0.7802023986948617,0.0,0.0,0.0635,0.03175,-86.9793654602277
fit_quarter,42,200000,199200,20,0.696345954305787,0.0125,0.0,0.08499999999999999,0.042499999999999996,-88.63988647605206
