experiment,method,label,oracle_label_group,seed,update,source_steps_total,source_steps_training,source_steps_critic,source_steps_direction_check,source_steps_return_check,source_steps_monitor,source_complete_episodes,agent_decisions,budget,training_return,monitor_return,exact_source_return_diagnostic,actual_return_gain_diagnostic,old_new_kl,baseline_kind,baseline_missing_states,entropy,seconds,accepted,reason,eta,attempts,forward_kl_training,direction_loss,direction_steps,q_bound,return_check_gain,return_check_mode,return_check_standard_error,critic_validation_mse,label_mse_against_exact_joint_advantage,critic_explained_variance,direction_error,direction_norm,exact_direction_score_diagnostic
T-L,AN,mc_learned_baseline,False,42,1,2760,256,256,0,2048,200,1380,5520,262144,0.355078125,0.35309999999999997,0.3522688273668846,0.033254827366884565,0.00046349683925085987,public_state_tabular_independent_mc,0,0.617606089717124,0.0423515000147745,True,accepted_empirical,0.1,1,6.631547822757614e-09,-0.0936553483961807,100,5.0,0.032109375,empirical,0.008343608535845344,0.40973215637207033,0.17761845255014846,0.0012157418836146183,0.006147948795569792,0.09385175702272541,0.08259961194337756
T-L,AN,mc_learned_baseline,False,42,2,5520,512,512,0,4096,400,2760,11040,262144,0.3778125,0.4100999999999999,0.38597497766344,0.03370615029655544,0.0004554401935274759,public_state_tabular_independent_mc,0,0.6067525463916223,0.10033190005924553,True,accepted_empirical,0.1,1,2.4091449415031012e-09,-0.09273121977198315,100,5.0,0.03937499999999999,empirical,0.009681866220554804,0.4146731868531449,0.16438200612900902,0.03407563346456788,0.002529751871933663,0.09260071920050056,0.08675422165882482
T-L,AN,mc_learned_baseline,False,42,3,8280,768,768,0,6144,600,4140,16560,262144,0.33773437500000003,0.5298,0.4182741627077565,0.0322991850443165,0.0004133514338183943,public_state_tabular_independent_mc,0,0.5970056735315055,0.1645820999983698,True,accepted_empirical,0.1,1,8.823769688854126e-09,-0.08367809788654998,100,5.0,0.030234375,empirical,0.008143835394228954,0.4142984178853844,0.17517734078148828,0.024383353505846972,0.0012323702868379065,0.08391938563062515,0.08827809431048139
T-L,AN,mc_learned_baseline,False,42,4,11040,1024,1024,0,8192,800,5520,22080,262144,0.42539062499999997,0.30449999999999994,0.45008693009573897,0.031812767387982444,0.0003994359476447477,public_state_tabular_independent_mc,0,0.5861374373617267,0.2089269000571221,True,accepted_empirical,0.1,1,5.379690102843607e-09,-0.08138973156714077,100,5.0,0.03802734375,empirical,0.00914774871942257,0.39987169399919187,0.16543790486710228,0.019541353436319575,0.0002300564058477517,0.08127971536843026,0.08874003433662975
T-L,AN,mc_learned_baseline,False,42,5,13800,1280,1280,0,10240,1000,6900,27600,262144,0.44132812499999996,0.5291999999999999,0.4824089140234494,0.03232198392771041,0.00042174628032322917,public_state_tabular_independent_mc,0,0.5746136070310955,0.24705540004651994,True,accepted_empirical,0.1,1,3.5530993041410686e-09,-0.08665982290891064,100,5.0,0.047753906250000006,empirical,0.010286814026166498,0.39440239416513134,0.1639937235001477,0.014382189899313502,0.000577714443733324,0.08646476806033768,0.0874232560676664
T-L,AN,mc_learned_baseline,False,42,6,16560,1536,1536,0,12288,1200,8280,33120,262144,0.43546874999999996,0.5354999999999999,0.5149330745040693,0.03252416048061996,0.00044420745439613233,public_state_tabular_independent_mc,0,0.5627818918194732,0.2869486999697983,True,accepted_empirical,0.1,1,7.45570435613655e-09,-0.0930023007160628,100,5.0,0.03462890625,empirical,0.008647164766097191,0.391846129937066,0.17427551453153606,0.001727972384141352,0.001955431804949134,0.09164013959881714,0.08440740577288017
T-L,AN,mc_learned_baseline,False,42,7,19320,1792,1792,0,14336,1400,9660,38640,262144,0.597421875,0.46799999999999997,0.5423144714376307,0.02738139693356134,0.00031649078895387456,public_state_tabular_independent_mc,0,0.5517373992802826,0.3254923999775201,True,accepted_empirical,0.1,1,3.3950532949877983e-09,-0.06501518469809726,100,5.0,0.03369140625,empirical,0.008881181189445479,0.34214021453229365,0.14064996592229032,0.012127924023380365,0.0014015917156777568,0.06479062042382344,0.08265049443916547
T-L,AN,mc_learned_baseline,False,42,8,22080,2048,2048,0,16384,1600,11040,44160,262144,0.49851562499999996,0.5429999999999999,0.5746731837255775,0.032358712287946845,0.000470711868347638,public_state_tabular_independent_mc,0,0.5380995007620633,0.3701022000750527,True,accepted_empirical,0.1,1,5.396096230023444e-09,-0.09210701793810408,100,5.0,0.02431640625,empirical,0.007559532343706709,0.37225279010164497,0.16280256867767756,0.0045888348672938895,0.00284553657219258,0.09651343839982954,0.07899477716893769
T-L,AN,mc_learned_baseline,False,42,9,24840,2304,2304,0,18432,1800,12420,49680,262144,0.49921875000000004,0.7193999999999999,0.6100414667762405,0.035368283050662974,0.0005777530364884033,public_state_tabular_independent_mc,0,0.5225677567272659,0.4116165000014007,True,accepted_empirical,0.1,1,1.0276911930189326e-08,-0.11942903714335411,100,5.0,0.0418359375,empirical,0.010605029403389858,0.40864387721173634,0.17598393365727788,0.015412054733016656,0.004488612567025303,0.11915752710484562,0.07400366382689694
T-L,AN,mc_learned_baseline,False,42,10,27600,2560,2560,0,20480,2000,13800,55200,262144,0.6489843750000001,0.6161999999999999,0.6361315610359719,0.02609009425973141,0.0003307810589461336,public_state_tabular_independent_mc,0,0.5103268702987875,0.45840560004580766,True,accepted_empirical,0.1,1,5.211289907056753e-09,-0.0638123601768937,100,5.0,0.0230859375,empirical,0.007955125271276052,0.30842471436357044,0.12388253751253028,0.019986328072240322,0.0005785412527424256,0.06715812286646602,0.07368286591590831
T-L,AN,mc_learned_baseline,False,42,11,30360,2816,2816,0,22528,2200,15180,60720,262144,0.6611718750000002,0.5949,0.6596426826832507,0.023511121647278754,0.00029872986748404924,public_state_tabular_independent_mc,0,0.49825495626332345,0.5069060999667272,True,accepted_empirical,0.1,1,1.4495498467321545e-09,-0.062230618565529604,100,5.0,0.03380859375,empirical,0.009867462187999493,0.2974332759854238,0.11841310125641621,0.03524260821218361,0.004452854879761062,0.06080286399384778,0.066361704011568
T-L,AN,mc_learned_baseline,False,42,12,33120,3072,3072,0,24576,2400,16560,66240,262144,0.6932812500000001,0.7458,0.6818773321075681,0.02223464942431741,0.00027223171759768077,public_state_tabular_independent_mc,0,0.48682339288269905,0.5530860000289977,True,accepted_empirical,0.1,1,1.39054243359172e-09,-0.05710334645819198,100,5.0,0.015234374999999998,empirical,0.006337020139872484,0.27411246209713447,0.11490237514484802,0.02066144617035859,0.0024837364252928724,0.05591579195403449,0.06506422405842227
T-L,AN,mc_learned_baseline,False,42,13,35880,3328,3328,0,26624,2600,17940,71760,262144,0.5559375,0.6524999999999999,0.7127780359816277,0.030900703874059632,0.000564962346277595,public_state_tabular_independent_mc,0,0.47035069770682636,0.595675399992615,True,accepted_empirical,0.1,1,2.4608077658272296e-09,-0.11700721175910517,100,5.0,0.039609375,empirical,0.009179118386769797,0.3523621742402579,0.15090897403222686,0.000620080758602537,0.010318493561091269,0.11834883974265487,0.05372399813610529
T-L,AN,mc_learned_baseline,False,42,14,38640,3584,3584,0,28672,2800,19320,77280,262144,0.7239843750000001,0.7136999999999999,0.7347061835304953,0.021928147548867627,0.00031011126782700527,public_state_tabular_independent_mc,0,0.45773296455854556,0.640703700017184,True,accepted_empirical,0.1,1,4.075709613978821e-09,-0.06351216377213975,100,5.0,0.027421875,empirical,0.007746429740280644,0.2401114306506582,0.10358536217188337,-0.03693153619721645,0.0019243786321292986,0.06371876985764131,0.05649461167618515
T-L,AN,mc_learned_baseline,False,42,15,41400,3840,3840,0,30720,3000,20700,82800,262144,0.733125,0.7803,0.7550030130261436,0.02029682949564826,0.0002837353826156141,public_state_tabular_independent_mc,0,0.44600377615675196,0.6846475000493228,True,accepted_empirical,0.1,1,4.144441170014225e-09,-0.05783352716377056,100,5.0,0.01505859375,empirical,0.006991047751443257,0.22740381055406128,0.09717441865945486,0.0047044380614091885,0.0009837900724883352,0.058306485756017865,0.05318059051886685
T-L,AN,mc_learned_baseline,False,42,16,44160,4096,4096,0,32768,3200,22080,88320,262144,0.7971093750000001,0.8214,0.7699748645865641,0.014971851560420468,0.00016733555013617496,public_state_tabular_independent_mc,0,0.43706997823036764,0.7276176000013947,True,accepted_empirical,0.1,1,4.1518294734702727e-10,-0.03385660818988841,100,5.0,0.017343749999999998,empirical,0.006413882320453138,0.1696187744140625,0.0659687697160169,0.01797447971184618,0.0025368249330313987,0.03426710886190208,0.047368514589555696
T-L,AN,mc_learned_baseline,False,42,17,46920,4352,4352,0,34816,3400,23460,93840,262144,0.7542187500000002,0.8103,0.7866586659863009,0.016683801399736797,0.00022129625482383473,public_state_tabular_independent_mc,0,0.4266711041330038,0.771120100049302,True,accepted_empirical,0.1,1,1.842900245574198e-09,-0.04660393106366269,100,5.0,0.009199218749999998,empirical,0.0050374589366013215,0.21044347229003907,0.0840418447974634,0.003990031834891883,0.0005417780138969414,0.04575260780922298,0.04614092098182995
T-L,AN,mc_learned_baseline,False,42,18,49680,4608,4608,0,36864,3600,24840,99360,262144,0.8090625000000001,0.6677999999999998,0.7992917922087486,0.012633126222447721,0.0001385477861904468,public_state_tabular_independent_mc,0,0.41815482453902825,0.8238839000696316,True,accepted_empirical,0.1,1,8.119586716108674e-10,-0.028516759088526078,100,5.0,0.0076171875,empirical,0.005458328226173071,0.14327254420297109,0.05910542669434516,0.006911945771014838,0.0023249550355699763,0.028558389087051123,0.04059110126961936
T-L,AN,mc_learned_baseline,False,42,19,52440,4864,4864,0,38912,3800,26220,104880,262144,0.733828125,0.8393999999999998,0.8189227934538167,0.019631001245068114,0.0004721606329032792,public_state_tabular_independent_mc,0,0.40512471424366514,0.8783180000027642,True,accepted_empirical,0.1,1,3.5182322545470102e-09,-0.101937089446128,100,5.0,0.0234375,empirical,0.007182659179846669,0.22736933272042903,0.09790156936993083,-0.03990689989642182,0.0285843574358958,0.10219452032395197,0.011410767061305394
T-L,AN,mc_learned_baseline,False,42,20,55200,5120,5120,0,40960,4000,27600,110400,262144,0.8013281250000002,0.8592,0.8313289341068014,0.012406140652984732,0.00018549298829085577,public_state_tabular_independent_mc,0,0.39655118207793133,0.9205039000371471,True,accepted_empirical,0.1,1,7.129317113951855e-10,-0.04206645090159039,100,5.0,0.0044531250000000005,empirical,0.003870400256595075,0.1551376330262076,0.05735900346647606,0.010296699116505992,0.004575054867121993,0.03860715626990571,0.030384147302478112
T-L,AN,mc_learned_baseline,False,42,21,57960,5376,5376,0,43008,4200,28980,115920,262144,0.78046875,0.8391,0.8448447482950632,0.013515814188261754,0.0002198489679096121,public_state_tabular_independent_mc,0,0.3867720486120811,0.9622907000593841,True,accepted_empirical,0.1,1,3.2755625166690875e-09,-0.04745424269317823,100,5.0,0.0028710937500000004,empirical,0.00249960207525044,0.1588559294832066,0.06542047096838732,-0.0013659459019839115,0.0020646288141590876,0.04605494037399696,0.029792180375252247
T-L,AN,mc_learned_baseline,False,42,22,60720,5632,5632,0,45056,4400,30360,121440,262144,0.8341406250000001,0.8687999999999999,0.8545203032824709,0.009675554987407686,0.00013187488667858234,public_state_tabular_independent_mc,0,0.3790093130836242,1.0064652999863029,True,accepted_empirical,0.1,1,1.6323311981197803e-09,-0.02855186075450792,100,5.0,0.0057421875,empirical,0.003530404811976704,0.118272028591589,0.04387640495295338,0.023217969634698354,0.0020789197047203977,0.027143518832624766,0.026186492623152847
T-L,AN,mc_learned_baseline,False,42,23,63480,5888,5888,0,47104,4600,31740,126960,262144,0.8662500000000002,0.8799000000000001,0.8660900967169726,0.011569793434501707,0.0002450422831011404,public_state_tabular_independent_mc,0,0.36998425144076097,1.0469897000584751,True,accepted_empirical,0.1,1,5.519001293369635e-10,-0.04458944582696931,100,5.0,0.012187499999999997,empirical,0.005384888704293905,0.12091426500938918,0.045665286958817,0.029398307251212508,0.011707704381047089,0.05198305183854834,0.014114866379382314
T-L,AN,mc_learned_baseline,False,42,24,66240,6144,6144,0,49152,4800,33120,132480,262144,0.8564062500000003,0.8808000000000001,0.8753265261551557,0.009236429438183147,0.00014149438891129971,public_state_tabular_independent_mc,0,0.3619786381151263,1.0898089000256732,True,accepted_empirical,0.1,1,1.8567860580513304e-09,-0.02962144296377091,100,5.0,0.01201171875,empirical,0.005502869323625453,0.09685331088169075,0.036152010610313964,0.020134003262412548,0.0005003690901651847,0.02922839623782722,0.02213884873888805
T-L,AN,mc_learned_baseline,False,42,25,69000,6400,6400,0,51200,5000,34500,138000,262144,0.8878125000000002,0.9098999999999999,0.8843197264637166,0.008993200308560878,0.00015996529761856988,public_state_tabular_independent_mc,0,0.35430943564509965,1.134432899998501,True,accepted_empirical,0.1,1,1.628610714914125e-09,-0.03344858358808729,100,5.0,0.0,empirical,0.0,0.10677481103051148,0.04420186514730277,-0.05126558293816941,0.0028631750966739288,0.033596103736976024,0.017309691090749063
T-L,AN,mc_learned_baseline,False,42,26,71760,6656,6656,0,53248,5200,35880,143520,262144,0.8730468750000002,0.8802,0.8907167468797564,0.006397020416039845,9.607477107635504e-05,public_state_tabular_independent_mc,0,0.3479819391500068,1.188510000007227,True,accepted_empirical,0.1,1,1.0470120428359925e-09,-0.019704607341942466,100,5.0,0.013183593750000002,empirical,0.005181953607141372,0.06895371268842025,0.02615052471951401,0.006826024994131874,0.0020889511471872246,0.020146617186645868,0.015506260172726664
T-L,AN,mc_learned_baseline,False,42,27,74520,6912,6912,0,55296,5400,37260,149040,262144,0.8662500000000002,0.8771999999999999,0.8975291625993104,0.0068124157195539325,0.0001466315103926319,public_state_tabular_independent_mc,0,0.3414066379550224,1.2367422999814153,True,accepted_empirical,0.1,1,1.8794019776438758e-09,-0.030747321037743677,100,5.0,0.003984375,empirical,0.003282871288370381,0.0785375434027778,0.031546014541588646,0.017087461824079497,0.008435238324115253,0.031890962998668865,0.007529859553951163
T-L,AN,mc_learned_baseline,False,42,28,77280,7168,7168,0,57344,5600,38640,154560,262144,0.8571093750000002,0.8622,0.9055657305681756,0.008036567968865205,0.000220555684406825,public_state_tabular_independent_mc,0,0.3331707933220851,1.288316100020893,True,accepted_empirical,0.1,1,1.6215795727639494e-09,-0.04687531630072986,100,5.0,0.0,empirical,0.0008294511660071416,0.09174057250271939,0.03617158712548056,0.012186127497762156,0.015061961642243861,0.04818641663943384,-0.0009907178274193365
T-L,AN,mc_learned_baseline,False,42,29,80040,7424,7424,0,59392,5800,40020,160080,262144,0.8964843750000002,0.9330000000000002,0.9118892916204901,0.006323561052314575,0.00020300339425975112,public_state_tabular_independent_mc,0,0.32676626953719695,1.3292488000588492,True,accepted_empirical,0.1,1,3.447994514789792e-09,-0.040968265465329085,100,5.0,0.0005859375000000001,empirical,0.0005859375,0.07694291449652778,0.0254914294135656,0.013184964196824134,0.018251483391625866,0.044163242774380225,-0.006380438349108897
T-L,AN,mc_learned_baseline,False,42,30,82800,7680,7680,0,61440,6000,41400,165600,262144,0.9257812500000002,0.9096000000000001,0.9128188129001751,0.0009295212796849306,1.0158087136856163e-05,public_state_tabular_independent_mc,0,0.32513134463694615,1.3726172000169754,True,accepted_empirical,0.1,1,1.0308120767299337e-10,-0.002010625535801695,100,5.0,0.00228515625,empirical,0.002431034414339844,0.012563873045860563,0.0013971201198163974,0.06436013280584563,0.007232245679718352,0.0020237684803554854,0.0028534992278519277
T-L,AN,mc_learned_baseline,False,42,31,85560,7936,7936,0,63488,6200,42780,171120,262144,0.8782031250000002,0.9363000000000001,0.9203581907774158,0.007539377877240683,0.00028417025076912713,public_state_tabular_independent_mc,0,0.31697464419311455,1.4191590000409633,True,accepted_empirical,0.1,1,2.20433929302203e-09,-0.06476193204543101,100,5.0,0.007441406249999999,empirical,0.003991503981249873,0.09202662316460739,0.036038960150112265,0.006923764551833522,0.028075106443380928,0.06471589032609873,-0.01800081906510021
T-L,AN,mc_learned_baseline,False,42,32,88320,8192,8192,0,65536,6400,44160,176640,262144,0.9215625000000002,0.9038999999999998,0.9232463664463051,0.0028881756688893256,4.2221212454487584e-05,public_state_tabular_independent_mc,0,0.31339671149908915,1.4808487000409514,True,accepted_empirical,0.1,1,2.0445478365028802e-10,-0.008845089416866871,100,5.0,0.0069140625,empirical,0.0034273523824828035,0.034924084472656255,0.010750466201022574,0.021935290934660845,0.0006112876935886093,0.008837680588208607,0.007264951332855728
T-L,AN,mc_learned_baseline,False,42,33,91080,8448,8448,0,67584,6600,45540,182160,262144,0.9304687500000002,0.924,0.9241506791719662,0.0009043127256611605,1.1462694393588468e-05,public_state_tabular_independent_mc,0,0.3116944283351327,1.5377438999712467,True,accepted_empirical,0.1,1,1.4549836978559524e-11,-0.0023055055323617634,100,5.0,0.0005859375000000001,empirical,0.0005859375,0.010961608886718759,0.00026281150572758606,0.09343951556477115,0.004712289082374977,0.0023031679386358254,0.002450143724494147
T-L,AN,mc_learned_baseline,False,42,34,93840,8704,8704,0,69632,6800,46920,187680,262144,0.9609375000000002,0.9510000000000001,0.9250253802677756,0.0008747010958093382,1.0403522165782176e-05,public_state_tabular_independent_mc,0,0.3100491822259795,1.5764644000446424,True,accepted_empirical,0.1,1,5.095146533595331e-11,-0.0020672212366406027,100,5.0,0.0011718750000000002,empirical,0.0008278295590484756,0.0095656417720574,0.00019559906516112616,0.036392886124320456,0.004676269207199394,0.002077694944949222,0.002508301381556872
T-L,AN,mc_learned_baseline,False,42,35,96600,8960,8960,0,71680,7000,48300,193200,262144,0.9468750000000001,0.9480000000000001,0.9259395280507652,0.0009141477829895939,1.023513233953383e-05,public_state_tabular_independent_mc,0,0.30836117808290414,1.6130307000130415,True,accepted_empirical,0.1,1,5.738984779189097e-11,-0.0020316785482590157,100,5.0,0.0011718750000000002,empirical,0.0008278295590484758,0.011776113251240441,0.0009720363660169454,0.061504759478022475,0.004449408539717161,0.002043031191820922,0.002753427688800632
T-L,AN,mc_learned_baseline,False,42,36,99360,9216,9216,0,73728,7200,49680,198720,262144,0.9353906250000003,0.9216000000000001,0.9281605433192233,0.002221015268458082,4.371251512547926e-05,public_state_tabular_independent_mc,0,0.3048964550891431,1.6502445000223815,True,accepted_empirical,0.1,1,9.335481736723377e-11,-0.009236517568874496,100,5.0,0.0022851562500000003,empirical,0.0024310344143398444,0.02120151367187501,0.0055463850420934034,0.03262929966406691,0.004049115321743987,0.009120495409356628,0.0031569406334078023
T-L,AN,mc_learned_baseline,False,42,37,102120,9472,9472,0,75776,7400,51060,204240,262144,0.9260156250000001,0.9419999999999998,0.9302176025977624,0.002057059278539164,2.7629109590496775e-05,public_state_tabular_independent_mc,0,0.3019612861996836,1.6925085000693798,True,accepted_empirical,0.1,1,3.081052004090101e-10,-0.005877144276255476,100,5.0,0.0040429687500000006,empirical,0.0026306166139225323,0.024186437263557556,0.005323494916910135,0.04233208071307004,0.0013491505368555523,0.005685595508718205,0.005560485590388315
T-L,AN,mc_learned_baseline,False,42,38,104880,9728,9728,0,77824,7600,52440,209760,262144,0.9473437500000002,0.9122999999999999,0.9334275219059294,0.003209919308166942,6.473834439873485e-05,public_state_tabular_independent_mc,0,0.2977035100184682,1.7331118000438437,True,accepted_empirical,0.1,1,8.682336869662587e-10,-0.013246035395455992,100,5.0,0.00345703125,empirical,0.0025660765804063276,0.0339223378499349,0.010596476830031922,0.004690062463329259,0.002052021867653449,0.013804235559236998,0.004497296642216601
T-L,AN,mc_learned_baseline,False,42,39,107640,9984,9984,0,79872,7800,53820,215280,262144,0.9473437500000002,0.9483000000000001,0.9364284649947457,0.003000943088816377,7.417535018489738e-05,public_state_tabular_independent_mc,0,0.29368870280805687,1.7742848000489175,True,accepted_empirical,0.1,1,8.983349436553744e-10,-0.01535023848251138,100,5.0,0.0016992187500000002,empirical,0.0023601911752726573,0.034027050781250005,0.010828028168772047,0.004505712100397963,0.0043686815990674165,0.016061136562507818,0.0014121350770748622
T-L,AN,mc_learned_baseline,False,42,40,110400,10240,10240,0,81920,8000,55200,220800,262144,0.9215625000000002,0.9003,0.9393596232169912,0.0029311582222454335,0.00010809726931232665,public_state_tabular_independent_mc,0,0.2895122461314199,1.820125799975358,True,accepted_empirical,0.1,1,7.387658976177834e-10,-0.02511636738919699,100,5.0,0.00287109375,empirical,0.0023579697406467485,0.03731939746244453,0.01051081603065711,0.029109167097500332,0.01177664306278042,0.02460366724829412,-0.006756064550694222
T-L,AN,mc_learned_baseline,False,42,41,113160,10496,10496,0,83968,8200,56580,226320,262144,0.9234375000000002,0.9572999999999999,0.9404106267251809,0.0010510035081897628,1.4854318698052141e-05,public_state_tabular_independent_mc,0,0.2874536700399888,1.8695701999822631,True,accepted_empirical,0.1,1,4.7539233095959014e-11,-0.002964450988333516,100,5.0,0.0005859375000000001,empirical,0.0005859375,0.01130767822265626,3.586011082208363e-05,0.10443752146396479,0.0018233000135834685,0.0029699176728662465,0.0025472485823393883
T-L,AN,mc_learned_baseline,False,42,42,115920,10752,10752,0,86016,8400,57960,231840,262144,0.9166406250000001,0.9186,0.9423365585466502,0.0019259318214692733,4.5883358772583366e-05,public_state_tabular_independent_mc,0,0.2843386456454429,1.9083418999798596,True,accepted_empirical,0.1,1,1.123841104486961e-09,-0.010960811341598114,100,5.0,0.0011718750000000002,empirical,0.0008278295590484756,0.02587180175781252,0.0058625039586084155,0.03368143774389165,0.0032705965047818302,0.00977146329510859,0.0011275071983523847
T-L,AN,mc_learned_baseline,False,42,43,120728,11008,11008,0,90112,8600,60364,241456,262144,0.9351562500000002,0.9419999999999998,0.9428912020371178,0.0005546434904676323,4.086306016366072e-06,public_state_tabular_independent_mc,0,0.2832435172251389,1.9652592999627814,True,accepted_empirical,0.05,2,1.5388574162367773e-10,-0.0032808586501158147,100,5.0,0.0011718750000000002,empirical,0.0008278295590484756,0.010707750302881097,0.00011871675257023396,0.08539523387131054,0.0015404134233087665,0.0033150081765658734,0.0025602499004076353
T-L,AN,mc_learned_baseline,False,42,44,123488,11264,11264,0,92160,8800,61744,246976,262144,0.9471093750000003,0.945,0.9450178131143349,0.002126611077217011,8.245416015808857e-05,public_state_tabular_independent_mc,0,0.27971591053964273,2.0038803999777883,True,accepted_empirical,0.1,1,1.3175663123222342e-09,-0.017891993220056038,100,5.0,0.0011718750000000002,empirical,0.0011718750000000002,0.023635250342932634,0.005489286033963144,0.015467549161768512,0.01027669825565133,0.019053341375783305,-0.006161731920610335
T-L,AN,mc_learned_baseline,False,42,45,126248,11520,11520,0,94208,9000,63124,252496,262144,0.9703125000000002,0.9510000000000001,0.9458475468766675,0.0008297337623326406,9.178829818697483e-06,public_state_tabular_independent_mc,0,0.27806115288780026,2.046687399968505,True,accepted_empirical,0.1,1,5.8092667697187885e-11,-0.0018201184318507964,100,5.0,0.0005859375000000001,empirical,0.001015535322230033,0.009667968749999995,0.00021521119476833984,-0.024960998439937487,0.0012522264791761182,0.0018315076046325478,0.002523823373513121
T-L,AN,mc_learned_baseline,False,42,46,129008,11776,11776,0,96256,9200,64504,258016,262144,0.9421875000000002,0.9362999999999999,0.9467564670939185,0.0009089202172509747,1.0917520819172648e-05,public_state_tabular_independent_mc,0,0.2762435227610751,2.0918392000021413,True,accepted_empirical,0.1,1,1.6098691465544587e-10,-0.002222556343506088,100,5.0,0.0023437500000000003,empirical,0.0014329053976264332,0.010692443847656257,0.0001812330322796355,0.05979120100310764,0.001203942604635044,0.002207001096095162,0.002594973313095813
T-L,AN,mc_learned_baseline,False,42,47,131768,12032,12032,0,98304,9400,65884,263536,262144,0.9656250000000002,0.954,0.9476057558369295,0.0008492887430110452,9.448602095335883e-06,public_state_tabular_independent_mc,0,0.27454041794075273,2.1369813999626786,True,accepted_empirical,0.1,1,1.744584667541511e-11,-0.0018822114878237566,100,5.0,0.0005859375000000001,empirical,0.001015535322230033,0.00923126220703125,8.032368555464935e-06,0.024288406550559305,0.001248926650310685,0.0018899387458165859,0.0025742058421331063
T-L,AN,mc_learned_baseline,False,42,48,134528,12288,12288,0,100352,9600,67264,269056,262144,0.9539062500000002,0.9570000000000002,0.9487174480684203,0.0011116922314907685,1.5960822952162694e-05,public_state_tabular_independent_mc,0,0.2723062469058517,2.1822802000679076,True,accepted_empirical,0.1,1,3.1702423942001453e-10,-0.003142967746633236,100,5.0,0.0005859375000000001,empirical,0.0005859375,0.009894322141536998,5.037304089927706e-05,0.04887306089697985,0.00119275726942481,0.003175729052049761,0.002652217113377212
T-L,AN,mc_learned_baseline,False,42,49,137288,12544,12544,0,102400,9800,68644,274576,262144,0.9562500000000002,0.9570000000000001,0.9496459299283508,0.0009284818599305522,1.1020743011569224e-05,public_state_tabular_independent_mc,0,0.2704344289292412,2.2284498000517488,True,accepted_empirical,0.1,1,2.9412248021794803e-10,-0.002256310930601796,100,5.0,0.0011718750000000002,empirical,0.0011718750000000002,0.009745827838143059,7.641614914157774e-05,0.04000544510742421,0.0011904433689635544,0.0022339824858080763,0.002680952013834457
T-L,AN,mc_learned_baseline,False,42,50,140048,12800,12800,0,104448,10000,70024,280096,262144,0.9494531250000002,0.9540000000000001,0.9516126659508444,0.0019667360224935315,6.236573557512736e-05,public_state_tabular_independent_mc,0,0.267057917266481,2.2763998999726027,True,accepted_empirical,0.1,1,2.0817136859350315e-10,-0.01425949639551651,100,5.0,0.0017578125000000003,empirical,0.0010128855190910918,0.02063001829964932,0.0053925145756978906,0.018411237450642992,0.006421501939839673,0.014089294424667864,-0.0025291514284984506
T-L,AN,mc_learned_baseline,False,42,51,142808,13056,13056,0,106496,10200,71404,285616,262144,0.9328125000000002,0.9540000000000001,0.9528696917612447,0.0012570258104003251,1.980419914748802e-05,public_state_tabular_independent_mc,0,0.2645070376129361,2.327130399993621,True,accepted_empirical,0.1,1,5.099144859497803e-12,-0.003990626996709948,100,5.0,0.0017578125000000003,empirical,0.0013091700850443525,0.010714416503906251,0.00018733186728795012,0.09519820609309726,0.0009869744899108997,0.003982225903854364,0.0026425532465082155
T-L,AN,mc_learned_baseline,False,42,52,145568,13312,13312,0,108544,10400,72784,291136,262144,0.9609375000000002,0.9333000000000001,0.9539404924611044,0.001070800699859653,1.4058897825098094e-05,public_state_tabular_independent_mc,0,0.26233084752929686,2.3720081000356004,True,accepted_empirical,0.1,1,2.972038076228698e-10,-0.00277574798354642,100,5.0,0.0011718750000000002,empirical,0.0008278295590484758,0.010255313913445726,0.0007033426437575538,-0.0110656456940037,0.0008352015796564782,0.0027963707686685206,0.0028193808148871393
T-L,AN,mc_learned_baseline,False,42,53,148328,13568,13568,0,110592,10600,74164,296656,262144,0.9492187500000002,0.963,0.9550205419781792,0.0010800495170748547,1.4387396446678869e-05,public_state_tabular_independent_mc,0,0.2601227755421676,2.4206561000319198,True,accepted_empirical,0.1,1,4.2464687890034525e-10,-0.0028285015566234598,100,5.0,0.0029296875000000004,empirical,0.0013050580369279308,0.010082702636718755,6.633039405349232e-06,0.05828750981932407,0.0008688532751207794,0.002857185289642083,0.00280279084411981
T-L,AN,mc_learned_baseline,False,42,54,151088,13824,13824,0,112640,10800,75544,302176,262144,0.9492187500000002,0.9719999999999999,0.9561577546914869,0.0011372127133076892,1.5834866468058762e-05,public_state_tabular_independent_mc,0,0.25778926370912997,2.4608559000771493,True,accepted_empirical,0.1,1,6.707138155181534e-12,-0.0031827482998833226,100,5.0,0.0035156250000000005,empirical,0.0014282088743478316,0.010313415527343758,0.00011787434860931621,0.04748982360922627,0.0008779540419758501,0.00318412260296236,0.002812750355422008
T-L,AN,mc_learned_baseline,False,42,55,153848,14080,14080,0,114688,11000,76924,307696,262144,0.9541406250000002,0.9600000000000002,0.9578519795736739,0.0016942248821869565,7.928603522913805e-05,public_state_tabular_independent_mc,0,0.25476485308755203,2.5059900999767706,True,accepted_empirical,0.1,1,1.7968527525991244e-09,-0.020492006780579167,100,5.0,0.0023437500000000003,empirical,0.001168429990096266,0.020428076171875,0.005442456685356988,0.01542652043425874,0.012796365142639392,0.019848844348340295,-0.009086962041112097
T-L,AN,mc_learned_baseline,False,42,56,156608,14336,14336,0,116736,11200,78304,313216,262144,0.9611718750000001,0.972,0.9592704301780423,0.0014184506043684042,5.711889585989868e-05,public_state_tabular_independent_mc,0,0.2520147607948482,2.5515883000334725,True,accepted_empirical,0.1,1,8.154317613738962e-11,-0.03389414076444592,100,5.0,0.0011718750000000002,empirical,0.0008278295590484756,0.020022680664062507,0.005562879842668879,0.010197473621435083,0.00923388178574803,0.0144155246288352,-0.005763368275467371
T-L,AN,mc_learned_baseline,False,42,57,163464,14592,14592,0,122880,11400,81732,326928,262144,0.9656250000000002,0.981,0.959372303955159,0.00010187377711678991,1.2367098330822082e-07,public_state_tabular_independent_mc,0,0.2518042160582269,2.6333919999888167,True,accepted_empirical,0.01,3,7.795982308704529e-10,-0.0028539117804325855,100,5.0,0.0,empirical,0.0,0.009107666015625003,3.0685205339776575e-06,0.03086820899402165,0.00044193660190435636,0.0028829764900568378,0.002907977534584851
T-L,AN,mc_learned_baseline,False,42,58,166224,14848,14848,0,124928,11600,83112,332448,262144,0.9515625000000001,0.9693,0.9605216528549847,0.001149348899825653,1.562067608664155e-05,public_state_tabular_independent_mc,0,0.2494265469780154,2.6787963999668136,True,accepted_empirical,0.1,1,1.0636093532420552e-10,-0.003167591048450838,100,5.0,0.0005859375000000001,empirical,0.0005859375,0.010103860473632816,0.00022957779588689376,0.04382460790008702,0.00042952875997256213,0.003153872592834929,0.0029216185496498924
T-L,AN,mc_learned_baseline,False,42,59,168984,15104,15104,0,126976,11800,84492,337968,262144,0.9539062500000002,0.963,0.9616913794189158,0.001169726563931106,1.6180518756108278e-05,public_state_tabular_independent_mc,0,0.2469945786173184,2.7233084000181407,True,accepted_empirical,0.1,1,4.4452516549120294e-10,-0.003319080485059133,100,5.0,0.0,empirical,0.0,0.009841003417968754,4.2833902719818386e-06,0.04930045651306747,0.0004469440415878814,0.003284630578618538,0.0029157981973553333
T-L,AN,mc_learned_baseline,False,42,60,171744,15360,15360,0,129024,12000,85872,343488,262144,0.9541406250000002,0.9990000000000001,0.9634376970998898,0.0017463176809739966,7.648907740125543e-05,public_state_tabular_independent_mc,0,0.24374136730274457,2.770689200027846,True,accepted_empirical,0.1,1,5.660197950927295e-10,-0.030421506861780863,100,5.0,0.0011718750000000002,empirical,0.0008278295590484758,0.0231164306640625,0.005299709769384838,0.011203461321126928,0.01176536737421127,0.019237458464363796,-0.008390888843983087
T-L,AN,mc_learned_baseline,False,42,61,174504,15616,15616,0,131072,12200,87252,349008,262144,0.9585937500000001,0.9600000000000002,0.9645907321471382,0.0011530350472483963,1.5780469405958718e-05,public_state_tabular_independent_mc,0,0.24131897001156233,2.8198784000705928,True,accepted_empirical,0.1,1,4.388492614094814e-10,-0.003237729017613492,100,5.0,0.0035156250000000005,empirical,0.0014282088743478316,0.009632263183593757,3.679505226942287e-05,0.038062707736609136,0.00024060307535187647,0.0032039223704570102,0.002910545774221865
T-L,AN,mc_learned_baseline,False,42,62,177264,15872,15872,0,133120,12400,88632,354528,262144,0.9867187500000003,0.96,0.9654740029464967,0.0008832707993584599,9.222665347632731e-06,public_state_tabular_independent_mc,0,0.23945647687045593,2.873927399981767,True,accepted_empirical,0.1,1,1.5476193882354056e-10,-0.0018800645234985747,100,5.0,0.0011718750000000002,empirical,0.0011718750000000002,0.007822265624999998,9.498379211306968e-06,-0.016202531645569174,0.0003520181155610613,0.0018661988995242792,0.0028103814460549176
T-L,AN,mc_learned_baseline,False,42,63,180024,16128,16128,0,135168,12600,90012,360048,262144,0.9609375000000002,0.9810000000000001,0.9666593378499164,0.0011853349034197658,1.6565720726166934e-05,public_state_tabular_independent_mc,0,0.2369475935844699,2.916915100067854,True,accepted_empirical,0.1,1,1.9066534980063977e-10,-0.003375470214503695,100,5.0,0.0011718750000000002,empirical,0.0008278295590484758,0.009404296875,4.9713879469817525e-05,0.03846394005619713,0.0002451864445375103,0.003351532606315611,0.0029248929921084463
T-L,AN,mc_learned_baseline,False,42,64,182784,16384,16384,0,137216,12800,91392,365568,262144,0.9492187500000002,0.936,0.9679218924239024,0.0012625545739859412,1.8735144077962447e-05,public_state_tabular_independent_mc,0,0.23426317267198893,2.9804168000118807,True,accepted_empirical,0.1,1,4.4469995523263145e-10,-0.003698267737643126,100,5.0,0.0023437500000000003,empirical,0.001168429990096266,0.010313415527343758,1.4426044811202999e-05,0.04748982360922638,0.00027606221562028713,0.0037293739710733457,0.002903032965822746
T-L,AN,mc_learned_baseline,False,42,65,185544,16640,16640,0,139264,13000,92772,371088,262144,0.9796875000000003,0.9483,0.968942428078522,0.0010205356546196809,1.220292027361507e-05,public_state_tabular_independent_mc,0,0.23208406061715237,3.031741700018756,True,accepted_empirical,0.1,1,2.9958413857017245e-10,-0.0024066475345974063,100,5.0,0.0011718750000000002,empirical,0.0011718750000000002,0.008173828124999998,4.734272186360984e-06,0.006567654302560233,0.0002551971457992586,0.0024264774630062417,0.0029318744905061627
T-L,AN,mc_learned_baseline,False,42,66,188304,16896,16896,0,141312,13200,94152,376608,262144,0.9539062500000002,0.9540000000000001,0.970225238137792,0.001282810059270001,1.9250312165868615e-05,public_state_tabular_independent_mc,0,0.22933297003927142,3.0757310000481084,True,accepted_empirical,0.1,1,4.0562638208330894e-10,-0.003795680606375946,100,5.0,0.0005859375000000001,empirical,0.0005859375,0.010192565917968762,7.707416830091695e-05,0.03228094021008432,0.0002836861470053833,0.003834976378289394,0.002908606635962833
T-L,AN,mc_learned_baseline,False,42,67,191064,17152,17152,0,143360,13400,95532,382128,262144,0.9773437500000002,0.972,0.9712043526386666,0.0009791145008745117,1.1188755965289149e-05,public_state_tabular_independent_mc,0,0.2272240766419341,3.114039700012654,True,accepted_empirical,0.1,1,5.359349291151771e-11,-0.002232226984905162,100,5.0,0.0011718750000000002,empirical,0.0011718750000000004,0.00826995849609375,6.278000229127686e-05,0.014645150726799172,0.00027827389077060246,0.0022371381521427668,0.0029190267226437746
T-L,AN,mc_learned_baseline,False,42,68,193824,17408,17408,0,145408,13600,96912,387648,262144,0.9609375000000002,0.9900000000000001,0.9724082240060401,0.0012038713673735435,1.6857884894155697e-05,public_state_tabular_independent_mc,0,0.22462119749237386,3.1631183000281453,True,accepted_empirical,0.1,1,1.1255670167632365e-10,-0.0033606921676727977,100,5.0,0.0005859375000000001,empirical,0.0005859375,0.009763036155020303,0.0002788143773770651,0.001248434044628488,0.00022900867006112258,0.003371359988603637,0.0029709485851949036
T-L,AN,mc_learned_baseline,False,42,69,196584,17664,17664,0,147456,13800,98292,393168,262144,0.9820312500000002,0.9690000000000001,0.9734582423240581,0.0010500183180179867,1.2846571386564945e-05,public_state_tabular_independent_mc,0,0.2223399285233846,3.215146300033666,True,accepted_empirical,0.1,1,3.596913958744279e-11,-0.002557135093801812,100,5.0,0.0011718750000000002,empirical,0.0008278295590484756,0.00806121826171875,4.79697923255998e-05,-0.00090026241691743,0.00023814347581269508,0.0025724007268473365,0.0029630014729970138
T-L,AN,mc_learned_baseline,False,42,70,199344,17920,17920,0,149504,14000,99672,398688,262144,0.9682031250000003,0.9719999999999999,0.9749302455372665,0.0014720032132083949,4.193864725541817e-05,public_state_tabular_independent_mc,0,0.21925180527478794,3.261286500026472,True,accepted_empirical,0.1,1,2.2247546340571753e-10,-0.042835333572526,100,5.0,0.004101562500000001,empirical,0.0015411167927199777,0.022247412109375003,0.005299399914534036,0.003430725304984561,0.004762677937934773,0.009936121587023327,-0.0015611128538377036
T-L,AN,mc_learned_baseline,False,42,71,204152,18176,18176,0,153600,14200,102076,408304,262144,0.9468750000000001,0.9990000000000001,0.9755692392878804,0.0006389937506139365,4.77856935966225e-06,public_state_tabular_independent_mc,0,0.2178507287284541,3.3272313000634313,True,accepted_empirical,0.05,2,8.798597986308093e-12,-0.0038164515793390093,100,5.0,0.0005859375000000001,empirical,0.0005859375,0.010250244140625007,0.00010442340875993512,0.06043400044974079,0.0002041440881889452,0.0038233795809635954,0.0029083965466439976
T-L,AN,mc_learned_baseline,False,42,72,206912,18432,18432,0,155648,14400,103456,413824,262144,0.9750000000000002,0.9690000000000001,0.9766853402449808,0.0011161009571003522,1.4599577867513305e-05,public_state_tabular_independent_mc,0,0.2153947556978287,3.3766510999994352,True,accepted_empirical,0.1,1,1.69134123111008e-10,-0.0029762257073826896,100,5.0,0.0,empirical,0.0,0.008481445312500002,3.513919567224669e-05,0.015624999999999667,0.0001493093940530788,0.002954805445072516,0.002962671253491034
T-L,AN,mc_learned_baseline,False,42,73,211720,18688,18688,0,159744,14600,105860,423440,262144,0.9726562500000002,0.9840000000000001,0.9773065259249702,0.0006211856799894777,4.520248227663592e-06,public_state_tabular_independent_mc,0,0.21402294048271067,3.4425492000300437,True,accepted_empirical,0.05,2,9.082898509691477e-13,-0.0035989108594143737,100,5.0,0.0,empirical,0.0,0.008654479980468751,9.592607284811331e-05,0.018749457982828233,0.00018253620149787103,0.003623249382688012,0.002927431516047589
T-L,AN,mc_learned_baseline,False,42,74,214480,18944,18944,0,161792,14800,107240,428960,262144,0.9867187500000003,0.9453,0.978322478147553,0.0010159522225827722,1.2112538409012891e-05,public_state_tabular_independent_mc,0,0.21177166951223106,3.4884605000261217,True,accepted_empirical,0.1,1,1.87355488863251e-11,-0.0024154224896353604,100,5.0,0.0005859375000000001,empirical,0.0005859375,0.007492675781250001,2.21414500478524e-05,0.005670886075949455,0.0001753064370525554,0.002427852490779576,0.002932974258772928
T-L,AN,mc_learned_baseline,False,42,75,217240,19200,19200,0,163840,15000,108620,434480,262144,0.9656250000000002,0.9930000000000001,0.9796043436343939,0.0012818654868408386,1.9326226514104597e-05,public_state_tabular_independent_mc,0,0.2089173753268508,3.531151800067164,True,accepted_empirical,0.1,1,4.0394707012341526e-10,-0.003959979864789529,100,5.0,0.0029296875000000004,empirical,0.0013050580369279308,0.00931915283203126,3.176500932980509e-05,0.019609435924096807,0.00021741159513951876,0.003924471638819246,0.0028872345716142176
T-L,AN,mc_learned_baseline,False,42,76,222048,19456,19456,0,167936,15200,111024,444096,262144,0.9914062500000003,0.9990000000000001,0.9800640427903804,0.0004596991559865371,2.4843632633239695e-06,public_state_tabular_independent_mc,0,0.20788997417982186,3.5903765000402927,True,accepted_empirical,0.05,2,2.2096467410787924e-11,-0.0019754145404938224,100,5.0,0.0,empirical,0.0,0.007116394042968752,0.00021534164325537873,-0.0004949323233844893,0.00024502275326422987,0.001979966433237721,0.0028534873305978126
T-L,AN,mc_learned_baseline,False,42,77,224808,19712,19712,0,169984,15400,112404,449616,262144,0.9843750000000002,0.966,0.9810873927358692,0.001023349945488805,1.2347170664309664e-05,public_state_tabular_independent_mc,0,0.20559552872348164,3.6414197999984026,True,accepted_empirical,0.1,1,1.9600164343687892e-10,-0.002520222825292943,100,5.0,0.0029296875000000004,empirical,0.0013050580369279308,0.007701416015625002,4.4670967400770984e-07,0.00716535433070864,0.00016686862151157224,0.002501547696882849,0.0029290195905854197
T-L,AN,mc_learned_baseline,False,42,78,227568,19968,19968,0,172032,15600,113784,455136,262144,0.9703125000000001,0.972,0.9823128170691862,0.00122542433331696,1.776143976690929e-05,public_state_tabular_independent_mc,0,0.20283452563468263,3.686845100019127,True,accepted_empirical,0.1,1,5.292087358792309e-11,-0.0035939812449383383,100,5.0,0.0023437500000000003,empirical,0.0014329053976264335,0.009000549316406259,4.8926922471534535e-05,0.012124398019398241,0.00018042346587589513,0.0035860742303646426,0.0029088293415989812
T-L,AN,mc_learned_baseline,False,42,79,230328,20224,20224,0,174080,15800,115164,460656,262144,0.9984375000000003,0.996,0.9832459385151915,0.000933121446005325,1.0322223120408497e-05,public_state_tabular_independent_mc,0,0.2007220730858838,3.73239120002836,True,accepted_empirical,0.1,1,3.047755055592454e-10,-0.0020310703213451053,100,5.0,0.0017578125000000003,empirical,0.0010128855190910918,0.006448974609375,2.0106782647092415e-05,-0.0033349213911382236,0.00022660034953387228,0.002051469693919968,0.002853256432428806
T-L,AN,mc_learned_baseline,False,42,80,233088,20480,20480,0,176128,16000,116544,466176,262144,1.0007812500000002,0.972,0.9841335063283043,0.0008875678131128328,9.364784637044127e-06,public_state_tabular_independent_mc,0,0.19870455336317416,3.777670399984345,True,accepted_empirical,0.1,1,4.4920775221052806e-11,-0.0018692765745341473,100,5.0,0.0,empirical,0.0,0.0063473510742187485,1.4594753788308618e-06,-0.014216134694785554,0.0002645469933871135,0.0018730941313244824,0.002807094918035333
T-L,AN,mc_learned_baseline,False,42,81,235848,20736,20736,0,178176,16200,117924,471696,262144,0.9984375000000002,0.9600000000000002,0.9850781914412152,0.0009446851129109035,1.0644476297824266e-05,public_state_tabular_independent_mc,0,0.19654828242647315,3.838324200012721,True,accepted_empirical,0.1,1,1.449970439978297e-10,-0.0021030010881065713,100,5.0,0.0017578125000000003,empirical,0.0010128855190910918,0.006407775878906251,0.0001316802432814588,-0.00011910433539785714,0.00021055611662579033,0.0021233707260046248,0.002852421443779626
T-L,AN,mc_learned_baseline,False,42,82,238608,20992,20992,0,180224,16400,119304,477216,262144,1.0007812500000002,0.9780000000000001,0.9860070930125797,0.0009289015713644933,1.0328484391318367e-05,public_state_tabular_independent_mc,0,0.1944189238311114,3.9000579999992624,True,accepted_empirical,0.1,1,2.1756398027102027e-10,-0.0020347378149949097,100,5.0,0.0005859375000000001,empirical,0.0005859375,0.006446228027343745,3.340601708968286e-05,-0.022226617548890992,0.00022091017272829575,0.0020565800297724607,0.0028319344620267284
T-L,AN,mc_learned_baseline,False,42,83,241368,21248,21248,0,182272,16600,120684,482736,262144,0.9843750000000002,0.99,0.9870956657547527,0.0010885727421729996,1.425099042960653e-05,public_state_tabular_independent_mc,0,0.19191183879015825,3.944989599986002,True,accepted_empirical,0.1,1,3.016330704176274e-10,-0.0028190520549626133,100,5.0,0.0,empirical,0.0008294511660071416,0.007759094238281255,4.671736863307306e-05,0.0034448818897629963,0.00014794265202832947,0.0028401338500135243,0.002894022367019511
T-L,AN,mc_learned_baseline,False,42,84,244128,21504,21504,0,184320,16800,122064,488256,262144,0.9820312500000001,0.981,0.9882626759267656,0.0011670101720129278,1.6468063248138198e-05,public_state_tabular_independent_mc,0,0.18920980159296819,3.99637619999703,True,accepted_empirical,0.1,1,1.5324121758507542e-10,-0.003352623073521538,100,5.0,0.0005859375000000001,empirical,0.0005859375,0.007885437011718753,1.5235511208440224e-05,0.010132740820196662,0.00016413273710575403,0.0033346833180436003,0.0028639266647346256
T-L,AN,mc_learned_baseline,False,42,85,246888,21760,21760,0,186368,17000,123444,493776,262144,0.9890625000000002,0.99,0.9893689051531677,0.0011062292264020224,1.4880519483807086e-05,public_state_tabular_independent_mc,0,0.1866345435129081,4.052839100011624,True,accepted_empirical,0.1,1,2.1395284472104213e-10,-0.002943363076713428,100,5.0,0.0005859375000000001,empirical,0.0005859375,0.00741851806640625,0.00012871264068890044,-0.005111407827755876,0.0001483177060822316,0.002971357846986953,0.0028634486903589725
T-L,AN,mc_learned_baseline,False,42,86,249648,22016,22016,0,188416,17200,124824,499296,262144,0.9773437500000002,0.99,0.9906021281914699,0.0012332230383022003,1.862004439879726e-05,public_state_tabular_independent_mc,0,0.18374728911795968,4.09626720007509,True,accepted_empirical,0.1,1,2.575298828360068e-11,-0.003771648715550005,100,5.0,0.0,empirical,0.0011730210882934771,0.008302917480468752,0.00023853027315495816,0.012680335474011706,0.00021024456505240363,0.0037585764394240384,0.0027847538695002713
T-L,AN,mc_learned_baseline,False,42,87,252408,22272,22272,0,190464,17400,126204,504816,262144,0.9773437500000002,1.008,0.9918910192459761,0.001288891054506247,2.049774690506912e-05,public_state_tabular_independent_mc,0,0.180710838287738,4.1416684000287205,True,accepted_empirical,0.1,1,4.5846409711316737e-10,-0.0040567650572944135,100,5.0,0.0017578125000000003,empirical,0.0010128855190910918,0.00872314453125001,0.0001408106819100915,-0.012371058999036233,0.00026317802138407353,0.00409048161595743,0.0027116090529945396
T-L,AN,mc_learned_baseline,False,42,88,255168,22528,22528,0,192512,17600,127584,510336,262144,0.9820312500000001,0.99,0.9930698456900291,0.0011788264440529828,1.7280047558661823e-05,public_state_tabular_independent_mc,0,0.17791639144522803,4.183029200066812,True,accepted_empirical,0.1,1,1.5794889530078985e-10,-0.003524236971043767,100,5.0,0.0029296875000000004,empirical,0.0013050580369279305,0.007910156250000005,5.441484290687141e-06,0.008581224739977245,0.00018528363710059988,0.0035010087715636037,0.0027666688202455563
T-L,AN,mc_learned_baseline,False,42,89,257928,22784,22784,0,194560,17800,128964,515856,262144,0.9960937500000002,1.008,0.994055899476272,0.0009860537862429464,1.2175982303027347e-05,public_state_tabular_independent_mc,0,0.17556593467309684,4.221906100050546,True,accepted_empirical,0.1,1,8.587630810449692e-11,-0.002428877717169418,100,5.0,0.0005859375000000001,empirical,0.001015535322230033,0.0066329956054687516,3.4864693124355393e-06,0.0005747787101966217,0.00015811032967392975,0.0024364139950458384,0.002771426410255435
T-L,AN,mc_learned_baseline,False,42,90,260688,23040,23040,0,196608,18000,130344,521376,262144,0.9984375000000002,0.9990000000000001,0.9950321682604302,0.0009762687841581297,1.2023070952564258e-05,public_state_tabular_independent_mc,0,0.17322690042764993,4.2630602000281215,True,accepted_empirical,0.1,1,1.0547326364584249e-10,-0.002395581277372904,100,5.0,0.0005859375000000001,empirical,0.0005859375,0.006503906250000005,0.0001624329086417154,-0.0076226774654599705,0.00015891138181372178,0.0024044393175049355,0.002750751746991118
T-L,SA,mc_learned_baseline,False,42,1,2760,256,256,0,2048,200,1380,5520,262144,0.355078125,0.35309999999999997,0.3525011299792267,0.033487129979226704,0.0004708561807073955,public_state_tabular_independent_mc,0,0.6176154517308611,0.03535990009550005,True,accepted_empirical,0.1,1,1.6724585490522636e-09,-0.09404109465256412,100,5.0,0.02982421875,empirical,0.008041181999678975,0.40973215637207033,0.17761845255014846,0.0012157418836146183,0.006475723924464519,0.09519079955611646,0.08227183681448287
T-L,SA,mc_learned_baseline,False,42,2,5520,512,512,0,4096,400,2760,11040,262144,0.3778125,0.42179999999999995,0.38795144978603285,0.03545031980680613,0.0005037951653796447,public_state_tabular_independent_mc,0,0.6060051311788126,0.07416550000198185,True,accepted_empirical,0.1,1,3.161287865016435e-09,-0.09685429296318837,100,5.0,0.037089843750000004,empirical,0.00942593872241016,0.4146731868531449,0.16451687664106468,0.03407563346456788,0.0030025904721635733,0.10222689097015322,0.08631721757106131
T-L,SA,mc_learned_baseline,False,42,3,8280,768,768,0,6144,600,4140,16560,262144,0.33773437500000003,0.5298,0.4197188603615803,0.03176741057554744,0.0004022678273431641,public_state_tabular_independent_mc,0,0.5963370110654133,0.1126749999821186,True,accepted_empirical,0.1,1,4.904264117227855e-09,-0.08200489995975907,100,5.0,0.030234375,empirical,0.008143835394228954,0.4142984178853844,0.1750644453890713,0.024383353505846972,0.0016843104933755417,0.08139691715934191,0.08774784263992727
T-L,SA,mc_learned_baseline,False,42,4,11040,1024,1024,0,8192,800,5520,22080,262144,0.4253906249999999,0.30449999999999994,0.45270207862170536,0.03298321826012507,0.00043250558113883217,public_state_tabular_independent_mc,0,0.5847703303375177,0.17237230006139725,True,accepted_empirical,0.1,1,4.979352205125837e-09,-0.08393866062729964,100,5.0,0.037617187499999996,empirical,0.009171530797071116,0.3991551391751895,0.16332524738927573,0.026102444314110906,0.0004424973760487328,0.08802914458653555,0.0883920387956238
T-L,SA,mc_learned_baseline,False,42,5,13800,1280,1280,0,10240,1000,6900,27600,262144,0.44203125,0.5291999999999999,0.48454586847000286,0.0318437898482975,0.0004091659741013785,public_state_tabular_independent_mc,0,0.5732464656004028,0.22462069999892265,True,accepted_empirical,0.1,1,3.2190189093865796e-09,-0.08247655379283614,100,5.0,0.046640625,empirical,0.010452807430039545,0.3932965615160613,0.16148547797136215,0.022094503191954273,0.0003673836487538583,0.08361033084121353,0.08740467915329359
T-L,SA,mc_learned_baseline,False,42,6,16560,1536,1536,0,12288,1200,8280,33120,262144,0.444609375,0.5354999999999999,0.5146969307225298,0.030151062252526895,0.0003762321306903918,public_state_tabular_independent_mc,0,0.5622960513501684,0.26066690008156,True,accepted_empirical,0.1,1,3.784686998565623e-09,-0.08325026922607812,100,5.0,0.03955078125,empirical,0.010367327912392928,0.39105507728054634,0.17244840812849244,0.002307854840689516,0.0009562084682250959,0.0763853890171913,0.08519614815269255
T-L,SA,mc_learned_baseline,False,42,7,19320,1792,1792,0,14336,1400,9660,38640,262144,0.5859375,0.46799999999999997,0.5477016960669757,0.03300476534444596,0.0004615507694045826,public_state_tabular_independent_mc,0,0.5489325774915018,0.29783639998640865,True,accepted_empirical,0.1,1,8.707678963934854e-09,-0.0790722112062662,100,5.0,0.036738281250000004,empirical,0.00935207015847889,0.34553081198364255,0.1418696766221207,0.012813244269327617,0.000415350355808469,0.0944381922393824,0.08370108408171642
T-L,SA,mc_learned_baseline,False,42,8,22080,2048,2048,0,16384,1600,11040,44160,262144,0.49921874999999993,0.5693999999999999,0.5776421488626411,0.029940452795665373,0.0003937143723739176,public_state_tabular_independent_mc,0,0.5364675296121673,0.3349811000516638,True,accepted_empirical,0.1,1,3.8040216059878884e-09,-0.08447652192946802,100,5.0,0.025722656249999996,empirical,0.007977964655530936,0.3709865382739005,0.16164382307407976,0.003953372755411522,0.00010298289025652895,0.0805147281474478,0.0812742711368384
T-L,SA,mc_learned_baseline,False,42,9,24840,2304,2304,0,18432,1800,12420,49680,262144,0.49921875000000004,0.7193999999999999,0.6070820740662549,0.029439925203613826,0.0003967909151432083,public_state_tabular_independent_mc,0,0.523412125004989,0.37605690001510084,True,accepted_empirical,0.1,1,6.097504353669884e-09,-0.09882319173005374,100,5.0,0.0329296875,empirical,0.009420227960412093,0.40461909568051946,0.1728847999520654,0.015311722869885358,4.462632863402108e-05,0.08133149352517585,0.07827535983633829
T-L,SA,mc_learned_baseline,False,42,10,27600,2560,2560,0,20480,2000,13800,55200,262144,0.633046875,0.6161999999999999,0.6339612657031519,0.026879191636897004,0.00034687818112052007,public_state_tabular_independent_mc,0,0.5110490397431091,0.4134792999830097,True,accepted_empirical,0.1,1,2.860222559868887e-09,-0.06893148965225285,100,5.0,0.02267578125,empirical,0.007431457161450233,0.3183790714295668,0.13114325649076986,0.010421157956664984,7.001566718228052e-05,0.07088093063910703,0.07479257532924641
T-L,SA,mc_learned_baseline,False,42,11,30360,2816,2816,0,22528,2200,15180,60720,262144,0.6611718750000002,0.5832,0.6630805557277039,0.029119290024551936,0.0004431582251713731,public_state_tabular_independent_mc,0,0.4960554051750918,0.45326760003808886,True,accepted_empirical,0.1,1,8.189391844731301e-09,-0.07138845491356657,100,5.0,0.04869140625,empirical,0.01135958249762496,0.2974332759854238,0.11829759528806591,0.03524260821218361,0.003331953533423953,0.09049220829325527,0.067920599506679
T-L,SA,mc_learned_baseline,False,42,12,33120,3072,3072,0,24576,2400,16560,66240,262144,0.702421875,0.7752,0.6895606314482671,0.026480075720563212,0.00038231082917583207,public_state_tabular_independent_mc,0,0.48218217150690523,0.49464540008921176,True,accepted_empirical,0.1,1,1.131636222294206e-10,-0.06453630202290653,100,5.0,0.02625,empirical,0.008336293709330254,0.2698960253295563,0.11259480733226705,0.02338683100767136,0.0008078932054304787,0.07875108232825778,0.0661574848473438
T-L,SA,mc_learned_baseline,False,42,13,35880,3328,3328,0,26624,2600,17940,71760,262144,0.57421875,0.6819,0.7121355726749125,0.022574941226645384,0.00029652047573326657,public_state_tabular_independent_mc,0,0.4698430009274186,0.5390115000773221,True,accepted_empirical,0.1,1,1.0800873475839406e-09,-0.08245998573744412,100,5.0,0.034453125,empirical,0.008768032263872102,0.34174880412007047,0.14461870699893964,0.0032218615021446517,0.00027132305582451587,0.0610101428036523,0.062356315840823406
T-L,SA,mc_learned_baseline,False,42,14,38640,3584,3584,0,28672,2800,19320,77280,262144,0.721640625,0.7136999999999999,0.7345602496534633,0.022424676978550884,0.00031438185772552664,public_state_tabular_independent_mc,0,0.4572263008143464,0.5828529000282288,True,accepted_empirical,0.1,1,4.674316389961607e-09,-0.06344343507552959,100,5.0,0.0216796875,empirical,0.007217325557933647,0.24159061847200486,0.1040068730256053,-0.04707759575041304,0.00040035049648139126,0.06529203650767897,0.05824595169455844
T-L,SA,mc_learned_baseline,False,42,15,41400,3840,3840,0,30720,3000,20700,82800,262144,0.75140625,0.7803,0.7539618914295986,0.019401641776135237,0.00025586556390856663,public_state_tabular_independent_mc,0,0.4463566491347813,0.6243854000931606,True,accepted_empirical,0.1,1,4.469506481067977e-09,-0.05066780061540093,100,5.0,0.01962890625,empirical,0.006722600780666704,0.20938966471450512,0.08920418574525116,0.004778790565406865,0.0005528529691006396,0.053283615381969275,0.053813723948038995
T-L,SA,mc_learned_baseline,False,42,16,44160,4096,4096,0,32768,3200,22080,88320,262144,0.7971093750000001,0.8214,0.772398945273676,0.018437053844077456,0.00024878351628248533,public_state_tabular_independent_mc,0,0.4353445196977168,0.6685795000521466,True,accepted_empirical,0.1,1,3.882805978100117e-09,-0.04123028012355308,100,5.0,0.01904296875,empirical,0.006775326846151775,0.1696187744140625,0.06601579339736746,0.01797447971184618,0.00014237514017429196,0.05181439107034906,0.05013567570697003
T-L,SA,mc_learned_baseline,False,42,17,46920,4352,4352,0,34816,3400,23460,93840,262144,0.7565625000000001,0.8220000000000001,0.7889256444052598,0.016526699131583777,0.00021691699725349514,public_state_tabular_independent_mc,0,0.4248438449533047,0.7190605000359938,True,accepted_empirical,0.1,1,2.457858970690185e-09,-0.04619215081795469,100,5.0,0.011484374999999998,empirical,0.005524097672880983,0.21064850023057727,0.08373388471485319,0.003657385916146616,1.3235197634669865e-05,0.04509460788154705,0.04621481368895103
T-L,SA,mc_learned_baseline,False,42,18,49680,4608,4608,0,36864,3600,24840,99360,262144,0.8228906250000001,0.6764999999999999,0.8043200529003905,0.01539440849513074,0.00020571812604710315,public_state_tabular_independent_mc,0,0.41477688767800913,0.7690650000004098,True,accepted_empirical,0.1,1,3.6675608455728863e-09,-0.03268973724521246,100,5.0,0.013359375000000001,empirical,0.006110547304080047,0.13269522833380254,0.055025057856150646,0.004275656234208891,4.548096385364598e-05,0.0428964825759202,0.042432268709361634
T-L,SA,mc_learned_baseline,False,42,19,52440,4864,4864,0,38912,3800,26220,104880,262144,0.7429687500000001,0.8393999999999998,0.8176832292496057,0.013363176349215133,0.00017326123521907552,public_state_tabular_independent_mc,0,0.4060918136092171,0.8162887000944465,True,accepted_empirical,0.1,1,3.172474248578777e-09,-0.05332343235745761,100,5.0,0.022265624999999997,empirical,0.007189951582182452,0.21788274955749515,0.09320987814216501,-0.029788938703833923,0.0008216643423387581,0.036203614822931246,0.037997895575557994
T-L,SA,mc_learned_baseline,False,42,20,55200,5120,5120,0,40960,4000,27600,110400,262144,0.8053125000000001,0.8592,0.8307503176226048,0.01306708837299908,0.00017842204932235156,public_state_tabular_independent_mc,0,0.39675272149480395,0.8654876000946388,True,accepted_empirical,0.1,1,1.8856903594643438e-09,-0.042027261666676724,100,5.0,0.009199218750000002,empirical,0.00411179340836236,0.15274513559103675,0.059972566846962436,0.004330330629703005,2.8439768945083195e-05,0.03717392502470767,0.03539140933752811
T-L,SA,mc_learned_baseline,False,42,21,57960,5376,5376,0,43008,4200,28980,115920,262144,0.78046875,0.8538,0.8419049273969589,0.011154609774354118,0.00014431433712637016,public_state_tabular_independent_mc,0,0.38871190847813053,0.911410600063391,True,accepted_empirical,0.1,1,3.0992466043427964e-09,-0.03867558021595338,100,5.0,0.005742187500000001,empirical,0.003431584021940547,0.15848031900245008,0.06576684261564948,0.0018423147321867672,0.00026657256336678423,0.03017671121462441,0.031866727420692006
T-L,SA,mc_learned_baseline,False,42,22,60720,5632,5632,0,45056,4400,30360,121440,262144,0.8341406250000001,0.8687999999999999,0.8526242390617064,0.010719311664747488,0.00014653495567841656,public_state_tabular_independent_mc,0,0.3801294508468457,0.9539752000709996,True,accepted_empirical,0.1,1,1.7158028642161718e-09,-0.02846496800848333,100,5.0,0.00919921875,empirical,0.00411179340836236,0.11810238055130191,0.04373559699013395,0.02237545858103951,0.000192962172461178,0.03046745018000878,0.02899554205978091
T-L,SA,mc_learned_baseline,False,42,23,63480,5888,5888,0,47104,4600,31740,126960,262144,0.8662500000000002,0.8799000000000001,0.8622090398585207,0.009584800796814341,0.00012902196447259472,public_state_tabular_independent_mc,0,0.3721738941110663,0.9944255000445992,True,accepted_empirical,0.1,1,1.5398139291269686e-09,-0.029400205200248396,100,5.0,0.00228515625,empirical,0.003881631752934279,0.12091426500938918,0.04575387318856501,0.029398307251212508,0.00011468778462587338,0.026783644768221017,0.026349011679134025
T-L,SA,mc_learned_baseline,False,42,24,66240,6144,6144,0,49152,4800,33120,132480,262144,0.8564062500000003,0.8808000000000001,0.8712305926224498,0.00902155276392913,0.00012657392493535682,public_state_tabular_independent_mc,0,0.3643691609444677,1.0363316000439227,True,accepted_empirical,0.1,1,1.703153720057752e-09,-0.027232769016402186,100,5.0,0.01658203125,empirical,0.0063088952557939434,0.09681496728278927,0.03595393416043571,0.02021952129308957,0.0001724794125043204,0.026227358586889696,0.02381467549159999
T-L,SA,mc_learned_baseline,False,42,25,69000,6400,6400,0,51200,5000,34500,138000,262144,0.8854687500000002,0.9042,0.8787773714807944,0.007546778858344538,9.804457699618283e-05,public_state_tabular_independent_mc,0,0.35790914295077186,1.0773637000238523,True,accepted_empirical,0.1,1,1.059798837951984e-09,-0.024633603706760227,100,5.0,0.00421875,empirical,0.002502053568875281,0.10832999633716489,0.04510933459801618,-0.06217549611398798,0.00011093889797461047,0.020455940903966373,0.0215283029039706
T-L,SA,mc_learned_baseline,False,42,26,71760,6656,6656,0,53248,5200,35880,143520,262144,0.8456250000000002,0.8832,0.885934090228718,0.007156718747923674,9.74714943964338e-05,public_state_tabular_independent_mc,0,0.3511918911091649,1.1198184000095353,True,accepted_empirical,0.1,1,1.7039639457249987e-09,-0.026634302824290905,100,5.0,0.0121875,empirical,0.00512299418411437,0.10537779635495181,0.040146464967519516,0.016542992890405728,0.00010312123767382645,0.02022218301597905,0.01945746626710418
T-L,SA,mc_learned_baseline,False,42,27,74520,6912,6912,0,55296,5400,37260,149040,262144,0.8571093750000002,0.8567999999999999,0.891917553671704,0.005983463442985948,7.640528210144562e-05,public_state_tabular_independent_mc,0,0.34579852849045783,1.1638853000476956,True,accepted_empirical,0.1,1,1.3738703765032683e-09,-0.02143850149288185,100,5.0,0.00568359375,empirical,0.004124225646249715,0.08819252692328561,0.036245123404558446,0.013268398529605707,0.0003223900296831821,0.015986642688395752,0.01737544094149223
T-L,SA,mc_learned_baseline,False,42,28,77280,7168,7168,0,57344,5600,38640,154560,262144,0.8594531250000002,0.8271000000000001,0.8977849591574688,0.0058674054857648095,8.00046402048227e-05,public_state_tabular_independent_mc,0,0.33986239409845054,1.2034604999935254,True,accepted_empirical,0.1,1,1.1172889881207799e-09,-0.02367084526687442,100,5.0,0.01142578125,empirical,0.005156869543995745,0.09105778024826305,0.03592349334087577,0.012319987311718905,7.496745331080346e-05,0.016588895519876298,0.015921865751182766
T-L,SA,mc_learned_baseline,False,42,29,80040,7424,7424,0,59392,5800,40020,160080,262144,0.8896875000000002,0.9243000000000001,0.9054272646396455,0.007642305482176703,0.00017777458163189863,public_state_tabular_independent_mc,0,0.3318602054836794,1.2464232000056654,True,accepted_empirical,0.1,1,4.1369737443709317e-10,-0.022162241091550065,100,5.0,0.00521484375,empirical,0.002754433170069983,0.09015781235876896,0.030430662117830933,0.004641498143106548,0.008703841092427327,0.038297355705398224,0.005780730208951486
T-L,SA,mc_learned_baseline,False,42,30,82800,7680,7680,0,61440,6000,41400,165600,262144,0.9166406250000002,0.9126000000000001,0.9108558830674173,0.005428618427771759,9.628856471620511e-05,public_state_tabular_independent_mc,0,0.3261194585240399,1.2880848000058904,True,accepted_empirical,0.1,1,7.037993511868812e-10,-0.0055329882916068315,100,5.0,0.007441406249999999,empirical,0.004076774861225991,0.02548099288015118,0.006432111797752946,0.05123276406003807,0.002084037170051823,0.020248993262143012,0.010410354754798262
T-L,SA,mc_learned_baseline,False,42,31,85560,7936,7936,0,63488,6200,42780,171120,262144,0.8828906250000002,0.9246,0.9147958676340592,0.0039399845666419075,5.1956104836766264e-05,public_state_tabular_independent_mc,0,0.3216198592238318,1.3260590999852866,True,accepted_empirical,0.1,1,7.082276511102051e-10,-0.023063202483308842,100,5.0,0.00228515625,empirical,0.0022851562500000003,0.09197048778486638,0.0359843166398852,0.005744431265024441,1.7333581395232655e-06,0.010802777235779028,0.011019390953700497
T-L,SA,mc_learned_baseline,False,42,32,88320,8192,8192,0,65536,6400,44160,176640,262144,0.9215625000000002,0.9098999999999999,0.9181141446320538,0.0033182769979945848,4.143581536110612e-05,public_state_tabular_independent_mc,0,0.3178993528123743,1.3635374000295997,True,accepted_empirical,0.1,1,4.04672045829974e-10,-0.00742583101050716,100,5.0,0.0,empirical,0.0008294511660071416,0.03478863930951748,0.010660677419238465,0.021799971396139206,0.00025020211937423157,0.00863949025355768,0.009788596816807786
T-L,SA,mc_learned_baseline,False,42,33,91080,8448,8448,0,67584,6600,45540,182160,262144,0.9213281250000003,0.924,0.9198966486702237,0.0017825040381699297,2.2384088944232026e-05,public_state_tabular_independent_mc,0,0.31528366846206135,1.4054655000800267,True,accepted_empirical,0.1,1,1.0389061419821987e-10,-0.005145120083458443,100,5.0,0.0005859375000000001,empirical,0.0005859375,0.022057348632812508,0.005998054234197688,0.047214161024947465,0.004073271994765306,0.004586948672801593,0.005077215805995249
T-L,SA,mc_learned_baseline,False,42,34,93840,8704,8704,0,69632,6800,46920,187680,262144,0.9609375000000002,0.9453000000000001,0.9252427510336177,0.005346102363394056,0.00014038953586177622,public_state_tabular_independent_mc,0,0.30909678585577166,1.4551594000076875,True,accepted_empirical,0.1,1,1.800799837506629e-09,-0.0026277203192852597,100,5.0,0.005156249999999999,empirical,0.0032796770761689543,0.009845944699869325,6.0523014477440476e-05,0.03527609140330157,0.007902368602505152,0.030384494228787015,0.0009850474368086823
T-L,SA,mc_learned_baseline,False,42,35,96600,8960,8960,0,71680,7000,48300,193200,262144,0.9445312500000002,0.951,0.9311518689340208,0.005909117900403049,0.00037496692452287613,public_state_tabular_independent_mc,0,0.30179972736793154,1.5034522000933066,True,accepted_empirical,0.1,1,8.833049215464644e-10,-0.0029710931092829327,100,5.0,0.0017578125000000003,empirical,0.0010128855190910918,0.011889122285020313,0.0011005604399797362,0.06582198195966393,0.06297533849966956,0.09605908153123786,-0.055556009546394725
T-L,SA,mc_learned_baseline,False,42,36,99360,9216,9216,0,73728,7200,49680,198720,262144,0.9445312500000003,0.9333,0.9321628117735373,0.0010109428395165265,1.3492417401351401e-05,public_state_tabular_independent_mc,0,0.29987758504354595,1.5534562000539154,True,accepted_empirical,0.1,1,3.8022318755545283e-10,-0.002626397743929643,100,5.0,0.0011718750000000002,empirical,0.0011718750000000002,0.010302429199218751,0.00013964043683801846,0.06775885209835175,0.003149443489616869,0.0027351875548490647,0.0026078259789098722
T-L,SA,mc_learned_baseline,False,42,37,102120,9472,9472,0,75776,7400,51060,204240,262144,0.9283593750000001,0.9419999999999998,0.934047563070476,0.0018847512969386582,2.5180039212325948e-05,public_state_tabular_independent_mc,0,0.297084379161552,1.6019478000234812,True,accepted_empirical,0.1,1,3.8852170884292444e-10,-0.005850323256664997,100,5.0,0.00287109375,empirical,0.002357969740646749,0.024033071089848614,0.005252333999868061,0.0410737966217849,0.0006749643347568376,0.005181140003912383,0.0051024351315893095
T-L,SA,mc_learned_baseline,False,42,38,104880,9728,9728,0,77824,7600,52440,209760,262144,0.9564843750000003,0.9122999999999999,0.9360196646751803,0.0019721016047042905,2.944798632899836e-05,public_state_tabular_independent_mc,0,0.2939932730154277,1.6479602000908926,True,accepted_empirical,0.1,1,3.2331798630626966e-10,-0.006344517275646043,100,5.0,0.0023437500000000003,empirical,0.0014329053976264335,0.023046118164062497,0.005366740833679926,0.006724008835126916,0.0007950855188664006,0.0060303628859519915,0.0046773567688120354
T-L,SA,mc_learned_baseline,False,42,39,107640,9984,9984,0,79872,7800,53820,215280,262144,0.9496875000000002,0.9483000000000001,0.9377361747099566,0.0017165100347763529,2.0736821019687304e-05,public_state_tabular_independent_mc,0,0.291417259420311,1.6883843999821693,True,accepted_empirical,0.1,1,1.6504755061378914e-10,-0.007833935107063936,100,5.0,0.0,empirical,0.0008294511660071416,0.03391499023437501,0.010908981447941358,0.00412633863173939,0.00010640770383671329,0.004253196269057972,0.005102997358976597
T-L,SA,mc_learned_baseline,False,42,40,110400,10240,10240,0,81920,8000,55200,220800,262144,0.9215625000000002,0.9003,0.9394753314668293,0.0017391567568726396,2.53409692672701e-05,public_state_tabular_independent_mc,0,0.2885461022171931,1.726863200077787,True,accepted_empirical,0.1,1,1.0402793578921977e-10,-0.009530800794573718,100,5.0,0.0017578125000000003,empirical,0.0013091700850443525,0.03734826097724852,0.010518865317235032,0.0290303803941252,0.0006677153277042227,0.005144981544043017,0.004229427884839302
T-L,SA,mc_learned_baseline,False,42,41,113160,10496,10496,0,83968,8200,56580,226320,262144,0.9234375000000002,0.9572999999999999,0.9404379148622847,0.0009625833954554075,1.1984384009494338e-05,public_state_tabular_independent_mc,0,0.28666785750855994,1.7690437000710517,True,accepted_empirical,0.1,1,3.6998337260382505e-10,-0.002714867394770817,100,5.0,0.0011718750000000002,empirical,0.0011718750000000002,0.01130767822265626,5.6924904754777594e-05,0.10443752146396479,0.0020458688532856008,0.002430616139522932,0.0026577497898863183
T-L,SA,mc_learned_baseline,False,42,42,115920,10752,10752,0,86016,8400,57960,231840,262144,0.9166406250000001,0.9303,0.9418541213334908,0.001416206471206105,1.7488581950361777e-05,public_state_tabular_independent_mc,0,0.28433644130113567,1.8155915000243112,True,accepted_empirical,0.1,1,6.433620553593018e-11,-0.005686482911116345,100,5.0,0.0011718750000000002,empirical,0.0008278295590484756,0.02587180175781252,0.005830256895567733,0.03368143774389165,0.0006377526806468453,0.0035756294904339208,0.0040860784632989824
T-L,SA,mc_learned_baseline,False,42,43,118680,11008,11008,0,88064,8600,59340,237360,262144,0.9168750000000002,0.948,0.9447042670660453,0.0028501457325544877,0.00014111875513642263,public_state_tabular_independent_mc,0,0.27966368306657957,1.8669676000718027,True,accepted_empirical,0.1,1,5.102745583512901e-10,-0.010730910631352236,100,5.0,0.00345703125,empirical,0.002566076580406327,0.03799457891616234,0.010539326260338367,0.019350627005217724,0.0220729374232108,0.03555561762804418,-0.017524084944889516
T-L,SA,mc_learned_baseline,False,42,44,121440,11264,11264,0,90112,8800,60720,242880,262144,0.9517968750000002,0.9570000000000001,0.9464371907711326,0.0017329237050873747,2.82270026383929e-05,public_state_tabular_independent_mc,0,0.27655378941543757,1.909371400019154,True,accepted_empirical,0.1,1,6.386495357787965e-10,-0.00690782649837456,100,5.0,0.0023437500000000003,empirical,0.001168429990096266,0.023125751876212124,0.005318017838667556,0.018726101794984462,0.0004941855275760385,0.005666668429588172,0.0035759624344547606
T-L,SA,mc_learned_baseline,False,42,45,124200,11520,11520,0,92160,9000,62100,248400,262144,0.9632812500000003,0.9690000000000001,0.9473953683746079,0.0009581776034752743,1.1494062050438713e-05,public_state_tabular_independent_mc,0,0.27465014661442305,1.9503705999813974,True,accepted_empirical,0.1,1,3.5407455751634993e-10,-0.002257222974568527,100,5.0,0.0017578125000000003,empirical,0.0013091700850443525,0.0092724609375,4.017805293118344e-05,0.033877258616572425,0.0012097562274281657,0.002331727358418573,0.0027403069429896825
T-L,SA,mc_learned_baseline,False,42,46,126960,11776,11776,0,94208,9200,63480,253920,262144,0.9351562500000001,0.951,0.9482749766429643,0.0008796082683564244,9.5935376070507e-06,public_state_tabular_independent_mc,0,0.27289803176122274,1.9937818000325933,True,accepted_empirical,0.1,1,7.592598447382612e-12,-0.0022739276977614496,100,5.0,0.0005859375000000001,empirical,0.0005859375,0.01117034912109376,0.0001625667198617654,0.0669348413807509,0.0012639031537665431,0.001921654401042754,0.0027039872581375787
T-L,SA,mc_learned_baseline,False,42,47,129720,12032,12032,0,96256,9400,64860,259440,262144,0.9539062500000002,0.9420000000000001,0.950670545288349,0.0023955686453847047,0.00012885451240827556,public_state_tabular_independent_mc,0,0.26921112416023535,2.0425570000661537,True,accepted_empirical,0.1,1,2.2053717175086205e-09,-0.002639660532169634,100,5.0,0.00287109375,empirical,0.00235796974064675,0.010362382446289065,0.0004436003741640544,0.032687222066275834,0.020286988630634988,0.03206101655396055,-0.01630374872577134
T-L,SA,mc_learned_baseline,False,42,48,132480,12288,12288,0,98304,9600,66240,264960,262144,0.9562500000000003,0.9570000000000001,0.9520254003156472,0.0013548550272981519,2.301298086838699e-05,public_state_tabular_independent_mc,0,0.26647894046589227,2.082930100033991,True,accepted_empirical,0.1,1,5.849234599549047e-10,-0.0038750064459173376,100,5.0,0.0023437500000000003,empirical,0.001168429990096266,0.009736633300781249,3.779799925812536e-05,0.04377706929740155,0.0009297138465253047,0.004577196912147137,0.002521224420554643
T-L,SA,mc_learned_baseline,False,42,49,135240,12544,12544,0,100352,9800,67620,270480,262144,0.9468750000000002,0.9570000000000001,0.9530164223662559,0.0009910220506087475,1.2189448302126358e-05,public_state_tabular_independent_mc,0,0.2644729281100744,2.1244608000852168,True,accepted_empirical,0.1,1,2.1349972343468733e-10,-0.0026649164878581586,100,5.0,0.0,empirical,0.0,0.010426025390625007,0.00013580745951562574,0.05233865527321768,0.0007038906532224898,0.0024667723028898416,0.0027736616407507235
T-L,SA,mc_learned_baseline,False,42,50,138000,12800,12800,0,102400,10000,69000,276000,262144,0.9585937500000004,0.975,0.9547615898425681,0.0017451674763121483,7.059772824757222e-05,public_state_tabular_independent_mc,0,0.26111161586765624,2.1761941000586376,True,accepted_empirical,0.1,1,1.1317345187153515e-10,-0.003642423517913591,100,5.0,0.0,empirical,0.0011730210882934771,0.00988786528818942,0.0002688482154981343,0.03661241313055574,0.010495265011949514,0.017465099345816335,-0.006999472561933532
T-L,SA,mc_learned_baseline,False,42,51,140760,13056,13056,0,104448,10200,70380,281520,262144,0.9562500000000003,0.9540000000000001,0.9558861215729784,0.001124531730410272,1.536632003707693e-05,public_state_tabular_independent_mc,0,0.25881892377112664,2.226837299996987,True,accepted_empirical,0.1,1,1.7365336936112153e-10,-0.0029644789475818507,100,5.0,0.0011718750000000002,empirical,0.0008278295590484758,0.009667968750000002,4.589674059637095e-06,0.04716073147256994,0.0005335001288644734,0.0030647468023430706,0.0028395228389931576
T-L,SA,mc_learned_baseline,False,42,52,143520,13312,13312,0,106496,10400,71760,287040,262144,0.9656250000000002,0.945,0.9569586073438934,0.0010724857709150104,1.3875500693462028e-05,public_state_tabular_independent_mc,0,0.2566244145837934,2.2736250000307336,True,accepted_empirical,0.1,1,3.3503152271470164e-10,-0.0026158430829060124,100,5.0,0.0017578125000000003,empirical,0.0010128855190910918,0.009107666015625002,1.0713422615364293e-05,0.030868208994021873,0.0005258084903718929,0.002758371772671015,0.002864351164736339
T-L,SA,mc_learned_baseline,False,42,53,146280,13568,13568,0,108544,10600,73140,292560,262144,0.9468750000000001,0.9540000000000001,0.9579988794604879,0.0010402721165945206,1.2973239403396918e-05,public_state_tabular_independent_mc,0,0.25448822006374544,2.313620900036767,True,accepted_empirical,0.1,1,6.434759082920823e-11,-0.002831559077909753,100,5.0,0.0,empirical,0.0,0.010176086425781253,1.609215321419494e-05,0.06384922419608696,0.0005282177832789509,0.002592774386032078,0.0028770401506705164
T-L,SA,mc_learned_baseline,False,42,54,149040,13824,13824,0,110592,10800,74520,298080,262144,0.9492187500000002,0.9480000000000001,0.9591176269598316,0.0011187474993437085,1.4915256852940262e-05,public_state_tabular_independent_mc,0,0.2521825139454381,2.3572742000687867,True,accepted_empirical,0.1,1,1.285990818465589e-10,-0.0031279466260044275,100,5.0,0.0017578125000000003,empirical,0.0015498114557473256,0.010656738281250008,0.0003108737716247882,0.03142183817753308,0.0005167140715326974,0.002977622631526047,0.00290208387366973
T-L,SA,mc_learned_baseline,False,42,55,151800,14080,14080,0,112640,11000,75900,303600,262144,0.9377343750000002,0.9690000000000001,0.9601982607481168,0.0010806337882851569,1.3398807093102043e-05,public_state_tabular_independent_mc,0,0.2499587683548068,2.39713950001169,True,accepted_empirical,0.1,1,1.4098012643023499e-10,-0.0059180250529750995,100,5.0,0.0011718750000000002,empirical,0.0008278295590484756,0.021504736328125006,0.005419495530486249,0.027605111324685128,0.0004192275959082561,0.00267718955943726,0.0030128605212600373
T-L,SA,mc_learned_baseline,False,42,56,154560,14336,14336,0,114688,11200,77280,309120,262144,0.9796875000000003,0.9690000000000002,0.9613267039344295,0.0011284431863127775,1.5005751681625201e-05,public_state_tabular_independent_mc,0,0.2476158515799415,2.4375855000689626,True,accepted_empirical,0.1,1,3.259736730190684e-13,-0.0025998113422183566,100,5.0,0.0005859375000000001,empirical,0.0005859375,0.00814361572265625,2.4972565259591234e-05,0.008414807075155073,0.0004953935209366547,0.003012947370583653,0.0029363011605887247
T-L,SA,mc_learned_baseline,False,42,57,157320,14592,14592,0,116736,11400,78660,314640,262144,0.9703125000000002,0.9690000000000001,0.9625068720992815,0.0011801681648520024,1.6331661332063947e-05,public_state_tabular_independent_mc,0,0.24515570184235874,2.485311900032684,True,accepted_empirical,0.1,1,4.674162324830938e-10,-0.003048747914538901,100,5.0,0.0005859375000000001,empirical,0.001015535322230033,0.008876953124999996,2.4641082900124563e-05,0.018992064030387334,0.0005008803116974993,0.0033163244526866666,0.0029415823932158903
T-L,SA,mc_learned_baseline,False,42,58,160080,14848,14848,0,118784,11600,80040,320160,262144,0.9307031250000002,0.9630000000000001,0.9640598103689618,0.0015529382696802818,2.5271006602940738e-05,public_state_tabular_independent_mc,0,0.24201019712686242,2.5446724999928847,True,accepted_empirical,0.1,1,5.421108575571035e-10,-0.008022528822603453,100,5.0,0.0005859375000000001,empirical,0.0005859375,0.024028777335722708,0.005494922495232736,0.03692590388606043,0.0003047902179895477,0.005142283271373373,0.0031475001157551634
T-L,SA,mc_learned_baseline,False,42,59,162840,15104,15104,0,120832,11800,81420,325680,262144,0.9562500000000003,0.96,0.9652023710232821,0.0011425606543202793,1.5211413067915112e-05,public_state_tabular_independent_mc,0,0.23960509561952778,2.600256200064905,True,accepted_empirical,0.1,1,3.1218646861379985e-10,-0.0032518562175948124,100,5.0,0.0017578125000000003,empirical,0.0010128855190910918,0.009802551269531258,2.9687218198983962e-05,0.040528753609239354,0.00043499291966912453,0.0030837330831879955,0.0029721170277882906
T-L,SA,mc_learned_baseline,False,42,60,167648,15360,15360,0,124928,12000,83824,335296,262144,0.9400781250000001,0.9990000000000001,0.9659196560926141,0.0007172850693319965,5.404691303094322e-06,public_state_tabular_independent_mc,0,0.23813864888572728,2.664054900058545,True,accepted_empirical,0.05,2,9.165045124234087e-12,-0.007402868645754582,100,5.0,0.0,empirical,0.0008294511660071416,0.02383273925781251,0.00530770117236555,0.025425490389725303,0.00016956013040221195,0.004349754107821653,0.0032445851500281274
T-L,SA,mc_learned_baseline,False,42,61,170408,15616,15616,0,126976,12200,85204,340816,262144,0.9632812500000001,0.963,0.9670593489249638,0.0011396928323497146,1.5077739892026388e-05,public_state_tabular_independent_mc,0,0.23572326180324016,2.701904800022021,True,accepted_empirical,0.1,1,3.8316839614345934e-10,-0.0031269117906140456,100,5.0,0.0023437500000000003,empirical,0.001168429990096266,0.009291687011718754,1.808786346172303e-05,0.032874313460160565,0.0004072943111519849,0.0030600543390620384,0.0029851062544617108
T-L,SA,mc_learned_baseline,False,42,62,173168,15872,15872,0,129024,12400,86584,346336,262144,0.9890625000000002,0.9690000000000001,0.9681037092396181,0.001044360314654269,1.2623898111054077e-05,public_state_tabular_independent_mc,0,0.23350104951963352,2.7494807000039145,True,accepted_empirical,0.1,1,3.7483733313350225e-10,-0.002210230800474106,100,5.0,0.0005859375000000001,empirical,0.0005859375,0.007748107910156249,4.673964017156302e-05,-0.027643328048068128,0.0004246429121169368,0.002507810975995029,0.0029728812444834024
T-L,SA,mc_learned_baseline,False,42,63,175928,16128,16128,0,131072,12600,87964,351856,262144,0.9632812500000003,0.9693,0.9693143217881988,0.0012106125485806807,1.69309583745943e-05,public_state_tabular_independent_mc,0,0.23091423820983942,2.790351700037718,True,accepted_empirical,0.1,1,7.58221637535506e-12,-0.0033985102898023067,100,5.0,0.0017578125000000003,empirical,0.0010128855190910918,0.009247741699218753,2.1244155668139513e-05,0.03516675953195891,0.00041195213185818885,0.0033984887683122865,0.0029890398853940586
T-L,SA,mc_learned_baseline,False,42,64,178688,16384,16384,0,133120,12800,89344,357376,262144,0.9492187500000002,0.9420000000000001,0.9704293119568848,0.001114990168685992,1.4332721343022946e-05,public_state_tabular_independent_mc,0,0.22852128349082027,2.842408200027421,True,accepted_empirical,0.1,1,3.1676770821601416e-10,-0.003451906450602557,100,5.0,0.0011718750000000002,empirical,0.0008278295590484756,0.010371093750000006,1.2639476783814124e-05,0.044790402056701706,0.00039646584731735564,0.002907162406278268,0.0030071092923802836
T-L,SA,mc_learned_baseline,False,42,65,183496,16640,16640,0,137216,13000,91748,366992,262144,0.9843750000000002,0.9663,0.9709987121603701,0.0005694002034853929,3.7296380189042148e-06,public_state_tabular_independent_mc,0,0.22729532972474564,2.901880900026299,True,accepted_empirical,0.05,2,3.129578163974454e-10,-0.0027214800889889777,100,5.0,0.0005859375000000001,empirical,0.0005859375,0.007825012207031249,8.370960711224234e-06,-0.0008070866141731692,0.00039200300953264196,0.0030460648162031097,0.003012586470540264
T-L,SA,mc_learned_baseline,False,42,66,186256,16896,16896,0,139264,13200,93128,372512,262144,0.9726562500000002,0.9690000000000001,0.9721182809255372,0.001119568765167056,1.4424579382270455e-05,public_state_tabular_independent_mc,0,0.22487698185938024,2.942320500034839,True,accepted_empirical,0.1,1,4.158276849967427e-10,-0.002947174971331309,100,5.0,0.0023437500000000003,empirical,0.0011684299900962657,0.008613281250000004,4.319316998447881e-06,0.021090972161997845,0.0003906245344214396,0.0029300594896413262,0.0030139781609077815
T-L,SA,mc_learned_baseline,False,42,67,189016,17152,17152,0,141312,13400,94508,378032,262144,0.9773437500000002,0.966,0.9731187408420146,0.0010004599164773476,1.150834994582929e-05,public_state_tabular_independent_mc,0,0.22270699759170404,2.9965786000248045,True,accepted_empirical,0.1,1,2.857211778119653e-10,-0.002388328397377523,100,5.0,0.0005859375000000001,empirical,0.0005859375,0.008261718750000003,2.3493320828552253e-05,0.015136354539996622,0.0004365993583408431,0.0022885541687720466,0.0029670341017298046
T-L,SA,mc_learned_baseline,False,42,68,191776,17408,17408,0,143360,13600,95888,383552,262144,0.9492187500000002,0.993,0.974367316223006,0.0012485753809914346,1.7929894373233548e-05,public_state_tabular_independent_mc,0,0.21998684391449713,3.033521500066854,True,accepted_empirical,0.1,1,4.415518437576723e-10,-0.004074590870803729,100,5.0,0.0023437500000000003,empirical,0.001168429990096266,0.010577087402343761,3.177736776010378e-05,0.03514961079768575,0.0004060848855143292,0.003569742002623534,0.00299556613669673
T-L,SA,mc_learned_baseline,False,42,69,194536,17664,17664,0,145408,13800,97268,389072,262144,0.9820312500000001,0.9600000000000002,0.9754720556885839,0.0011047394655778753,1.4035392929040234e-05,public_state_tabular_independent_mc,0,0.21756874179771227,3.0856530000455678,True,accepted_empirical,0.1,1,3.8763543725271416e-10,-0.0027392136788646393,100,5.0,0.0017578125000000003,empirical,0.0010128855190910918,0.007954101562500001,1.5383972165449567e-05,0.005822973930699082,0.0003812643071280073,0.002850784284964645,0.0030164346876901064
T-L,SA,mc_learned_baseline,False,42,70,197296,17920,17920,0,147456,14000,98648,394592,262144,0.9635156250000002,0.9690000000000001,0.9769594039237695,0.0014873482351855927,2.3591017483846373e-05,public_state_tabular_independent_mc,0,0.21437981548539423,3.128565700026229,True,accepted_empirical,0.1,1,1.365405934292529e-10,-0.0074868193523640785,100,5.0,0.0011718750000000002,empirical,0.0011718750000000002,0.02272421875000001,0.00539417986429677,0.006872151534574655,0.00024606074565067726,0.004780775939607936,0.0031467731797531293
T-L,SA,mc_learned_baseline,False,42,71,200056,18176,18176,0,149504,14200,100028,400112,262144,0.9328125000000002,0.9990000000000001,0.9780246369288454,0.001065233005075994,1.3109374133268256e-05,public_state_tabular_independent_mc,0,0.21202335754142498,3.168597200070508,True,accepted_empirical,0.1,1,3.38756265663262e-10,-0.0038405587338682916,100,5.0,0.0005859375000000001,empirical,0.001015535322230033,0.010934143066406258,0.0003011747092603777,0.08591937728748844,0.00034816553223078505,0.002661759068732644,0.002995802207020085
T-L,SA,mc_learned_baseline,False,42,72,202816,18432,18432,0,151552,14400,101408,405632,262144,0.9796875000000003,0.9780000000000001,0.9790960709814657,0.0010714340526202237,1.328213370399438e-05,public_state_tabular_independent_mc,0,0.2096426528858965,3.212809000047855,True,accepted_empirical,0.1,1,3.7941677912242185e-10,-0.0027858016201240537,100,5.0,0.0011718750000000002,empirical,0.0008278295590484758,0.008099670410156252,3.167910375921269e-05,0.01110157474438378,0.0003427267372707674,0.002698504678077749,0.002994246135263184
T-L,SA,mc_learned_baseline,False,42,73,205576,18688,18688,0,153600,14600,102788,411152,262144,0.9682031250000003,0.9960000000000001,0.9806823062762127,0.001586235294746996,2.7437658391999775e-05,public_state_tabular_independent_mc,0,0.20616688843588887,3.2545592000242323,True,accepted_empirical,0.1,1,2.966029704645446e-10,-0.007751559156399336,100,5.0,0.0017578125000000003,empirical,0.0010128855190910918,0.02210390756866078,0.005523954808175042,0.010410327483264314,0.0004208292023895625,0.005500770302967756,0.0029078849119753827
T-L,SA,mc_learned_baseline,False,42,74,208336,18944,18944,0,155648,14800,104168,416672,262144,0.9843750000000002,0.975,0.9821823694087298,0.0015000631325171598,5.49283568527638e-05,public_state_tabular_independent_mc,0,0.20307270605446115,3.302814400056377,True,accepted_empirical,0.1,1,3.698805317704912e-10,-0.00301814437600238,100,5.0,0.0005859375000000001,empirical,0.0005859375,0.00801136644151476,0.0002930683426900951,-0.029178608923884797,0.007940979323275307,0.0136086461180585,-0.004659435192218441
T-L,SA,mc_learned_baseline,False,42,75,211096,19200,19200,0,157696,15000,105548,422192,262144,0.9682031250000003,0.9930000000000001,0.9834592095944469,0.0012768401857170542,1.8850152836482752e-05,public_state_tabular_independent_mc,0,0.20020027550206013,3.352227200055495,True,accepted_empirical,0.1,1,4.541507329895168e-10,-0.007118819597934334,100,5.0,0.0011718750000000002,empirical,0.0008278295590484758,0.022633032226562516,0.005555028576984668,0.0017235701292982464,0.0001502005832721953,0.003833648760726984,0.0029687260539412335
T-L,SA,mc_learned_baseline,False,42,76,213856,19456,19456,0,159744,15200,106928,427712,262144,0.9796875000000003,1.002,0.9845792981547727,0.0011200885603258603,1.4905753626704653e-05,public_state_tabular_independent_mc,0,0.19765065396291612,3.3954910000320524,True,accepted_empirical,0.1,1,3.4394443571647744e-10,-0.0030828043766931235,100,5.0,0.0011718750000000002,empirical,0.0008278295590484756,0.008349609375000008,0.00018393304414952762,-0.004179416374356704,0.0001674669272841094,0.00296921884115807,0.0029280499712541334
T-L,SA,mc_learned_baseline,False,42,77,216616,19712,19712,0,161792,15400,108308,433232,262144,0.9843750000000002,0.981,0.9855865735237598,0.0010072753689870373,1.2098174358687475e-05,public_state_tabular_independent_mc,0,0.19534672046161233,3.43495410005562,True,accepted_empirical,0.1,1,3.483084015026587e-10,-0.0026465322285937273,100,5.0,0.0011718750000000002,empirical,0.0008278295590484756,0.007693176269531253,4.8066868000182794e-06,0.007696850393700716,0.0001862626398833264,0.0024585294051202027,0.002897379256765063
T-L,SA,mc_learned_baseline,False,42,78,219376,19968,19968,0,163840,15600,109688,438752,262144,0.9796875000000003,0.9750000000000001,0.9865912401657779,0.0010046666420181483,1.2084570836341402e-05,public_state_tabular_independent_mc,0,0.19303809258545648,3.4776099000591785,True,accepted_empirical,0.1,1,3.216808989994334e-10,-0.0028221112708989226,100,5.0,0.004101562500000001,empirical,0.0015411167927199777,0.008143615722656258,1.4371015386949614e-05,0.008414807075154629,0.00018509075728915755,0.002454919490889015,0.0028867472028798946
T-L,SA,mc_learned_baseline,False,42,79,222136,20224,20224,0,165888,15800,111068,444272,262144,1.0031250000000003,0.993,0.9876722839872545,0.0010810438214765572,1.4059865807647787e-05,public_state_tabular_independent_mc,0,0.19054183437482106,3.525787700084038,True,accepted_empirical,0.1,1,2.817412820377529e-10,-0.0022714716028930633,100,5.0,0.0011718750000000002,empirical,0.0008278295590484756,0.00595733642578125,4.107556108891994e-05,-0.0016711229946524409,0.0001662438029047801,0.0028027792638014963,0.002892753802618244
T-L,SA,mc_learned_baseline,False,42,80,224896,20480,20480,0,167936,16000,112448,449792,262144,1.0007812500000002,0.9840000000000001,0.9886386860734969,0.000966402086242435,1.1288565085820575e-05,public_state_tabular_independent_mc,0,0.18829945492062355,3.5691848000278696,True,accepted_empirical,0.1,1,3.0458803712097713e-10,-0.002123509703215711,100,5.0,0.0011718750000000002,empirical,0.0008278295590484758,0.006215515136718752,5.525981150350754e-06,-0.003535490889311932,0.00019817731011519542,0.0022933094272736283,0.0028458181141323207
T-L,SA,mc_learned_baseline,False,42,81,227656,20736,20736,0,169984,16200,113828,455312,262144,1.0078125000000002,0.9690000000000001,0.9897753530796981,0.0011366670062011863,1.5710758281697768e-05,public_state_tabular_independent_mc,0,0.18564865012485096,3.6207637999905273,True,accepted_empirical,0.1,1,2.88771254492495e-11,-0.002294730594454007,100,5.0,0.0011718750000000002,empirical,0.0011718750000000002,0.00544097900390625,0.00013432385298722506,0.002546166759933244,0.00017207180258688675,0.003170491055659464,0.0028574743905960195
T-L,SA,mc_learned_baseline,False,42,82,230416,20992,20992,0,172032,16400,115208,460832,262144,1.0054687500000004,0.99,0.990833669807255,0.0010583167275568517,1.3701840540070166e-05,public_state_tabular_independent_mc,0,0.183167327845656,3.66671410005074,True,accepted_empirical,0.1,1,3.6406186201785044e-10,-0.002233035707313874,100,5.0,0.0005859375000000001,empirical,0.0005859375,0.0058639526367187484,6.3220608807570615e-06,-0.014118466525570472,0.0001649744225533793,0.002728152508218847,0.002846318658996911
T-L,SA,mc_learned_baseline,False,42,83,233176,21248,21248,0,174080,16600,116588,466352,262144,0.9914062500000003,0.9900000000000001,0.9918758949001372,0.0010422250928822097,2.2552349296293153e-05,public_state_tabular_independent_mc,0,0.18078226027052496,3.714198600035161,True,accepted_empirical,0.1,1,3.3194805000495013e-10,-0.0024597915925663573,100,5.0,0.0005859375000000001,empirical,0.0005859375,0.0073943469965164965,0.00031084028093834876,-0.03432993334990031,0.0024710362914535933,0.005328907724116219,0.000522039237324726
T-L,SA,mc_learned_baseline,False,42,84,235936,21504,21504,0,176128,16800,117968,471872,262144,0.9914062500000003,0.9840000000000001,0.9929748139068313,0.0010989190066941212,1.501902403967287e-05,public_state_tabular_independent_mc,0,0.17817832607657713,3.7596857000607997,True,accepted_empirical,0.1,1,6.274728349756065e-11,-0.002983952373812915,100,5.0,0.0011718750000000002,empirical,0.0008278295590484756,0.00708343505859375,1.5367309090539998e-05,0.0018290977168556877,0.0001316370407020471,0.003035495601377891,0.002798662119172392
T-L,SA,mc_learned_baseline,False,42,85,238696,21760,21760,0,178176,17000,119348,477392,262144,0.9937500000000001,0.99,0.9941791316696099,0.0012043177627786283,1.8190148640088387e-05,public_state_tabular_independent_mc,0,0.17530777220104124,3.806644600001164,True,accepted_empirical,0.1,1,2.538544663528754e-11,-0.003292509204883299,100,5.0,0.0,empirical,0.0,0.007031249999999998,0.00016838101838345795,-0.011379800853485111,0.00018648350447829641,0.0036553798316046908,0.0027232772002951343
T-L,SA,mc_learned_baseline,False,42,86,241456,22016,22016,0,180224,17200,120728,482912,262144,0.9796875000000002,0.996,0.9952281094268259,0.0010489777572160186,1.391081360463854e-05,public_state_tabular_independent_mc,0,0.1727927719881264,3.864994000061415,True,accepted_empirical,0.1,1,1.907323165584674e-11,-0.0033047771278657528,100,5.0,0.0029296875000000004,empirical,0.0013050580369279308,0.008085937500000001,0.0001911669722016553,0.01194118964101798,0.0001272210864360608,0.002793285700891851,0.0027585713832283037
T-L,SA,mc_learned_baseline,False,42,87,244216,22272,22272,0,182272,17400,122108,488432,262144,0.9984375000000003,1.008,0.9962817653075586,0.0010536558807326957,1.4153675160920254e-05,public_state_tabular_independent_mc,0,0.1702524530844377,3.9079049000283703,True,accepted_empirical,0.1,1,6.303357172829567e-11,-0.002690813311887502,100,5.0,0.0005859375000000001,empirical,0.0005859375,0.006503906250000005,0.00014288590513433563,-0.0076226774654599705,0.0001285481478318808,0.0028613143807083956,0.002735123621064427
T-L,SA,mc_learned_baseline,False,42,88,246976,22528,22528,0,184320,17600,123488,493952,262144,0.9820312500000001,0.9933000000000001,0.9972453540358711,0.0009635887283124811,1.1935278381191378e-05,public_state_tabular_independent_mc,0,0.16791663992024536,3.946884300094098,True,accepted_empirical,0.1,1,2.4831088672016474e-10,-0.0030078542551803277,100,5.0,0.0,empirical,0.0,0.007910156250000005,2.8884697870287742e-05,0.008581224739977245,0.00013813293658649023,0.0023795744577930888,0.002702153452382028
T-L,SA,mc_learned_baseline,False,42,89,249736,22784,22784,0,186368,17800,124868,499472,262144,1.0007812500000002,1.0110000000000001,0.9981963466757603,0.000950992639889181,1.1724330883955889e-05,public_state_tabular_independent_mc,0,0.16559926497135108,3.9870029999874532,True,accepted_empirical,0.1,1,2.4583134141227466e-10,-0.0023421740831035716,100,5.0,0.0005859375000000001,empirical,0.0005859375,0.0061715698242187506,5.089500913798781e-06,2.4723712512275675e-05,0.0001396563288210657,0.0023375053177208524,0.0026782206273101997
T-L,SA,mc_learned_baseline,False,42,90,252496,23040,23040,0,188416,18000,126248,504992,262144,1.0031250000000003,1.002,0.9991311546592777,0.0009348079835174161,1.142845468979498e-05,public_state_tabular_independent_mc,0,0.1633093725866567,4.032961199991405,True,accepted_empirical,0.1,1,2.1134503601272452e-10,-0.0022448513535381423,100,5.0,0.0005859375000000001,empirical,0.0005859375,0.005957336425781255,6.721708131453272e-05,-0.0016711229946522188,0.00014249513427082492,0.0022798162602813464,0.002652307035502857
T-L,SA,mc_learned_baseline,False,42,91,255256,23296,23296,0,190464,18200,127628,510512,262144,1.01015625,0.9900000000000001,1.0001355236534843,0.0010043689942066392,1.33219860675307e-05,public_state_tabular_independent_mc,0,0.16083558959312158,4.0808382000541314,True,accepted_empirical,0.1,1,1.3590131309658002e-10,-0.002227394211860155,100,5.0,0.0005859375000000001,empirical,0.0005859375,0.005207519531249998,6.639419717635681e-06,0.002577999121136987,0.00012760884046600213,0.0026995269009198776,0.002643583423935919
T-L,SA,mc_learned_baseline,False,42,92,258016,23552,23552,0,192512,18400,129008,516032,262144,1.0031250000000003,0.9990000000000001,1.0011256967647135,0.0009901731112291756,1.3081431039948062e-05,public_state_tabular_independent_mc,0,0.15838278189604685,4.133293800055981,True,accepted_empirical,0.1,1,1.4482373936498462e-10,-0.002540821969488017,100,5.0,0.0023437500000000003,empirical,0.001168429990096266,0.006031494140625,6.5588768688992e-05,-0.0079185520361984,0.00012747145817408568,0.0026515972700940364,0.0026173289600393145
T-L,SA,mc_learned_baseline,False,42,93,260776,23808,23808,0,194560,18600,130388,521552,262144,1.0148437500000003,1.0020000000000002,1.0022839586189531,0.0011582618542396173,1.8120560323969683e-05,public_state_tabular_independent_mc,0,0.15549553381220232,4.177350700017996,True,accepted_empirical,0.1,1,2.4665912615369086e-10,-0.0024923560291626066,100,5.0,0.0023437500000000003,empirical,0.001168429990096266,0.004987792968749998,7.743061010157037e-05,-0.023582002526642665,0.00021431292633473622,0.003626206881070077,0.0025034292283646785
