experiment,method,label,data_seed,dataset_sha256,sample_episodes,source_steps_total,source_steps_training,source_steps_validation,direction_error,direction_norm,exact_score,validation_score,validation_score_variance,validation_gradient_trace_variance,fixed_oracle_q_score_variance,fixed_oracle_q_gradient_trace_variance,curvature_min,curvature_max,optimization_seconds,direction_loss,direction_steps,q_bound,q_coefficient_0,q_coefficient_1
P-E,AN,exact_advantage,1000,d733245bfc97b8703411e4969e157138c0d57d3b36b0978845030971511eef25,32,532,32,500,0.0015599243616501348,0.04859020202949405,0.0649680756383498,0.09120854872959651,0.18851543336080887,3.1366551346431617,0.24590288604890387,3.1196751665258953,0.84,0.8400000000000001,0.007530699949711561,-0.05065869818598722,100,5.0,0.07079882152016449,0.3050696350974175
P-E,SA,exact_advantage,1000,d733245bfc97b8703411e4969e157138c0d57d3b36b0978845030971511eef25,32,532,32,500,0.0007010796732580258,0.05671560444804414,0.06582692032674192,0.09427833293676414,0.22304971344037394,3.2202849429035876,0.2544492187411684,3.2288178602333204,0.36,1.9599999999999997,0.005191999953240156,-0.0550972695810638,100,5.0,0.08415345986485462,0.3283439629437698
P-E,AN,mc_raw,1000,d733245bfc97b8703411e4969e157138c0d57d3b36b0978845030971511eef25,32,532,32,500,0.0013190024645922077,0.05083361298452695,0.06520899753540771,0.0891080952408017,0.20452015249117367,3.479318844797895,0.2821353912346353,3.4732892836062916,0.84,0.8400000000000001,0.00537480041384697,-0.053617494883544455,100,5.0,0.026331391488430646,0.3168566160028693
P-E,SA,mc_raw,1000,d733245bfc97b8703411e4969e157138c0d57d3b36b0978845030971511eef25,32,532,32,500,0.0004464062547232775,0.05934244796810411,0.06608159374527664,0.09183734176276248,0.2393778075622326,3.667988299125393,0.2966145490280332,3.6694690376744195,0.36,1.9599999999999997,0.005730600096285343,-0.05815159246363945,100,5.0,0.03077382677923629,0.34221572149923396
P-E,AN,exact_advantage,1001,d90a939fbe7d9055f8ae617407e4ef50623e788e7162591d0513efc14b1bc44f,32,532,32,500,0.23592616822793316,0.4366755777934549,-0.1693981682279332,-0.19547212337569964,3.400672842691126,4.6970315330303425,0.4240687266451923,4.53107495644565,0.84,0.8400000000000001,0.005288999993354082,-0.42151624802556487,100,5.0,0.8216491371801056,0.6452505411001436
P-E,SA,exact_advantage,1001,d90a939fbe7d9055f8ae617407e4ef50623e788e7162591d0513efc14b1bc44f,32,532,32,500,0.2043973736213227,0.41385466184786707,-0.1378693736213228,-0.15759956944876682,3.205761404693181,5.2268837531218715,0.44797010883889166,4.86749151492582,0.36,1.9599999999999997,0.005400500260293484,-0.41268851898321424,100,5.0,0.7351437527112306,0.6788588296881275
P-E,AN,mc_raw,1001,d90a939fbe7d9055f8ae617407e4ef50623e788e7162591d0513efc14b1bc44f,32,532,32,500,0.25097847578308546,0.45737955121665475,-0.18445047578308554,-0.1925614992212155,4.077095016741619,5.477613808295685,0.5173516164975367,5.3176051024379065,0.84,0.8400000000000001,0.006148600019514561,-0.44095115654334727,100,5.0,0.8431770843925667,0.6584330230127347
P-E,SA,mc_raw,1001,d90a939fbe7d9055f8ae617407e4ef50623e788e7162591d0513efc14b1bc44f,32,532,32,500,0.21812678907308083,0.43342525874854787,-0.1515987890730809,-0.15193505628971812,3.876659548343196,6.1576415388309345,0.5482685957541619,5.756828977900833,0.36,1.9599999999999997,0.0053356001153588295,-0.4314213727624234,100,5.0,0.7550615387890309,0.6927424725294684
P-E,AN,exact_advantage,1002,5611e1dbe7a7be4a4dcba9c2ce8f1012a1d306922dd5a74381c6f001f10c1ae6,32,532,32,500,0.06346696702238774,0.20529068606036105,0.0030610329776122325,0.056888840007405746,1.7591897103160088,4.899039995086997,0.3895296671808427,4.871624622376345,0.84,0.8400000000000001,0.005448299925774336,-0.20859200161651792,100,5.0,0.4449541687888047,0.5247221311519202
P-E,SA,exact_advantage,1002,5611e1dbe7a7be4a4dcba9c2ce8f1012a1d306922dd5a74381c6f001f10c1ae6,32,532,32,500,0.054114113906015296,0.18456463896135206,0.01241388609398461,0.06376767961798217,1.587016044869186,5.052461791337324,0.41024901882140385,5.129901302866921,0.36,1.9599999999999997,0.005724499933421612,-0.19790065866616607,100,5.0,0.4253630782985076,0.49555744526659223
P-E,AN,mc_raw,1002,5611e1dbe7a7be4a4dcba9c2ce8f1012a1d306922dd5a74381c6f001f10c1ae6,32,532,32,500,0.05597935202856583,0.17023523890455267,0.010548647971434094,0.07574731504216442,1.71169124271047,5.610046362181194,0.4527643795025741,5.558760725863676,0.84,0.8400000000000001,0.005092399660497904,-0.1714371811073256,100,5.0,0.4537624062430274,0.4477738829813383
P-E,SA,mc_raw,1002,5611e1dbe7a7be4a4dcba9c2ce8f1012a1d306922dd5a74381c6f001f10c1ae6,32,532,32,500,0.048907889326310156,0.15411619477483526,0.017620110673689765,0.07978545098560053,1.5510573963978826,5.736810132519072,0.47894517264758407,5.893956065021998,0.36,1.9599999999999997,0.005847400054335594,-0.16273056553141796,100,5.0,0.43308804910382404,0.42513832481442626
P-E,AN,exact_advantage,1003,5ff65f409ab050b6b6b3515e68e18051dd0aed66d3038febcb7f6c65158cd6f2,32,532,32,500,0.005247551106039499,0.10914437869387078,0.06128044889396042,0.08474659395504636,0.48047084686385916,3.2447112559614895,0.29583496667814146,3.2772833716838177,0.84,0.8400000000000001,0.005259899888187647,-0.1156743570887422,100,5.0,0.07712914951477019,0.46107523225142133
P-E,SA,exact_advantage,1003,5ff65f409ab050b6b6b3515e68e18051dd0aed66d3038febcb7f6c65158cd6f2,32,532,32,500,0.017334933270360675,0.15161158034586922,0.04919306672963927,0.07712362575523951,0.6475649356563726,3.4889664564086473,0.30748461925401316,3.4348443345054522,0.36,1.9599999999999997,0.005843199789524078,-0.13540715942851184,100,5.0,0.0746051565092783,0.5450743142775972
P-E,AN,mc_raw,1003,5ff65f409ab050b6b6b3515e68e18051dd0aed66d3038febcb7f6c65158cd6f2,32,532,32,500,0.015541736682700308,0.1452340749222479,0.05098626331729961,0.08143073116954781,0.7012133679611883,3.66347538437725,0.3440521634380356,3.7293650503976856,0.84,0.8400000000000001,0.005699200090020895,-0.15180966966508913,100,5.0,0.04842861918116576,0.5353496922237737
P-E,SA,mc_raw,1003,5ff65f409ab050b6b6b3515e68e18051dd0aed66d3038febcb7f6c65158cd6f2,32,532,32,500,0.034963600173921285,0.1964635164957564,0.031564399826078615,0.06739466731737376,0.9307725722966086,4.128248714808391,0.36169823188857503,3.9738563921211307,0.36,1.9599999999999997,0.004999199882149696,-0.17805768936325062,100,5.0,0.04692703233234649,0.6231696935025214
P-E,AN,exact_advantage,1000,f592b0d7d25100193b69cc011f1eb8d2607b3b1e1a4a67fc5fad7a4d94d72512,128,628,128,500,0.10235267813373525,0.2993814626634492,-0.035824678133735355,0.03276392564671172,1.4294762263079082,3.1412869812959467,0.24590288604890387,3.1196751665258953,0.84,0.8400000000000001,0.008861000183969736,-0.29875371313744714,100,5.0,0.45362730446489796,0.6758888106638266
P-E,SA,exact_advantage,1000,f592b0d7d25100193b69cc011f1eb8d2607b3b1e1a4a67fc5fad7a4d94d72512,128,628,128,500,0.10847810380782327,0.3189454109247828,-0.041950103807823325,0.02749319826251507,1.47005502995861,3.35850813275783,0.2544492187411684,3.2288178602333204,0.36,1.9599999999999997,0.008466600440442562,-0.30677106237509827,100,5.0,0.4240380769593748,0.7162094682924318
P-E,AN,mc_raw,1000,f592b0d7d25100193b69cc011f1eb8d2607b3b1e1a4a67fc5fad7a4d94d72512,128,628,128,500,0.11237307069504669,0.3208235423003465,-0.045845070695046786,0.01966856382331541,1.7051454226425562,3.491616683695268,0.2821353912346353,3.4732892836062916,0.84,0.8400000000000001,0.010153499897569418,-0.318543193334087,100,5.0,0.4513987677733382,0.7076115335336168
P-E,SA,mc_raw,1000,f592b0d7d25100193b69cc011f1eb8d2607b3b1e1a4a67fc5fad7a4d94d72512,128,628,128,500,0.11983778989467234,0.3416630797982973,-0.05330978989467239,0.01298628363025356,1.760179257685077,3.887785866932736,0.2966145490280332,3.6694690376744195,0.36,1.9599999999999997,0.00911679957062006,-0.3277566283722859,100,5.0,0.42218134406295427,0.7477153276868573
P-E,AN,exact_advantage,1001,ea4d1c5fe2d661ac95c35a261dcd2fc0207f17686cf282679c40fb4617f55e58,128,628,128,500,0.03678198221432182,0.06673737821979475,0.029746017785678078,0.01674088201787107,0.506236916939458,4.670658038426129,0.4240687266451923,4.53107495644565,0.84,0.8400000000000001,0.00936349993571639,-0.06564068154645715,100,5.0,0.3481268277326941,0.22720161571674025
P-E,SA,exact_advantage,1001,ea4d1c5fe2d661ac95c35a261dcd2fc0207f17686cf282679c40fb4617f55e58,128,628,128,500,0.03825341847493455,0.06966693157619558,0.028274581525065373,0.014797610509096202,0.5279022427664104,4.784551266435656,0.44797010883889166,4.86749151492582,0.36,1.9599999999999997,0.011526199989020824,-0.06695797309818807,100,5.0,0.3575982363204047,0.23016741681223085
P-E,AN,mc_raw,1001,ea4d1c5fe2d661ac95c35a261dcd2fc0207f17686cf282679c40fb4617f55e58,128,628,128,500,0.048685657431839675,0.05081155673867212,0.017842342568160266,0.006194791888379147,0.4055223925433689,5.504545265284472,0.5173516164975367,5.3176051024379065,0.84,0.8400000000000001,0.009974600281566381,-0.04960360274077897,100,5.0,0.3419565265229491,0.15119657230331554
P-E,SA,mc_raw,1001,ea4d1c5fe2d661ac95c35a261dcd2fc0207f17686cf282679c40fb4617f55e58,128,628,128,500,0.05008386902179497,0.05318365004220752,0.016444130978204956,0.00432883244997306,0.4232586890813761,5.555240380040093,0.5482685957541619,5.756828977900833,0.36,1.9599999999999997,0.008764100261032581,-0.05070005715531027,100,5.0,0.3510419231868775,0.15287084071185422
P-E,AN,exact_advantage,1002,10ca52a43d038b864dfb2edc2c307b981fc2f02206291456b72ba73080175563,128,628,128,500,0.0031344560526691536,0.04241057392655172,0.06339354394733077,0.07343849068784548,0.2741129316662725,4.905162182136599,0.3895296671808427,4.871624622376345,0.84,0.8400000000000001,0.008642999920994043,-0.04356717200598781,100,5.0,0.0794000957391146,0.28274555228637965
P-E,SA,exact_advantage,1002,10ca52a43d038b864dfb2edc2c307b981fc2f02206291456b72ba73080175563,128,628,128,500,0.002409812556862305,0.04539361696307978,0.06411818744313763,0.0743233560735578,0.2916958234831982,5.082549107986492,0.41024901882140385,5.129901302866921,0.36,1.9599999999999997,0.008142100181430578,-0.044979345812965324,100,5.0,0.08028247448731421,0.29286490033864904
P-E,AN,mc_raw,1002,10ca52a43d038b864dfb2edc2c307b981fc2f02206291456b72ba73080175563,128,628,128,500,0.0023653846161815787,0.04823492886492458,0.06416261538381834,0.08304870349622495,0.37136665491759563,5.59097842460625,0.4527643795025741,5.558760725863676,0.84,0.8400000000000001,0.008719699922949076,-0.04922070113849351,100,5.0,0.09786073379143069,0.2988640858197545
P-E,SA,mc_raw,1002,10ca52a43d038b864dfb2edc2c307b981fc2f02206291456b72ba73080175563,128,628,128,500,0.001853745362880075,0.05118942482712427,0.06467425463711986,0.08392995084862535,0.39208857825896637,5.829056124032025,0.47894517264758407,5.893956065021998,0.36,1.9599999999999997,0.00811329996213317,-0.05080137205946079,100,5.0,0.09884323555510825,0.3083066584178302
P-E,AN,exact_advantage,1003,edd458edd228981791ca22c6dbc065f8f7370a9c4f1882b82c948bbe1f5be8b4,128,628,128,500,0.021381954729671648,0.1014977723049708,0.04514604527032827,0.06478782604307945,0.5970483916877989,3.3541086702766183,0.29583496667814146,3.2772833716838177,0.84,0.8400000000000001,0.008633899968117476,-0.10185184722177763,100,5.0,0.3119979544433478,0.369444609932053
P-E,SA,exact_advantage,1003,edd458edd228981791ca22c6dbc065f8f7370a9c4f1882b82c948bbe1f5be8b4,128,628,128,500,0.017442285712785194,0.09518727658005535,0.049085714287214754,0.06846250065785522,0.5536962009564063,3.4588336606222416,0.30748461925401316,3.4348443345054522,0.36,1.9599999999999997,0.008508800063282251,-0.09872116832986347,100,5.0,0.2877375893108329,0.3656068432160974
P-E,AN,mc_raw,1003,edd458edd228981791ca22c6dbc065f8f7370a9c4f1882b82c948bbe1f5be8b4,128,628,128,500,0.02404260671705655,0.10155276919555914,0.04248539328294337,0.06056758971535111,0.6855167098542222,3.8204466267524797,0.3440521634380356,3.7293650503976856,0.84,0.8400000000000001,0.010398599784821272,-0.10225447063796317,100,5.0,0.3274975449895722,0.3605419462756919
P-E,SA,mc_raw,1003,edd458edd228981791ca22c6dbc065f8f7370a9c4f1882b82c948bbe1f5be8b4,128,628,128,500,0.019957960589127192,0.09514455840475182,0.046570039410872746,0.06463694948550212,0.637343134812481,3.9806688970257658,0.36169823188857503,3.9738563921211307,0.36,1.9599999999999997,0.008708299603313208,-0.09887563986237724,100,5.0,0.30368664895100655,0.35678448007583796
P-E,AN,exact_advantage,1000,015ac385f4f9f04ad54d6543a6067214d30065f3de4594913e42ec5db6eaa330,512,1012,512,500,0.0021974786514044682,0.09189907733632978,0.06433052134859547,0.09956826638576895,0.3507853177739431,3.1099484207989088,0.24590288604890387,3.1196751665258953,0.84,0.8400000000000001,0.02687350008636713,-0.09537306908979504,100,5.0,0.09335034367793178,0.4201546319109103
P-E,SA,exact_advantage,1000,015ac385f4f9f04ad54d6543a6067214d30065f3de4594913e42ec5db6eaa330,512,1012,512,500,0.001878275523918329,0.0894712177646157,0.06464972447608158,0.0995223685783645,0.3429342989494041,3.2365981624392943,0.2544492187411684,3.2288178602333204,0.36,1.9599999999999997,0.019262699875980616,-0.09395930747894184,100,5.0,0.09431857020802903,0.41423615930861346
P-E,AN,mc_raw,1000,015ac385f4f9f04ad54d6543a6067214d30065f3de4594913e42ec5db6eaa330,512,1012,512,500,0.0016733867418330841,0.08900412509935017,0.06485461325816687,0.09717852167747423,0.3829924567520754,3.463074250761437,0.2821353912346353,3.4732892836062916,0.84,0.8400000000000001,0.018033199943602085,-0.09224577455469005,100,5.0,0.08112190727645024,0.41497989157884324
P-E,SA,mc_raw,1000,015ac385f4f9f04ad54d6543a6067214d30065f3de4594913e42ec5db6eaa330,512,1012,512,500,0.0013764986935114838,0.08660686168826785,0.06515150130648843,0.09712520662282256,0.3739682580907574,3.688455877758901,0.2966145490280332,3.6694690376744195,0.36,1.9599999999999997,0.018562099896371365,-0.09086439321222275,100,5.0,0.08190389772762927,0.4091049323147552
P-E,AN,exact_advantage,1001,5e5534c2b9ba80e6b20cc518672292f39d2002dd8878a88b826f998ccc92e52e,512,1012,512,500,0.0012215604011063378,0.08186491533979012,0.06530643959889357,0.07899416853520812,0.4949518385269513,4.506501768023616,0.4240687266451923,4.53107495644565,0.84,0.8400000000000001,0.0182499997317791,-0.08264088661725179,100,5.0,0.029194220515126216,0.4023209985877257
P-E,SA,exact_advantage,1001,5e5534c2b9ba80e6b20cc518672292f39d2002dd8878a88b826f998ccc92e52e,512,1012,512,500,0.0011550815619168061,0.0810842622898953,0.06537291843808311,0.07902836705561665,0.4899848680170761,4.900081762744581,0.44797010883889166,4.86749151492582,0.36,1.9599999999999997,0.018115199636667967,-0.08222145393552945,100,5.0,0.02858367517736001,0.4004207642879942
P-E,AN,mc_raw,1001,5e5534c2b9ba80e6b20cc518672292f39d2002dd8878a88b826f998ccc92e52e,512,1012,512,500,0.0014877193475729277,0.08570008141837047,0.065040280652427,0.09151199784453913,0.6414905989918043,5.288409977758114,0.5173516164975367,5.3176051024379065,0.84,0.8400000000000001,0.018544699996709824,-0.08680545590012799,100,5.0,0.0377555876140946,0.41120496246196336
P-E,SA,mc_raw,1001,5e5534c2b9ba80e6b20cc518672292f39d2002dd8878a88b826f998ccc92e52e,512,1012,512,500,0.0014088282094711776,0.08489599620466072,0.06511917179052872,0.0915315415267616,0.6348786778463201,5.808885728664165,0.5482685957541619,5.756828977900833,0.36,1.9599999999999997,0.018829199951142073,-0.08636190899024847,100,5.0,0.03668741044974618,0.4093252083494703
P-E,AN,exact_advantage,1002,05477bfa445d20d9a6f2300bbc947624822eb929fdd06ce5b3160b853411de56,512,1012,512,500,0.00345241338379935,0.09880060879195271,0.06307558661620058,0.06980684769157793,0.5389699392014401,4.838806269705756,0.3895296671808427,4.871624622376345,0.84,0.8400000000000001,0.019149200059473515,-0.10187301465104391,100,5.0,0.041888760186184336,0.44143309247532636
P-E,SA,exact_advantage,1002,05477bfa445d20d9a6f2300bbc947624822eb929fdd06ce5b3160b853411de56,512,1012,512,500,0.002101208785022614,0.0907524931226077,0.06442679121497731,0.07104170357376793,0.49814678527455053,5.177209380346127,0.41024901882140385,5.129901302866921,0.36,1.9599999999999997,0.019232199992984533,-0.0973484855678051,100,5.0,0.04230786212831228,0.42293163397423816
P-E,AN,mc_raw,1002,05477bfa445d20d9a6f2300bbc947624822eb929fdd06ce5b3160b853411de56,512,1012,512,500,0.003388371516267678,0.0975754253784528,0.06313962848373224,0.07802962980896751,0.6120487198693808,5.5227969205461624,0.4527643795025741,5.558760725863676,0.84,0.8400000000000001,0.020281299948692322,-0.10061149098064245,100,5.0,0.03373433483095749,0.4391393449123703
P-E,SA,mc_raw,1002,05477bfa445d20d9a6f2300bbc947624822eb929fdd06ce5b3160b853411de56,512,1012,512,500,0.002091886166366971,0.08966567431110838,0.06443611383363297,0.07883941496437889,0.5653206077142394,5.960112885184227,0.47894517264758407,5.893956065021998,0.36,1.9599999999999997,0.020438000094145536,-0.0961336279581909,100,5.0,0.03414836095070102,0.4208689545613127
P-E,AN,exact_advantage,1003,a3ae14c43f1320c708341de051d8df50ed730003445c618efa5d4a597c3d81eb,512,1012,512,500,0.002515031288285793,0.04369283088998016,0.06401296871171412,0.07853345439988049,0.18761877387159648,3.296173485998156,0.29583496667814146,3.2772833716838177,0.84,0.8400000000000001,0.018635400105267763,-0.043548076809627606,100,5.0,0.03146294061084042,0.293312427899761
P-E,SA,exact_advantage,1003,a3ae14c43f1320c708341de051d8df50ed730003445c618efa5d4a597c3d81eb,512,1012,512,500,0.0024728574020560397,0.04389473087132152,0.0640551425979439,0.07860959285314711,0.18832503334941705,3.4232196046220817,0.30748461925401316,3.4348443345054522,0.36,1.9599999999999997,0.018858099821954966,-0.043645762207225,100,5.0,0.031225999368133736,0.29401135685279517
P-E,AN,mc_raw,1003,a3ae14c43f1320c708341de051d8df50ed730003445c618efa5d4a597c3d81eb,512,1012,512,500,0.001951492932368412,0.045696767109598996,0.0645765070676315,0.08100589482622488,0.23675713069392637,3.750326818182132,0.3440521634380356,3.7293650503976856,0.84,0.8400000000000001,0.01855959976091981,-0.045527667479246525,100,5.0,0.048026725284082555,0.2985472790282638
P-E,SA,mc_raw,1003,a3ae14c43f1320c708341de051d8df50ed730003445c618efa5d4a597c3d81eb,512,1012,512,500,0.0019120734964811917,0.045891917687228084,0.06461592650351873,0.08108618326878252,0.23753503937933523,3.9483909677529083,0.36169823188857503,3.9738563921211307,0.36,1.9599999999999997,0.019159100018441677,-0.04562583409827556,100,5.0,0.04771978402512035,0.2992277956868773
P-E,AN,exact_advantage,1000,e81afc630eeb7b22822342c9089cca27df0635ad66839c19bf4cc1b03d781509,2048,2548,2048,500,0.00041477394709404393,0.06959789043684611,0.0661132260529059,0.09530424013520956,0.24088780731916537,3.111481490550392,0.24590288604890387,3.1196751665258953,0.84,0.8400000000000001,0.08550179982557893,-0.06971308250929428,100,5.0,0.027513583786576895,0.3709263910699881
P-E,SA,exact_advantage,1000,e81afc630eeb7b22822342c9089cca27df0635ad66839c19bf4cc1b03d781509,2048,2548,2048,500,0.0003649740970549421,0.0675551691925074,0.06616302590294498,0.09497593992132246,0.2342182557230156,3.2344414507261665,0.2544492187411684,3.2288178602333204,0.36,1.9599999999999997,0.0852920999750495,-0.06877068257686357,100,5.0,0.027715365993129133,0.3654120137197131
P-E,AN,mc_raw,1000,e81afc630eeb7b22822342c9089cca27df0635ad66839c19bf4cc1b03d781509,2048,2548,2048,500,0.0006409648300362555,0.07354178037088704,0.06588703516996369,0.09403686324502862,0.29084267322264,3.4620861783202077,0.2821353912346353,3.4732892836062916,0.84,0.8400000000000001,0.08703890023753047,-0.07338877482297133,100,5.0,0.025098154207281936,0.3814397540873379
P-E,SA,mc_raw,1000,e81afc630eeb7b22822342c9089cca27df0635ad66839c19bf4cc1b03d781509,2048,2548,2048,500,0.0005330599215673461,0.07144764608975555,0.06599494007843258,0.09379118422174111,0.28297200856982624,3.684576455788415,0.2966145490280332,3.6694690376744195,0.36,1.9599999999999997,0.0847967998124659,-0.07239534606011847,100,5.0,0.02528541146045822,0.3759454320384219
P-E,AN,exact_advantage,1001,26ce3980071b40e3e715bbd00fa28a3732d226eff3a9fd18ae2c0888efc92723,2048,2548,2048,500,0.0005451408975497402,0.07659775679303263,0.06598285910245019,0.07847131461129266,0.47130809735098744,4.514566472404295,0.4240687266451923,4.53107495644565,0.84,0.8400000000000001,0.08416490023955703,-0.07688484603688059,100,5.0,0.03986552382051853,0.3884844520917096
P-E,SA,exact_advantage,1001,26ce3980071b40e3e715bbd00fa28a3732d226eff3a9fd18ae2c0888efc92723,2048,2548,2048,500,0.0006434164175159794,0.07815664826425074,0.06588458358248396,0.07842035098521646,0.4814988455223479,4.8924112217326305,0.44797010883889166,4.86749151492582,0.36,1.9599999999999997,0.08082020003348589,-0.07766198930568885,100,5.0,0.041394760442059364,0.39233960291476777
P-E,AN,mc_raw,1001,26ce3980071b40e3e715bbd00fa28a3732d226eff3a9fd18ae2c0888efc92723,2048,2548,2048,500,0.001000149386381819,0.08027992237243474,0.06552785061361811,0.0914814524163006,0.5981244108158935,5.293124985318414,0.5173516164975367,5.3176051024379065,0.84,0.8400000000000001,0.08991400012746453,-0.08067905234397599,100,5.0,0.03203113943622061,0.39824811905859925
P-E,SA,mc_raw,1001,26ce3980071b40e3e715bbd00fa28a3732d226eff3a9fd18ae2c0888efc92723,2048,2548,2048,500,0.0011275446694294358,0.08182197574367793,0.06540045533057047,0.09152617275047342,0.6102155468131029,5.802617805651216,0.5482685957541619,5.756828977900833,0.36,1.9599999999999997,0.08064169995486736,-0.08148992244911513,100,5.0,0.033356456380172095,0.4019992800733024
P-E,AN,exact_advantage,1002,0bfd590baad43a6530efea83e5d70fd21a165528b1ca88576a8c1d82312ed156,2048,2548,2048,500,0.0007025813474357275,0.07862365752541942,0.06582541865256422,0.07784939328666815,0.48563486057054905,4.866118941097387,0.3895296671808427,4.871624622376345,0.84,0.8400000000000001,0.08557150000706315,-0.07812012319283525,100,5.0,0.09019126136923251,0.3880416791214072
P-E,SA,exact_advantage,1002,0bfd590baad43a6530efea83e5d70fd21a165528b1ca88576a8c1d82312ed156,2048,2548,2048,500,0.0009144752198794563,0.08182819675505214,0.06561352478012049,0.07726726723322772,0.49915890240056576,5.135634549289712,0.41024901882140385,5.129901302866921,0.36,1.9599999999999997,0.08068320015445352,-0.07972397605331283,100,5.0,0.08648049744661554,0.39670091456714385
P-E,AN,mc_raw,1002,0bfd590baad43a6530efea83e5d70fd21a165528b1ca88576a8c1d82312ed156,2048,2548,2048,500,0.001564665349779537,0.08520360531363323,0.06496333465022038,0.0875141494854762,0.6216910110426483,5.5488281245264535,0.4527643795025741,5.558760725863676,0.84,0.8400000000000001,0.08417610032483935,-0.08486180355183992,100,5.0,0.10455505215605684,0.4022026021299644
P-E,SA,mc_raw,1002,0bfd590baad43a6530efea83e5d70fd21a165528b1ca88576a8c1d82312ed156,2048,2548,2048,500,0.0018533876850363401,0.08838949715811967,0.0646746123149636,0.08702663987447815,0.637878615034414,5.904851833177386,0.47894517264758407,5.893956065021998,0.36,1.9599999999999997,0.08068489981815219,-0.08656059961431414,100,5.0,0.10095872530110533,0.4105860165039208
P-E,AN,exact_advantage,1003,0735c7b2e4b33120b08c662164a498819bd1333ac22bd4191ec0376957a90d33,2048,2548,2048,500,0.00011678763728563726,0.06661342663018137,0.06641121236271429,0.08450358641324035,0.3068593788952455,3.2832490433680013,0.29583496667814146,3.2772833716838177,0.84,0.8400000000000001,0.0840332000516355,-0.06638579901372971,100,5.0,0.07845885942799585,0.3578625930907158
P-E,SA,exact_advantage,1003,0735c7b2e4b33120b08c662164a498819bd1333ac22bd4191ec0376957a90d33,2048,2548,2048,500,0.00010553188207358512,0.06698921044918635,0.06642246811792635,0.08456989466699678,0.30798241054311043,3.4351382476103907,0.30748461925401316,3.4348443345054522,0.36,1.9599999999999997,0.08370049996301532,-0.06655178392142724,100,5.0,0.07768132653078483,0.3590155629447518
P-E,AN,mc_raw,1003,0735c7b2e4b33120b08c662164a498819bd1333ac22bd4191ec0376957a90d33,2048,2548,2048,500,0.0001493178892405223,0.06982029968000492,0.06637868211075942,0.08658726633595236,0.37261476085577483,3.7326717055167133,0.3440521634380356,3.7293650503976856,0.84,0.8400000000000001,0.08177120005711913,-0.06929653323535742,100,5.0,0.0795238673569722,0.3664918966571078
P-E,SA,mc_raw,1003,0735c7b2e4b33120b08c662164a498819bd1333ac22bd4191ec0376957a90d33,2048,2548,2048,500,0.00014754184750809864,0.07021403690125336,0.06638045815249183,0.08666246944135102,0.3740195441729206,3.9765877031853982,0.36169823188857503,3.9738563921211307,0.36,1.9599999999999997,0.08222030010074377,-0.06947012668755681,100,5.0,0.0787315940363513,0.36766985555059406
