target,condition,seed,n_agents,type0_probability,interaction_strength,team_return,per_agent_return,optimal_team_return,optimality_gap_per_agent,action1_type0,action1_type1
source,fit_quarter,100,4,0.6,0.7,1.9626655991422421,0.49066639978556054,1.9626655999999998,2.144394106728953e-10,0.010000000167868596,0.9899999998981039
source,fit_quarter,101,4,0.6,0.7,1.962665599075637,0.49066639976890924,1.9626655999999998,2.3109070212967708e-10,0.010000000163647766,0.9899999998653496
source,fit_quarter,102,4,0.6,0.7,1.9626655994294664,0.4906663998573666,1.9626655999999998,1.4263334957576035e-10,0.01000000009420061,0.9899999999070936
source,fit_quarter,103,4,0.6,0.7,1.962665599376919,0.4906663998442298,1.9626655999999998,1.5577017453693998e-10,0.010000000110739172,0.9899999999098559
source,fit_quarter,104,4,0.6,0.7,1.962665599363161,0.49066639984079025,1.9626655999999998,1.5920970097837994e-10,0.010000000127939215,0.9899999999291069
source,fit_quarter,105,4,0.6,0.7,1.9626655991874582,0.49066639979686455,1.9626655999999998,2.031353973919181e-10,0.010000000122598926,0.9899999998510433
source,fit_quarter,106,4,0.6,0.7,1.9626655993424333,0.49066639983560834,1.9626655999999998,1.6439161143466663e-10,0.01000000010558935,0.9899999998886291
source,fit_quarter,107,4,0.6,0.7,1.9626655994202047,0.49066639985505117,1.9626655999999998,1.4494877520476734e-10,0.010000000110347568,0.9899999999266293
source,fit_quarter,108,4,0.6,0.7,1.9626655993762094,0.49066639984405236,1.9626655999999998,1.5594758817627508e-10,0.010000000127594624,0.9899999999338371
source,fit_quarter,109,4,0.6,0.7,1.962665599192219,0.49066639979805476,1.9626655999999998,2.019451827983687e-10,0.010000000143708011,0.9899999998833393
source,no_direction_check,100,4,0.6,0.7,1.9626655998873694,0.49066639997184236,1.9626655999999998,2.8157587372845683e-11,0.010000000024707403,0.9899999999904566
source,no_direction_check,101,4,0.6,0.7,1.9626655998858589,0.4906663999714647,1.9626655999999998,2.853522973467193e-11,0.010000000022922312,0.9899999999872818
source,no_direction_check,102,4,0.6,0.7,1.9626655998781035,0.4906663999695259,1.9626655999999998,3.047406771372607e-11,0.010000000025206183,0.9899999999874634
source,no_direction_check,103,4,0.6,0.7,1.9626655998719418,0.49066639996798544,1.9626655999999998,3.2014502160393477e-11,0.010000000021742282,0.9899999999800086
source,no_direction_check,104,4,0.6,0.7,1.9626655999080405,0.4906663999770101,1.9626655999999998,2.2989832260122967e-11,0.01000000002141258,0.9899999999939928
source,no_direction_check,105,4,0.6,0.7,1.9626655998563027,0.4906663999640757,1.9626655999999998,3.592426356391343e-11,0.010000000030684601,0.9899999999866181
source,no_direction_check,106,4,0.6,0.7,1.9626655998931994,0.49066639997329986,1.9626655999999998,2.6700086586117777e-11,0.010000000020548301,0.9899999999868044
source,no_direction_check,107,4,0.6,0.7,1.9626655998859057,0.49066639997147643,1.9626655999999998,2.8523516881762134e-11,0.010000000024349984,0.989999999989356
source,no_direction_check,108,4,0.6,0.7,1.9626655998933007,0.4906663999733252,1.9626655999999998,2.6674773501156324e-11,0.01000000002261212,0.989999999989816
source,no_direction_check,109,4,0.6,0.7,1.9626655998378928,0.4906663999594732,1.9626655999999998,4.0526748623648245e-11,0.010000000032246287,0.9899999999814927
source,no_return_check,100,4,0.6,0.7,1.9626655999671634,0.49066639999179085,1.9626655999999998,8.20910006638087e-12,0.010000000007249535,0.9899999999972844
source,no_return_check,101,4,0.6,0.7,1.9626655999661948,0.4906663999915487,1.9626655999999998,8.451239708051617e-12,0.010000000006966232,0.9899999999964885
source,no_return_check,102,4,0.6,0.7,1.96266559996513,0.4906663999912825,1.9626655999999998,8.717471189356729e-12,0.010000000006483463,0.9899999999953671
source,no_return_check,103,4,0.6,0.7,1.9626655999670932,0.4906663999917733,1.9626655999999998,8.226641590169947e-12,0.010000000007394292,0.9899999999974646
source,no_return_check,104,4,0.6,0.7,1.9626655999671763,0.49066639999179407,1.9626655999999998,8.205880419609457e-12,0.01000000000765208,0.9899999999978691
source,no_return_check,105,4,0.6,0.7,1.9626655999664315,0.4906663999916079,1.9626655999999998,8.392064820839096e-12,0.010000000006734087,0.9899999999962491
source,no_return_check,106,4,0.6,0.7,1.9626655999666212,0.4906663999916553,1.9626655999999998,8.344658297687602e-12,0.01000000000724695,0.9899999999970635
source,no_return_check,107,4,0.6,0.7,1.9626655999670195,0.4906663999917549,1.9626655999999998,8.245071292378725e-12,0.010000000007156975,0.9899999999970934
source,no_return_check,108,4,0.6,0.7,1.9626655999661293,0.49066639999153233,1.9626655999999998,8.467615497664838e-12,0.010000000006774883,0.9899999999961869
source,no_return_check,109,4,0.6,0.7,1.9626655999656335,0.4906663999914084,1.9626655999999998,8.591571898364236e-12,0.010000000006460716,0.9899999999955359
source,ours,100,4,0.6,0.7,1.9626655998018818,0.49066639995047046,1.9626655999999998,4.952949161918241e-11,0.010000000044984683,0.9899999999854074
source,ours,101,4,0.6,0.7,1.9626655997921367,0.4906663999480342,1.9626655999999998,5.196576502441985e-11,0.010000000047862482,0.9899999999856471
source,ours,102,4,0.6,0.7,1.9626655998698965,0.49066639996747413,1.9626655999999998,3.252581537438459e-11,0.01000000002672732,0.9899999999863661
source,ours,103,4,0.6,0.7,1.9626655998589064,0.4906663999647266,1.9626655999999998,3.52733398045757e-11,0.01000000003058675,0.9899999999875203
source,ours,104,4,0.6,0.7,1.962665599854999,0.4906663999637498,1.9626655999999998,3.625016953279214e-11,0.010000000034662086,0.9899999999918222
source,ours,105,4,0.6,0.7,1.9626655998151321,0.49066639995378303,1.9626655999999998,4.621691918060833e-11,0.010000000036693027,0.9899999999787776
source,ours,106,4,0.6,0.7,1.9626655998448168,0.4906663999612042,1.9626655999999998,3.879574439480393e-11,0.010000000028757571,0.9899999999792435
source,ours,107,4,0.6,0.7,1.962665599865078,0.4906663999662695,1.9626655999999998,3.373046286725412e-11,0.01000000002834707,0.989999999986768
source,ours,108,4,0.6,0.7,1.9626655998564573,0.4906663999641143,1.9626655999999998,3.588562780265647e-11,0.010000000033258039,0.9899999999903849
source,ours,109,4,0.6,0.7,1.9626655998242084,0.4906663999560521,1.9626655999999998,4.3947845362879434e-11,0.010000000040363643,0.9899999999876975
source,pg,100,4,0.6,0.7,1.9613307556400765,0.49033268891001913,1.9626655999999998,0.0003337110899808149,0.010189380721478439,0.989737901675055
source,pg,101,4,0.6,0.7,1.9613420462967919,0.49033551157419797,1.9626655999999998,0.0003308884258019784,0.010186967047833978,0.9897389505932563
source,pg,102,4,0.6,0.7,1.961352990307196,0.490338247576799,1.9626655999999998,0.00032815242320094473,0.010186368743049415,0.9897424740244795
source,pg,103,4,0.6,0.7,1.961364345145383,0.49034108628634576,1.9626655999999998,0.00032531371365418504,0.010186071956618447,0.9897465961085615
source,pg,104,4,0.6,0.7,1.9614077293883487,0.4903519323470872,1.9626655999999998,0.00031446765291276435,0.01017775059315579,0.989751998537728
source,pg,105,4,0.6,0.7,1.9613075314884085,0.49032688287210213,1.9626655999999998,0.00033951712789781485,0.010190098217407666,0.9897296296932431
source,pg,106,4,0.6,0.7,1.9614252506286034,0.49035631265715085,1.9626655999999998,0.0003100873428490969,0.0101740042288877,0.9897536250895091
source,pg,107,4,0.6,0.7,1.9612919019201265,0.4903229754800316,1.9626655999999998,0.00034342451996832724,0.010193766055735824,0.9897286478213768
source,pg,108,4,0.6,0.7,1.961341683546903,0.49033542088672577,1.9626655999999998,0.00033097911327417684,0.010188691076486952,0.989741287170835
source,pg,109,4,0.6,0.7,1.961515896344728,0.490378974086182,1.9626655999999998,0.00028742591381797356,0.010160913407468802,0.9897710959920422
source,sampled,100,4,0.6,0.7,1.9626655998040092,0.4906663999510023,1.9626655999999998,4.899763927923573e-11,0.010000000042998527,0.9899999999834002
source,sampled,101,4,0.6,0.7,1.9626655997874691,0.4906663999468673,1.9626655999999998,5.313266493445212e-11,0.01000000004884279,0.9899999999851888
source,sampled,102,4,0.6,0.7,1.9626655998771116,0.4906663999692779,1.9626655999999998,3.07220360262761e-11,0.010000000025376588,0.9899999999873114
source,sampled,103,4,0.6,0.7,1.9626655998577192,0.4906663999644298,1.9626655999999998,3.5570157930209234e-11,0.010000000029807237,0.9899999999859226
source,sampled,104,4,0.6,0.7,1.9626655998585252,0.4906663999646313,1.9626655999999998,3.536865245123977e-11,0.010000000033943642,0.9899999999922001
source,sampled,105,4,0.6,0.7,1.962665599799487,0.49066639994987177,1.9626655999999998,5.0128179385211524e-11,0.010000000028898207,0.9899999999612896
source,sampled,106,4,0.6,0.7,1.9626655998455087,0.4906663999613772,1.9626655999999998,3.8622771647567333e-11,0.010000000027582131,0.9899999999778285
source,sampled,107,4,0.6,0.7,1.9626655998727447,0.4906663999681862,1.9626655999999998,3.181377383754125e-11,0.010000000030207018,0.9899999999925163
source,sampled,108,4,0.6,0.7,1.9626655998565807,0.4906663999641452,1.9626655999999998,3.585476360257189e-11,0.010000000034972516,0.9899999999929026
source,sampled,109,4,0.6,0.7,1.9626655998176452,0.4906663999544113,1.9626655999999998,4.558864397097295e-11,0.010000000037154667,0.989999999980449
agents_2,fit_quarter,100,2,0.6,0.7,0.9813327995711211,0.49066639978556054,0.9813327999999999,2.144394106728953e-10,0.010000000167868596,0.9899999998981039
agents_2,fit_quarter,101,2,0.6,0.7,0.9813327995378185,0.49066639976890924,0.9813327999999999,2.3109070212967708e-10,0.010000000163647766,0.9899999998653496
agents_2,fit_quarter,102,2,0.6,0.7,0.9813327997147332,0.4906663998573666,0.9813327999999999,1.4263334957576035e-10,0.01000000009420061,0.9899999999070936
agents_2,fit_quarter,103,2,0.6,0.7,0.9813327996884595,0.4906663998442298,0.9813327999999999,1.5577017453693998e-10,0.010000000110739172,0.9899999999098559
agents_2,fit_quarter,104,2,0.6,0.7,0.9813327996815805,0.49066639984079025,0.9813327999999999,1.5920970097837994e-10,0.010000000127939215,0.9899999999291069
agents_2,fit_quarter,105,2,0.6,0.7,0.9813327995937291,0.49066639979686455,0.9813327999999999,2.031353973919181e-10,0.010000000122598926,0.9899999998510433
agents_2,fit_quarter,106,2,0.6,0.7,0.9813327996712167,0.49066639983560834,0.9813327999999999,1.6439161143466663e-10,0.01000000010558935,0.9899999998886291
agents_2,fit_quarter,107,2,0.6,0.7,0.9813327997101023,0.49066639985505117,0.9813327999999999,1.4494877520476734e-10,0.010000000110347568,0.9899999999266293
agents_2,fit_quarter,108,2,0.6,0.7,0.9813327996881047,0.49066639984405236,0.9813327999999999,1.5594758817627508e-10,0.010000000127594624,0.9899999999338371
agents_2,fit_quarter,109,2,0.6,0.7,0.9813327995961095,0.49066639979805476,0.9813327999999999,2.019451827983687e-10,0.010000000143708011,0.9899999998833393
agents_2,no_direction_check,100,2,0.6,0.7,0.9813327999436847,0.49066639997184236,0.9813327999999999,2.8157587372845683e-11,0.010000000024707403,0.9899999999904566
agents_2,no_direction_check,101,2,0.6,0.7,0.9813327999429294,0.4906663999714647,0.9813327999999999,2.853522973467193e-11,0.010000000022922312,0.9899999999872818
agents_2,no_direction_check,102,2,0.6,0.7,0.9813327999390518,0.4906663999695259,0.9813327999999999,3.047406771372607e-11,0.010000000025206183,0.9899999999874634
agents_2,no_direction_check,103,2,0.6,0.7,0.9813327999359709,0.49066639996798544,0.9813327999999999,3.2014502160393477e-11,0.010000000021742282,0.9899999999800086
agents_2,no_direction_check,104,2,0.6,0.7,0.9813327999540202,0.4906663999770101,0.9813327999999999,2.2989832260122967e-11,0.01000000002141258,0.9899999999939928
agents_2,no_direction_check,105,2,0.6,0.7,0.9813327999281514,0.4906663999640757,0.9813327999999999,3.592426356391343e-11,0.010000000030684601,0.9899999999866181
agents_2,no_direction_check,106,2,0.6,0.7,0.9813327999465997,0.49066639997329986,0.9813327999999999,2.6700086586117777e-11,0.010000000020548301,0.9899999999868044
agents_2,no_direction_check,107,2,0.6,0.7,0.9813327999429529,0.49066639997147643,0.9813327999999999,2.8523516881762134e-11,0.010000000024349984,0.989999999989356
agents_2,no_direction_check,108,2,0.6,0.7,0.9813327999466503,0.4906663999733252,0.9813327999999999,2.6674773501156324e-11,0.01000000002261212,0.989999999989816
agents_2,no_direction_check,109,2,0.6,0.7,0.9813327999189464,0.4906663999594732,0.9813327999999999,4.0526748623648245e-11,0.010000000032246287,0.9899999999814927
agents_2,no_return_check,100,2,0.6,0.7,0.9813327999835817,0.49066639999179085,0.9813327999999999,8.20910006638087e-12,0.010000000007249535,0.9899999999972844
agents_2,no_return_check,101,2,0.6,0.7,0.9813327999830974,0.4906663999915487,0.9813327999999999,8.451239708051617e-12,0.010000000006966232,0.9899999999964885
agents_2,no_return_check,102,2,0.6,0.7,0.981332799982565,0.4906663999912825,0.9813327999999999,8.717471189356729e-12,0.010000000006483463,0.9899999999953671
agents_2,no_return_check,103,2,0.6,0.7,0.9813327999835466,0.4906663999917733,0.9813327999999999,8.226641590169947e-12,0.010000000007394292,0.9899999999974646
agents_2,no_return_check,104,2,0.6,0.7,0.9813327999835881,0.49066639999179407,0.9813327999999999,8.205880419609457e-12,0.01000000000765208,0.9899999999978691
agents_2,no_return_check,105,2,0.6,0.7,0.9813327999832158,0.4906663999916079,0.9813327999999999,8.392064820839096e-12,0.010000000006734087,0.9899999999962491
agents_2,no_return_check,106,2,0.6,0.7,0.9813327999833106,0.4906663999916553,0.9813327999999999,8.344658297687602e-12,0.01000000000724695,0.9899999999970635
agents_2,no_return_check,107,2,0.6,0.7,0.9813327999835098,0.4906663999917549,0.9813327999999999,8.245071292378725e-12,0.010000000007156975,0.9899999999970934
agents_2,no_return_check,108,2,0.6,0.7,0.9813327999830647,0.49066639999153233,0.9813327999999999,8.467615497664838e-12,0.010000000006774883,0.9899999999961869
agents_2,no_return_check,109,2,0.6,0.7,0.9813327999828168,0.4906663999914084,0.9813327999999999,8.591571898364236e-12,0.010000000006460716,0.9899999999955359
agents_2,ours,100,2,0.6,0.7,0.9813327999009409,0.49066639995047046,0.9813327999999999,4.952949161918241e-11,0.010000000044984683,0.9899999999854074
agents_2,ours,101,2,0.6,0.7,0.9813327998960684,0.4906663999480342,0.9813327999999999,5.196576502441985e-11,0.010000000047862482,0.9899999999856471
agents_2,ours,102,2,0.6,0.7,0.9813327999349483,0.49066639996747413,0.9813327999999999,3.252581537438459e-11,0.01000000002672732,0.9899999999863661
agents_2,ours,103,2,0.6,0.7,0.9813327999294532,0.4906663999647266,0.9813327999999999,3.52733398045757e-11,0.01000000003058675,0.9899999999875203
agents_2,ours,104,2,0.6,0.7,0.9813327999274996,0.4906663999637498,0.9813327999999999,3.625016953279214e-11,0.010000000034662086,0.9899999999918222
agents_2,ours,105,2,0.6,0.7,0.9813327999075661,0.49066639995378303,0.9813327999999999,4.621691918060833e-11,0.010000000036693027,0.9899999999787776
agents_2,ours,106,2,0.6,0.7,0.9813327999224084,0.4906663999612042,0.9813327999999999,3.879574439480393e-11,0.010000000028757571,0.9899999999792435
agents_2,ours,107,2,0.6,0.7,0.981332799932539,0.4906663999662695,0.9813327999999999,3.373046286725412e-11,0.01000000002834707,0.989999999986768
agents_2,ours,108,2,0.6,0.7,0.9813327999282286,0.4906663999641143,0.9813327999999999,3.588562780265647e-11,0.010000000033258039,0.9899999999903849
agents_2,ours,109,2,0.6,0.7,0.9813327999121042,0.4906663999560521,0.9813327999999999,4.3947845362879434e-11,0.010000000040363643,0.9899999999876975
agents_2,pg,100,2,0.6,0.7,0.9806653778200383,0.49033268891001913,0.9813327999999999,0.0003337110899808149,0.010189380721478439,0.989737901675055
agents_2,pg,101,2,0.6,0.7,0.9806710231483959,0.49033551157419797,0.9813327999999999,0.0003308884258019784,0.010186967047833978,0.9897389505932563
agents_2,pg,102,2,0.6,0.7,0.980676495153598,0.490338247576799,0.9813327999999999,0.00032815242320094473,0.010186368743049415,0.9897424740244795
agents_2,pg,103,2,0.6,0.7,0.9806821725726915,0.49034108628634576,0.9813327999999999,0.00032531371365418504,0.010186071956618447,0.9897465961085615
agents_2,pg,104,2,0.6,0.7,0.9807038646941744,0.4903519323470872,0.9813327999999999,0.00031446765291276435,0.01017775059315579,0.989751998537728
agents_2,pg,105,2,0.6,0.7,0.9806537657442043,0.49032688287210213,0.9813327999999999,0.00033951712789781485,0.010190098217407666,0.9897296296932431
agents_2,pg,106,2,0.6,0.7,0.9807126253143017,0.49035631265715085,0.9813327999999999,0.0003100873428490969,0.0101740042288877,0.9897536250895091
agents_2,pg,107,2,0.6,0.7,0.9806459509600632,0.4903229754800316,0.9813327999999999,0.00034342451996832724,0.010193766055735824,0.9897286478213768
agents_2,pg,108,2,0.6,0.7,0.9806708417734515,0.49033542088672577,0.9813327999999999,0.00033097911327417684,0.010188691076486952,0.989741287170835
agents_2,pg,109,2,0.6,0.7,0.980757948172364,0.490378974086182,0.9813327999999999,0.00028742591381797356,0.010160913407468802,0.9897710959920422
agents_2,sampled,100,2,0.6,0.7,0.9813327999020046,0.4906663999510023,0.9813327999999999,4.899763927923573e-11,0.010000000042998527,0.9899999999834002
agents_2,sampled,101,2,0.6,0.7,0.9813327998937346,0.4906663999468673,0.9813327999999999,5.313266493445212e-11,0.01000000004884279,0.9899999999851888
agents_2,sampled,102,2,0.6,0.7,0.9813327999385558,0.4906663999692779,0.9813327999999999,3.07220360262761e-11,0.010000000025376588,0.9899999999873114
agents_2,sampled,103,2,0.6,0.7,0.9813327999288596,0.4906663999644298,0.9813327999999999,3.5570157930209234e-11,0.010000000029807237,0.9899999999859226
agents_2,sampled,104,2,0.6,0.7,0.9813327999292626,0.4906663999646313,0.9813327999999999,3.536865245123977e-11,0.010000000033943642,0.9899999999922001
agents_2,sampled,105,2,0.6,0.7,0.9813327998997435,0.49066639994987177,0.9813327999999999,5.0128179385211524e-11,0.010000000028898207,0.9899999999612896
agents_2,sampled,106,2,0.6,0.7,0.9813327999227544,0.4906663999613772,0.9813327999999999,3.8622771647567333e-11,0.010000000027582131,0.9899999999778285
agents_2,sampled,107,2,0.6,0.7,0.9813327999363723,0.4906663999681862,0.9813327999999999,3.181377383754125e-11,0.010000000030207018,0.9899999999925163
agents_2,sampled,108,2,0.6,0.7,0.9813327999282904,0.4906663999641452,0.9813327999999999,3.585476360257189e-11,0.010000000034972516,0.9899999999929026
agents_2,sampled,109,2,0.6,0.7,0.9813327999088226,0.4906663999544113,0.9813327999999999,4.558864397097295e-11,0.010000000037154667,0.989999999980449
agents_6,fit_quarter,100,6,0.6,0.7,2.9439983987133633,0.49066639978556054,2.9439984,2.1443942917661238e-10,0.010000000167868596,0.9899999998981039
agents_6,fit_quarter,101,6,0.6,0.7,2.9439983986134557,0.4906663997689093,2.9439984,2.3109070212967708e-10,0.010000000163647766,0.9899999998653496
agents_6,fit_quarter,102,6,0.6,0.7,2.9439983991441996,0.4906663998573666,2.9439984,1.426333865831945e-10,0.01000000009420061,0.9899999999070936
agents_6,fit_quarter,103,6,0.6,0.7,2.9439983990653786,0.4906663998442298,2.9439984,1.5577021154437412e-10,0.010000000110739172,0.9899999999098559
agents_6,fit_quarter,104,6,0.6,0.7,2.9439983990447414,0.49066639984079025,2.9439984,1.5920975648953117e-10,0.010000000127939215,0.9899999999291069
agents_6,fit_quarter,105,6,0.6,0.7,2.9439983987811873,0.49066639979686455,2.9439984,2.0313543439935225e-10,0.010000000122598926,0.9899999998510433
agents_6,fit_quarter,106,6,0.6,0.7,2.9439983990136502,0.4906663998356084,2.9439984,1.6439161143466663e-10,0.01000000010558935,0.9899999998886291
agents_6,fit_quarter,107,6,0.6,0.7,2.943998399130307,0.49066639985505117,2.9439984,1.4494879370848443e-10,0.010000000110347568,0.9899999999266293
agents_6,fit_quarter,108,6,0.6,0.7,2.943998399064314,0.49066639984405236,2.9439984,1.5594762518370922e-10,0.010000000127594624,0.9899999999338371
agents_6,fit_quarter,109,6,0.6,0.7,2.9439983987883287,0.49066639979805476,2.9439984,2.019452013020858e-10,0.010000000143708011,0.9899999998833393
agents_6,no_direction_check,100,6,0.6,0.7,2.943998399831054,0.49066639997184236,2.9439984,2.8157624380279838e-11,0.010000000024707403,0.9899999999904566
agents_6,no_direction_check,101,6,0.6,0.7,2.9439983998287884,0.4906663999714647,2.9439984,2.8535248238389006e-11,0.010000000022922312,0.9899999999872818
agents_6,no_direction_check,102,6,0.6,0.7,2.943998399817155,0.4906663999695258,2.9439984,3.047414172859438e-11,0.010000000025206183,0.9899999999874634
agents_6,no_direction_check,103,6,0.6,0.7,2.9439983998079127,0.49066639996798544,2.9439984,3.201453916782763e-11,0.010000000021742282,0.9899999999800086
agents_6,no_direction_check,104,6,0.6,0.7,2.9439983998620605,0.49066639997701006,2.9439984,2.2989906274991274e-11,0.01000000002141258,0.9899999999939928
agents_6,no_direction_check,105,6,0.6,0.7,2.943998399784454,0.4906663999640757,2.9439984,3.592430057134758e-11,0.010000000030684601,0.9899999999866181
agents_6,no_direction_check,106,6,0.6,0.7,2.943998399839799,0.49066639997329986,2.9439984,2.6700123593551932e-11,0.010000000020548301,0.9899999999868044
agents_6,no_direction_check,107,6,0.6,0.7,2.9439983998288586,0.49066639997147643,2.9439984,2.852355388919629e-11,0.010000000024349984,0.989999999989356
agents_6,no_direction_check,108,6,0.6,0.7,2.943998399839951,0.4906663999733252,2.9439984,2.667481050859048e-11,0.01000000002261212,0.989999999989816
agents_6,no_direction_check,109,6,0.6,0.7,2.9439983997568393,0.4906663999594732,2.9439984,4.0526767127365325e-11,0.010000000032246287,0.9899999999814927
agents_6,no_return_check,100,6,0.6,0.7,2.943998399950745,0.49066639999179085,2.9439984,8.209137073815024e-12,0.010000000007249535,0.9899999999972844
agents_6,no_return_check,101,6,0.6,0.7,2.943998399949292,0.49066639999154865,2.9439984,8.451313722919925e-12,0.010000000006966232,0.9899999999964885
agents_6,no_return_check,102,6,0.6,0.7,2.943998399947695,0.49066639999128253,2.9439984,8.717471189356729e-12,0.010000000006483463,0.9899999999953671
agents_6,no_return_check,103,6,0.6,0.7,2.94399839995064,0.4906663999917733,2.9439984,8.226678597604101e-12,0.010000000007394292,0.9899999999974646
agents_6,no_return_check,104,6,0.6,0.7,2.9439983999507646,0.4906663999917941,2.9439984,8.205880419609457e-12,0.01000000000765208,0.9899999999978691
agents_6,no_return_check,105,6,0.6,0.7,2.9439983999496473,0.4906663999916079,2.9439984,8.39210182827325e-12,0.010000000006734087,0.9899999999962491
agents_6,no_return_check,106,6,0.6,0.7,2.9439983999499315,0.49066639999165523,2.9439984,8.34473231255591e-12,0.01000000000724695,0.9899999999970635
agents_6,no_return_check,107,6,0.6,0.7,2.9439983999505293,0.4906663999917549,2.9439984,8.245108299812879e-12,0.010000000007156975,0.9899999999970934
agents_6,no_return_check,108,6,0.6,0.7,2.943998399949194,0.49066639999153233,2.9439984,8.467671008816069e-12,0.010000000006774883,0.9899999999961869
agents_6,no_return_check,109,6,0.6,0.7,2.94399839994845,0.4906663999914083,2.9439984,8.591645913232545e-12,0.010000000006460716,0.9899999999955359
agents_6,ours,100,6,0.6,0.7,2.9439983997028225,0.4906663999504704,2.9439984,4.952956563405072e-11,0.010000000044984683,0.9899999999854074
agents_6,ours,101,6,0.6,0.7,2.943998399688205,0.4906663999480341,2.9439984,5.196583903928816e-11,0.010000000047862482,0.9899999999856471
agents_6,ours,102,6,0.6,0.7,2.943998399804845,0.49066639996747413,2.9439984,3.252583387810167e-11,0.01000000002672732,0.9899999999863661
agents_6,ours,103,6,0.6,0.7,2.9439983997883594,0.49066639996472655,2.9439984,3.527341381944401e-11,0.01000000003058675,0.9899999999875203
agents_6,ours,104,6,0.6,0.7,2.9439983997824988,0.4906663999637498,2.9439984,3.625018803650922e-11,0.010000000034662086,0.9899999999918222
agents_6,ours,105,6,0.6,0.7,2.943998399722698,0.49066639995378303,2.9439984,4.621695618804248e-11,0.010000000036693027,0.9899999999787776
agents_6,ours,106,6,0.6,0.7,2.943998399767225,0.4906663999612042,2.9439984,3.8795781402238085e-11,0.010000000028757571,0.9899999999792435
agents_6,ours,107,6,0.6,0.7,2.943998399797617,0.4906663999662695,2.9439984,3.373049987468827e-11,0.01000000002834707,0.989999999986768
agents_6,ours,108,6,0.6,0.7,2.943998399784686,0.4906663999641143,2.9439984,3.5885664810090624e-11,0.010000000033258039,0.9899999999903849
agents_6,ours,109,6,0.6,0.7,2.9439983997363126,0.4906663999560521,2.9439984,4.3947882370313586e-11,0.010000000040363643,0.9899999999876975
agents_6,pg,100,6,0.6,0.7,2.9419961334601146,0.4903326889100191,2.9439984,0.0003337110899808889,0.010189380721478439,0.989737901675055
agents_6,pg,101,6,0.6,0.7,2.9420130694451876,0.4903355115741979,2.9439984,0.0003308884258020524,0.010186967047833978,0.9897389505932563
agents_6,pg,102,6,0.6,0.7,2.942029485460794,0.490338247576799,2.9439984,0.00032815242320098176,0.010186368743049415,0.9897424740244795
agents_6,pg,103,6,0.6,0.7,2.9420465177180746,0.49034108628634576,2.9439984,0.00032531371365422207,0.010186071956618447,0.9897465961085615
agents_6,pg,104,6,0.6,0.7,2.9421115940825233,0.49035193234708724,2.9439984,0.00031446765291276435,0.01017775059315579,0.989751998537728
agents_6,pg,105,6,0.6,0.7,2.941961297232613,0.49032688287210213,2.9439984,0.0003395171278978519,0.010190098217407666,0.9897296296932431
agents_6,pg,106,6,0.6,0.7,2.942137875942905,0.49035631265715085,2.9439984,0.0003100873428491339,0.0101740042288877,0.9897536250895091
agents_6,pg,107,6,0.6,0.7,2.94193785288019,0.4903229754800316,2.9439984,0.0003434245199683457,0.010193766055735824,0.9897286478213768
agents_6,pg,108,6,0.6,0.7,2.9420125253203544,0.4903354208867257,2.9439984,0.00033097911327425084,0.010188691076486952,0.989741287170835
agents_6,pg,109,6,0.6,0.7,2.942273844517092,0.490378974086182,2.9439984,0.00028742591381799204,0.010160913407468802,0.9897710959920422
agents_6,sampled,100,6,0.6,0.7,2.9439983997060137,0.4906663999510023,2.9439984,4.899769479038696e-11,0.010000000042998527,0.9899999999834002
agents_6,sampled,101,6,0.6,0.7,2.943998399681204,0.4906663999468673,2.9439984,5.31326834381692e-11,0.01000000004884279,0.9899999999851888
agents_6,sampled,102,6,0.6,0.7,2.9439983998156674,0.4906663999692779,2.9439984,3.072209153742733e-11,0.010000000025376588,0.9899999999873114
agents_6,sampled,103,6,0.6,0.7,2.9439983997865786,0.4906663999644298,2.9439984,3.5570213441360465e-11,0.010000000029807237,0.9899999999859226
agents_6,sampled,104,6,0.6,0.7,2.943998399787788,0.4906663999646313,2.9439984,3.536867095495685e-11,0.010000000033943642,0.9899999999922001
agents_6,sampled,105,6,0.6,0.7,2.9439983996992307,0.49066639994987177,2.9439984,5.0128197888928604e-11,0.010000000028898207,0.9899999999612896
agents_6,sampled,106,6,0.6,0.7,2.943998399768263,0.4906663999613772,2.9439984,3.8622808655001485e-11,0.010000000027582131,0.9899999999778285
agents_6,sampled,107,6,0.6,0.7,2.943998399809117,0.4906663999681862,2.9439984,3.18138108449754e-11,0.010000000030207018,0.9899999999925163
agents_6,sampled,108,6,0.6,0.7,2.943998399784871,0.4906663999641452,2.9439984,3.5854800610006045e-11,0.010000000034972516,0.9899999999929026
agents_6,sampled,109,6,0.6,0.7,2.9439983997264676,0.49066639995441125,2.9439984,4.5588717985841263e-11,0.010000000037154667,0.989999999980449
agents_8,fit_quarter,100,8,0.6,0.7,3.9253311982844843,0.49066639978556054,3.9253311999999996,2.144394106728953e-10,0.010000000167868596,0.9899999998981039
agents_8,fit_quarter,101,8,0.6,0.7,3.925331198151274,0.49066639976890924,3.9253311999999996,2.3109070212967708e-10,0.010000000163647766,0.9899999998653496
agents_8,fit_quarter,102,8,0.6,0.7,3.925331198858933,0.4906663998573666,3.9253311999999996,1.4263334957576035e-10,0.01000000009420061,0.9899999999070936
agents_8,fit_quarter,103,8,0.6,0.7,3.925331198753838,0.4906663998442298,3.9253311999999996,1.5577017453693998e-10,0.010000000110739172,0.9899999999098559
agents_8,fit_quarter,104,8,0.6,0.7,3.925331198726322,0.49066639984079025,3.9253311999999996,1.5920970097837994e-10,0.010000000127939215,0.9899999999291069
agents_8,fit_quarter,105,8,0.6,0.7,3.9253311983749164,0.49066639979686455,3.9253311999999996,2.031353973919181e-10,0.010000000122598926,0.9899999998510433
agents_8,fit_quarter,106,8,0.6,0.7,3.9253311986848667,0.49066639983560834,3.9253311999999996,1.6439161143466663e-10,0.01000000010558935,0.9899999998886291
agents_8,fit_quarter,107,8,0.6,0.7,3.9253311988404094,0.49066639985505117,3.9253311999999996,1.4494877520476734e-10,0.010000000110347568,0.9899999999266293
agents_8,fit_quarter,108,8,0.6,0.7,3.925331198752419,0.49066639984405236,3.9253311999999996,1.5594758817627508e-10,0.010000000127594624,0.9899999999338371
agents_8,fit_quarter,109,8,0.6,0.7,3.925331198384438,0.49066639979805476,3.9253311999999996,2.019451827983687e-10,0.010000000143708011,0.9899999998833393
agents_8,no_direction_check,100,8,0.6,0.7,3.925331199774739,0.49066639997184236,3.9253311999999996,2.8157587372845683e-11,0.010000000024707403,0.9899999999904566
agents_8,no_direction_check,101,8,0.6,0.7,3.9253311997717177,0.4906663999714647,3.9253311999999996,2.853522973467193e-11,0.010000000022922312,0.9899999999872818
agents_8,no_direction_check,102,8,0.6,0.7,3.925331199756207,0.4906663999695259,3.9253311999999996,3.047406771372607e-11,0.010000000025206183,0.9899999999874634
agents_8,no_direction_check,103,8,0.6,0.7,3.9253311997438836,0.49066639996798544,3.9253311999999996,3.2014502160393477e-11,0.010000000021742282,0.9899999999800086
agents_8,no_direction_check,104,8,0.6,0.7,3.925331199816081,0.4906663999770101,3.9253311999999996,2.2989832260122967e-11,0.01000000002141258,0.9899999999939928
agents_8,no_direction_check,105,8,0.6,0.7,3.9253311997126055,0.4906663999640757,3.9253311999999996,3.592426356391343e-11,0.010000000030684601,0.9899999999866181
agents_8,no_direction_check,106,8,0.6,0.7,3.925331199786399,0.49066639997329986,3.9253311999999996,2.6700086586117777e-11,0.010000000020548301,0.9899999999868044
agents_8,no_direction_check,107,8,0.6,0.7,3.9253311997718114,0.49066639997147643,3.9253311999999996,2.8523516881762134e-11,0.010000000024349984,0.989999999989356
agents_8,no_direction_check,108,8,0.6,0.7,3.9253311997866014,0.4906663999733252,3.9253311999999996,2.6674773501156324e-11,0.01000000002261212,0.989999999989816
agents_8,no_direction_check,109,8,0.6,0.7,3.9253311996757856,0.4906663999594732,3.9253311999999996,4.0526748623648245e-11,0.010000000032246287,0.9899999999814927
agents_8,no_return_check,100,8,0.6,0.7,3.9253311999343268,0.49066639999179085,3.9253311999999996,8.20910006638087e-12,0.010000000007249535,0.9899999999972844
agents_8,no_return_check,101,8,0.6,0.7,3.9253311999323897,0.4906663999915487,3.9253311999999996,8.451239708051617e-12,0.010000000006966232,0.9899999999964885
agents_8,no_return_check,102,8,0.6,0.7,3.92533119993026,0.4906663999912825,3.9253311999999996,8.717471189356729e-12,0.010000000006483463,0.9899999999953671
agents_8,no_return_check,103,8,0.6,0.7,3.9253311999341864,0.4906663999917733,3.9253311999999996,8.226641590169947e-12,0.010000000007394292,0.9899999999974646
agents_8,no_return_check,104,8,0.6,0.7,3.9253311999343525,0.49066639999179407,3.9253311999999996,8.205880419609457e-12,0.01000000000765208,0.9899999999978691
agents_8,no_return_check,105,8,0.6,0.7,3.925331199932863,0.4906663999916079,3.9253311999999996,8.392064820839096e-12,0.010000000006734087,0.9899999999962491
agents_8,no_return_check,106,8,0.6,0.7,3.9253311999332423,0.4906663999916553,3.9253311999999996,8.344658297687602e-12,0.01000000000724695,0.9899999999970635
agents_8,no_return_check,107,8,0.6,0.7,3.925331199934039,0.4906663999917549,3.9253311999999996,8.245071292378725e-12,0.010000000007156975,0.9899999999970934
agents_8,no_return_check,108,8,0.6,0.7,3.9253311999322587,0.49066639999153233,3.9253311999999996,8.467615497664838e-12,0.010000000006774883,0.9899999999961869
agents_8,no_return_check,109,8,0.6,0.7,3.925331199931267,0.4906663999914084,3.9253311999999996,8.591571898364236e-12,0.010000000006460716,0.9899999999955359
agents_8,ours,100,8,0.6,0.7,3.9253311996037636,0.49066639995047046,3.9253311999999996,4.952949161918241e-11,0.010000000044984683,0.9899999999854074
agents_8,ours,101,8,0.6,0.7,3.9253311995842735,0.4906663999480342,3.9253311999999996,5.196576502441985e-11,0.010000000047862482,0.9899999999856471
agents_8,ours,102,8,0.6,0.7,3.925331199739793,0.49066639996747413,3.9253311999999996,3.252581537438459e-11,0.01000000002672732,0.9899999999863661
agents_8,ours,103,8,0.6,0.7,3.925331199717813,0.4906663999647266,3.9253311999999996,3.52733398045757e-11,0.01000000003058675,0.9899999999875203
agents_8,ours,104,8,0.6,0.7,3.925331199709998,0.4906663999637498,3.9253311999999996,3.625016953279214e-11,0.010000000034662086,0.9899999999918222
agents_8,ours,105,8,0.6,0.7,3.9253311996302642,0.49066639995378303,3.9253311999999996,4.621691918060833e-11,0.010000000036693027,0.9899999999787776
agents_8,ours,106,8,0.6,0.7,3.9253311996896336,0.4906663999612042,3.9253311999999996,3.879574439480393e-11,0.010000000028757571,0.9899999999792435
agents_8,ours,107,8,0.6,0.7,3.925331199730156,0.4906663999662695,3.9253311999999996,3.373046286725412e-11,0.01000000002834707,0.989999999986768
agents_8,ours,108,8,0.6,0.7,3.9253311997129146,0.4906663999641143,3.9253311999999996,3.588562780265647e-11,0.010000000033258039,0.9899999999903849
agents_8,ours,109,8,0.6,0.7,3.925331199648417,0.4906663999560521,3.9253311999999996,4.3947845362879434e-11,0.010000000040363643,0.9899999999876975
agents_8,pg,100,8,0.6,0.7,3.922661511280153,0.49033268891001913,3.9253311999999996,0.0003337110899808149,0.010189380721478439,0.989737901675055
agents_8,pg,101,8,0.6,0.7,3.9226840925935837,0.49033551157419797,3.9253311999999996,0.0003308884258019784,0.010186967047833978,0.9897389505932563
agents_8,pg,102,8,0.6,0.7,3.922705980614392,0.490338247576799,3.9253311999999996,0.00032815242320094473,0.010186368743049415,0.9897424740244795
agents_8,pg,103,8,0.6,0.7,3.922728690290766,0.49034108628634576,3.9253311999999996,0.00032531371365418504,0.010186071956618447,0.9897465961085615
agents_8,pg,104,8,0.6,0.7,3.9228154587766975,0.4903519323470872,3.9253311999999996,0.00031446765291276435,0.01017775059315579,0.989751998537728
agents_8,pg,105,8,0.6,0.7,3.922615062976817,0.49032688287210213,3.9253311999999996,0.00033951712789781485,0.010190098217407666,0.9897296296932431
agents_8,pg,106,8,0.6,0.7,3.922850501257207,0.49035631265715085,3.9253311999999996,0.0003100873428490969,0.0101740042288877,0.9897536250895091
agents_8,pg,107,8,0.6,0.7,3.922583803840253,0.4903229754800316,3.9253311999999996,0.00034342451996832724,0.010193766055735824,0.9897286478213768
agents_8,pg,108,8,0.6,0.7,3.922683367093806,0.49033542088672577,3.9253311999999996,0.00033097911327417684,0.010188691076486952,0.989741287170835
agents_8,pg,109,8,0.6,0.7,3.923031792689456,0.490378974086182,3.9253311999999996,0.00028742591381797356,0.010160913407468802,0.9897710959920422
agents_8,sampled,100,8,0.6,0.7,3.9253311996080185,0.4906663999510023,3.9253311999999996,4.899763927923573e-11,0.010000000042998527,0.9899999999834002
agents_8,sampled,101,8,0.6,0.7,3.9253311995749383,0.4906663999468673,3.9253311999999996,5.313266493445212e-11,0.01000000004884279,0.9899999999851888
agents_8,sampled,102,8,0.6,0.7,3.9253311997542233,0.4906663999692779,3.9253311999999996,3.07220360262761e-11,0.010000000025376588,0.9899999999873114
agents_8,sampled,103,8,0.6,0.7,3.9253311997154383,0.4906663999644298,3.9253311999999996,3.5570157930209234e-11,0.010000000029807237,0.9899999999859226
agents_8,sampled,104,8,0.6,0.7,3.9253311997170504,0.4906663999646313,3.9253311999999996,3.536865245123977e-11,0.010000000033943642,0.9899999999922001
agents_8,sampled,105,8,0.6,0.7,3.925331199598974,0.49066639994987177,3.9253311999999996,5.0128179385211524e-11,0.010000000028898207,0.9899999999612896
agents_8,sampled,106,8,0.6,0.7,3.9253311996910174,0.4906663999613772,3.9253311999999996,3.8622771647567333e-11,0.010000000027582131,0.9899999999778285
agents_8,sampled,107,8,0.6,0.7,3.9253311997454894,0.4906663999681862,3.9253311999999996,3.181377383754125e-11,0.010000000030207018,0.9899999999925163
agents_8,sampled,108,8,0.6,0.7,3.9253311997131615,0.4906663999641452,3.9253311999999996,3.585476360257189e-11,0.010000000034972516,0.9899999999929026
agents_8,sampled,109,8,0.6,0.7,3.9253311996352904,0.4906663999544113,3.9253311999999996,4.558864397097295e-11,0.010000000037154667,0.989999999980449
composition_0.3,fit_quarter,100,4,0.3,0.7,2.120602399235864,0.530150599808966,2.1206024,1.9103407744580636e-10,0.010000000167868596,0.9899999998981039
composition_0.3,fit_quarter,101,4,0.3,0.7,2.1206023990804246,0.5301505997701061,2.1206024,2.2989388170913116e-10,0.010000000163647766,0.9899999998653496
composition_0.3,fit_quarter,102,4,0.3,0.7,2.1206023993945182,0.5301505998486296,2.1206024,1.5137047171265294e-10,0.01000000009420061,0.9899999999070936
composition_0.3,fit_quarter,103,4,0.3,0.7,2.120602399382541,0.5301505998456353,2.1206024,1.54364743210067e-10,0.010000000110739172,0.9899999999098559
composition_0.3,fit_quarter,104,4,0.3,0.7,2.1206023994510814,0.5301505998627704,2.1206024,1.3722967207030479e-10,0.010000000127939215,0.9899999999291069
composition_0.3,fit_quarter,105,4,0.3,0.7,2.120602399073307,0.5301505997683268,2.1206024,2.316732361506979e-10,0.010000000122598926,0.9899999998510433
composition_0.3,fit_quarter,106,4,0.3,0.7,2.1206023992855503,0.5301505998213876,2.1206024,1.7861245815709026e-10,0.01000000010558935,0.9899999998886291
composition_0.3,fit_quarter,107,4,0.3,0.7,2.120602399466099,0.5301505998665248,2.1206024,1.334752308679299e-10,0.010000000110347568,0.9899999999266293
composition_0.3,fit_quarter,108,4,0.3,0.7,2.1206023994750085,0.5301505998687521,2.1206024,1.312479014359269e-10,0.010000000127594624,0.9899999999338371
composition_0.3,fit_quarter,109,4,0.3,0.7,2.1206023992003002,0.5301505998000751,2.1206024,1.9992496547160954e-10,0.010000000143708011,0.9899999998833393
composition_0.3,no_direction_check,100,4,0.3,0.7,2.120602399914504,0.530150599978626,2.1206024,2.1374013670083514e-11,0.010000000024707403,0.9899999999904566
composition_0.3,no_direction_check,101,4,0.3,0.7,2.1206023999015704,0.5301505999753926,2.1206024,2.460742720700182e-11,0.010000000022922312,0.9899999999872818
composition_0.3,no_direction_check,102,4,0.3,0.7,2.120602399898928,0.530150599974732,2.1206024,2.5268009906653788e-11,0.010000000025206183,0.9899999999874634
composition_0.3,no_direction_check,103,4,0.3,0.7,2.1206023998674315,0.5301505999668579,2.1206024,3.314215568650525e-11,0.010000000021742282,0.9899999999800086
composition_0.3,no_direction_check,104,4,0.3,0.7,2.1206023999370993,0.5301505999842748,2.1206024,1.5725198920790717e-11,0.01000000002141258,0.9899999999939928
composition_0.3,no_direction_check,105,4,0.3,0.7,2.1206023998862555,0.5301505999715639,2.1206024,2.8436142329724134e-11,0.010000000030684601,0.9899999999866181
composition_0.3,no_direction_check,106,4,0.3,0.7,2.1206023999028893,0.5301505999757223,2.1206024,2.4277690968688148e-11,0.010000000020548301,0.9899999999868044
composition_0.3,no_direction_check,107,4,0.3,0.7,2.1206023999096146,0.5301505999774037,2.1206024,2.259636922019581e-11,0.010000000024349984,0.989999999989356
composition_0.3,no_direction_check,108,4,0.3,0.7,2.120602399914584,0.530150599978646,2.1206024,2.135402965564026e-11,0.01000000002261212,0.989999999989816
composition_0.3,no_direction_check,109,4,0.3,0.7,2.120602399858487,0.5301505999646218,2.1206024,3.5378255880402776e-11,0.010000000032246287,0.9899999999814927
composition_0.3,no_return_check,100,4,0.3,0.7,2.120602399975332,0.530150599993833,2.1206024,6.1670668571878196e-12,0.010000000007249535,0.9899999999972844
composition_0.3,no_return_check,101,4,0.3,0.7,2.120602399971835,0.5301505999929588,2.1206024,7.041256466777668e-12,0.010000000006966232,0.9899999999964885
composition_0.3,no_return_check,102,4,0.3,0.7,2.120602399967038,0.5301505999917595,2.1206024,8.240519377977762e-12,0.010000000006483463,0.9899999999953671
composition_0.3,no_return_check,103,4,0.3,0.7,2.120602399975999,0.5301505999939997,2.1206024,6.000311358889121e-12,0.010000000007394292,0.9899999999974646
composition_0.3,no_return_check,104,4,0.3,0.7,2.1206023999776,0.5301505999944,2.1206024,5.600075958511752e-12,0.01000000000765208,0.9899999999978691
composition_0.3,no_return_check,105,4,0.3,0.7,2.1206023999710113,0.5301505999927528,2.1206024,7.247202837845634e-12,0.010000000006734087,0.9899999999962491
composition_0.3,no_return_check,106,4,0.3,0.7,2.120602399974244,0.530150599993561,2.1206024,6.439071498220983e-12,0.01000000000724695,0.9899999999970635
composition_0.3,no_return_check,107,4,0.3,0.7,2.1206023999745316,0.5301505999936329,2.1206024,6.367129046225273e-12,0.010000000007156975,0.9899999999970934
composition_0.3,no_return_check,108,4,0.3,0.7,2.1206023999706405,0.5301505999926601,2.1206024,7.339906460401835e-12,0.010000000006774883,0.9899999999961869
composition_0.3,no_return_check,109,4,0.3,0.7,2.1206023999679076,0.5301505999919769,2.1206024,8.023137709756156e-12,0.010000000006460716,0.9899999999955359
composition_0.3,ours,100,4,0.3,0.7,2.120602399858101,0.5301505999645253,2.1206024,3.54747342612427e-11,0.010000000044984683,0.9899999999854074
composition_0.3,ours,101,4,0.3,0.7,2.1206023998548247,0.5301505999637062,2.1206024,3.629385680881114e-11,0.010000000047862482,0.9899999999856471
composition_0.3,ours,102,4,0.3,0.7,2.1206023998911436,0.5301505999727859,2.1206024,2.7214119846519225e-11,0.01000000002672732,0.9899999999863661
composition_0.3,ours,103,4,0.3,0.7,2.1206023998908687,0.5301505999727172,2.1206024,2.7282842651743522e-11,0.01000000003058675,0.9899999999875203
composition_0.3,ours,104,4,0.3,0.7,2.1206023999058257,0.5301505999764564,2.1206024,2.3543611504805995e-11,0.010000000034662086,0.9899999999918222
composition_0.3,ours,105,4,0.3,0.7,2.120602399838168,0.530150599959542,2.1206024,4.045808132957518e-11,0.010000000036693027,0.9899999999787776
composition_0.3,ours,106,4,0.3,0.7,2.1206023998527725,0.5301505999631931,2.1206024,3.680689086849043e-11,0.010000000028757571,0.9899999999792435
composition_0.3,ours,107,4,0.3,0.7,2.12060239989062,0.530150599972655,2.1206024,2.734501514112253e-11,0.01000000002834707,0.989999999986768
composition_0.3,ours,108,4,0.3,0.7,2.1206023999008945,0.5301505999752236,2.1206024,2.477640315134977e-11,0.010000000033258039,0.9899999999903849
composition_0.3,ours,109,4,0.3,0.7,2.1206023998765895,0.5301505999691474,2.1206024,3.085265376512325e-11,0.010000000040363643,0.9899999999876975
composition_0.3,pg,100,4,0.3,0.7,2.1190129239574427,0.5297532309893607,2.1206024,0.00039736901063935903,0.010189380721478439,0.989737901675055
composition_0.3,pg,101,4,0.3,0.7,2.119021849877741,0.5297554624694353,2.1206024,0.00039513753056474865,0.010186967047833978,0.9897389505932563
composition_0.3,pg,102,4,0.3,0.7,2.1190401958994967,0.5297600489748742,2.1206024,0.0003905510251258626,0.010186368743049415,0.9897424740244795
composition_0.3,pg,103,4,0.3,0.7,2.119061034328971,0.5297652585822428,2.1206024,0.0003853414177572567,0.010186071956618447,0.9897465961085615
composition_0.3,pg,104,4,0.3,0.7,2.1191006381629465,0.5297751595407366,2.1206024,0.00037544045926340974,0.01017775059315579,0.989751998537728
composition_0.3,pg,105,4,0.3,0.7,2.1189709180897474,0.5297427295224368,2.1206024,0.00040787047756318806,0.010190098217407666,0.9897296296932431
composition_0.3,pg,106,4,0.3,0.7,2.1191144852149293,0.5297786213037323,2.1206024,0.0003719786962677052,0.0101740042288877,0.9897536250895091
composition_0.3,pg,107,4,0.3,0.7,2.118960380202726,0.5297400950506815,2.1206024,0.0004105049493184909,0.010193766055735824,0.9897286478213768
composition_0.3,pg,108,4,0.3,0.7,2.119030729579479,0.5297576823948698,2.1206024,0.00039291760513027185,0.010188691076486952,0.989741287170835
composition_0.3,pg,109,4,0.3,0.7,2.1192211458915686,0.5298052864728922,2.1206024,0.0003453135271078711,0.010160913407468802,0.9897710959920422
composition_0.3,sampled,100,4,0.3,0.7,2.1206023998512533,0.5301505999628133,2.1206024,3.7186698165214693e-11,0.010000000042998527,0.9899999999834002
composition_0.3,sampled,101,4,0.3,0.7,2.1206023998510393,0.5301505999627598,2.1206024,3.7240210915001626e-11,0.01000000004884279,0.9899999999851888
composition_0.3,sampled,102,4,0.3,0.7,2.120602399897912,0.530150599974478,2.1206024,2.5522028934688024e-11,0.010000000025376588,0.9899999999873114
composition_0.3,sampled,103,4,0.3,0.7,2.120602399884176,0.530150599971044,2.1206024,2.8956059772156095e-11,0.010000000029807237,0.9899999999859226
composition_0.3,sampled,104,4,0.3,0.7,2.120602399908808,0.530150599977202,2.1206024,2.279798572146774e-11,0.010000000033943642,0.9899999999922001
composition_0.3,sampled,105,4,0.3,0.7,2.120602399763766,0.5301505999409415,2.1206024,5.905853583954013e-11,0.010000000028898207,0.9899999999612896
composition_0.3,sampled,106,4,0.3,0.7,2.1206023998475967,0.5301505999618992,2.1206024,3.810085580369105e-11,0.010000000027582131,0.9899999999778285
composition_0.3,sampled,107,4,0.3,0.7,2.120602399916164,0.530150599979041,2.1206024,2.095901230347863e-11,0.010000000030207018,0.9899999999925163
composition_0.3,sampled,108,4,0.3,0.7,2.1206023999106876,0.5301505999776719,2.1206024,2.2328139337446373e-11,0.010000000034972516,0.9899999999929026
composition_0.3,sampled,109,4,0.3,0.7,2.1206023998457173,0.5301505999614293,2.1206024,3.8570702187712413e-11,0.010000000037154667,0.989999999980449
composition_0.9,fit_quarter,100,4,0.9,0.7,2.046749598915378,0.5116873997288445,2.0467496,2.7115554246393003e-10,0.010000000167868596,0.9899999998981039
composition_0.9,fit_quarter,101,4,0.9,0.7,2.0467495989235136,0.5116873997308784,2.0467496,2.6912161388281675e-10,0.010000000163647766,0.9899999998653496
composition_0.9,fit_quarter,102,4,0.9,0.7,2.0467495993719984,0.5116873998429996,2.0467496,1.570004126705271e-10,0.01000000009420061,0.9899999999070936
composition_0.9,fit_quarter,103,4,0.9,0.7,2.046749599272077,0.5116873998180193,2.0467496,1.8198076379150052e-10,0.010000000110739172,0.9899999999098559
composition_0.9,fit_quarter,104,4,0.9,0.7,2.0467495991770335,0.5116873997942584,2.0467496,2.0574164594222566e-10,0.010000000127939215,0.9899999999291069
composition_0.9,fit_quarter,105,4,0.9,0.7,2.046749599167483,0.5116873997918707,2.0467496,2.0812929157898452e-10,0.010000000122598926,0.9899999998510433
composition_0.9,fit_quarter,106,4,0.9,0.7,2.0467495992921556,0.5116873998230389,2.0467496,1.769611124302628e-10,0.01000000010558935,0.9899999998886291
composition_0.9,fit_quarter,107,4,0.9,0.7,2.0467495992835674,0.5116873998208918,2.0467496,1.791081727375854e-10,0.010000000110347568,0.9899999999266293
composition_0.9,fit_quarter,108,4,0.9,0.7,2.0467495991817097,0.5116873997954274,2.0467496,2.0457258109729537e-10,0.010000000127594624,0.9899999999338371
composition_0.9,fit_quarter,109,4,0.9,0.7,2.046749599055536,0.511687399763884,2.0467496,2.361160156283404e-10,0.010000000143708011,0.9899999998833393
composition_0.9,no_direction_check,100,4,0.9,0.7,2.046749599843318,0.5116873999608295,2.0467496,3.9170555687917386e-11,0.010000000024707403,0.9899999999904566
composition_0.9,no_direction_check,101,4,0.9,0.7,2.0467495998525433,0.5116873999631358,2.0467496,3.6864178376561085e-11,0.010000000022922312,0.9899999999872818
composition_0.9,no_direction_check,102,4,0.9,0.7,2.0467495998386367,0.5116873999596592,2.0467496,4.034084177817476e-11,0.010000000025206183,0.9899999999874634
composition_0.9,no_direction_check,103,4,0.9,0.7,2.046749599855839,0.5116873999639597,2.0467496,3.6040281869986757e-11,0.010000000021742282,0.9899999999800086
composition_0.9,no_direction_check,104,4,0.9,0.7,2.0467495998654384,0.5116873999663596,2.0467496,3.364042377995702e-11,0.01000000002141258,0.9899999999939928
composition_0.9,no_direction_check,105,4,0.9,0.7,2.046749599804584,0.511687399951146,2.0467496,4.8854031931000463e-11,0.010000000030684601,0.9899999999866181
composition_0.9,no_direction_check,106,4,0.9,0.7,2.0467495998668426,0.5116873999667106,2.0467496,3.3289371259570544e-11,0.010000000020548301,0.9899999999868044
composition_0.9,no_direction_check,107,4,0.9,0.7,2.0467495998449126,0.5116873999612281,2.0467496,3.877187459977449e-11,0.010000000024349984,0.989999999989356
composition_0.9,no_direction_check,108,4,0.9,0.7,2.0467495998558185,0.5116873999639546,2.0467496,3.604538889590003e-11,0.01000000002261212,0.989999999989816
composition_0.9,no_direction_check,109,4,0.9,0.7,2.04674959979223,0.5116873999480575,2.0467496,5.1942561363205186e-11,0.010000000032246287,0.9899999999814927
composition_0.9,no_return_check,100,4,0.9,0.7,2.046749599954073,0.5116873999885182,2.0467496,1.1481815498370906e-11,0.010000000007249535,0.9899999999972844
composition_0.9,no_return_check,101,4,0.9,0.7,2.046749599955379,0.5116873999888447,2.0467496,1.1155298906828648e-11,0.010000000006966232,0.9899999999964885
composition_0.9,no_return_check,102,4,0.9,0.7,2.0467495999577316,0.5116873999894329,2.0467496,1.056710274838224e-11,0.010000000006483463,0.9899999999953671
composition_0.9,no_return_check,103,4,0.9,0.7,2.0467495999532823,0.5116873999883206,2.0467496,1.1679435196754184e-11,0.010000000007394292,0.9899999999974646
composition_0.9,no_return_check,104,4,0.9,0.7,2.0467495999519207,0.5116873999879802,2.0467496,1.2019829576104257e-11,0.01000000000765208,0.9899999999978691
composition_0.9,no_return_check,105,4,0.9,0.7,2.0467495999566725,0.5116873999891681,2.0467496,1.083189093975534e-11,0.010000000006734087,0.9899999999962491
composition_0.9,no_return_check,106,4,0.9,0.7,2.0467495999539684,0.5116873999884921,2.0467496,1.1507905739449598e-11,0.01000000000724695,0.9899999999970635
composition_0.9,no_return_check,107,4,0.9,0.7,2.046749599954537,0.5116873999886342,2.0467496,1.1365797192297578e-11,0.010000000007156975,0.9899999999970934
composition_0.9,no_return_check,108,4,0.9,0.7,2.0467495999563887,0.5116873999890972,2.0467496,1.0902834191028887e-11,0.010000000006774883,0.9899999999961869
composition_0.9,no_return_check,109,4,0.9,0.7,2.0467495999579626,0.5116873999894906,2.0467496,1.0509371151101732e-11,0.010000000006460716,0.9899999999955359
composition_0.9,ours,100,4,0.9,0.7,2.0467495997162364,0.5116873999290591,2.0467496,7.094091980519579e-11,0.010000000044984683,0.9899999999854074
composition_0.9,ours,101,4,0.9,0.7,2.0467495996987184,0.5116873999246796,2.0467496,7.532041657043465e-11,0.010000000047862482,0.9899999999856471
composition_0.9,ours,102,4,0.9,0.7,2.046749599828715,0.5116873999571787,2.0467496,4.282130205979229e-11,0.01000000002672732,0.9899999999863661
composition_0.9,ours,103,4,0.9,0.7,2.046749599805673,0.5116873999514182,2.0467496,4.8581805245362375e-11,0.01000000003058675,0.9899999999875203
composition_0.9,ours,104,4,0.9,0.7,2.046749599783013,0.5116873999457533,2.0467496,5.4246718228512236e-11,0.010000000034662086,0.9899999999918222
composition_0.9,ours,105,4,0.9,0.7,2.0467495997634906,0.5116873999408726,2.0467496,5.912736966706689e-11,0.010000000036693027,0.9899999999787776
composition_0.9,ours,106,4,0.9,0.7,2.0467495998124052,0.5116873999531013,2.0467496,4.689870714003064e-11,0.010000000028757571,0.9899999999792435
composition_0.9,ours,107,4,0.9,0.7,2.046749599818999,0.5116873999547498,2.0467496,4.5250247993067205e-11,0.01000000002834707,0.989999999986768
composition_0.9,ours,108,4,0.9,0.7,2.046749599790844,0.511687399947711,2.0467496,5.22890619691907e-11,0.010000000033258039,0.9899999999903849
composition_0.9,ours,109,4,0.9,0.7,2.046749599745815,0.5116873999364537,2.0467496,6.354627934967993e-11,0.010000000040363643,0.9899999999876975
composition_0.9,pg,100,4,0.9,0.7,2.0454464481557144,0.5113616120389286,2.0467496,0.00032578796107141095,0.010189380721478439,0.989737901675055
composition_0.9,pg,101,4,0.9,0.7,2.0454618131587967,0.5113654532896992,2.0467496,0.00032194671030083555,0.010186967047833978,0.9897389505932563
composition_0.9,pg,102,4,0.9,0.7,2.0454673897181075,0.5113668474295269,2.0467496,0.00032055257047314267,0.010186368743049415,0.9897424740244795
composition_0.9,pg,103,4,0.9,0.7,2.045471442149349,0.5113678605373373,2.0467496,0.00031953946266272126,0.010186071956618447,0.9897465961085615
composition_0.9,pg,104,4,0.9,0.7,2.0455253825682664,0.5113813456420666,2.0467496,0.0003060543579334052,0.01017775059315579,0.989751998537728
composition_0.9,pg,105,4,0.9,0.7,2.0454375685768595,0.5113593921442149,2.0467496,0.0003280078557851285,0.010190098217407666,0.9897296296932431
composition_0.9,pg,106,4,0.9,0.7,2.0455492308704097,0.5113873077176024,2.0467496,0.00030009228239757935,0.0101740042288877,0.9897536250895091
composition_0.9,pg,107,4,0.9,0.7,2.0454145515064477,0.5113536378766119,2.0467496,0.00033376212338809275,0.010193766055735824,0.9897286478213768
composition_0.9,pg,108,4,0.9,0.7,2.045452509926854,0.5113631274817135,2.0467496,0.0003242725182864836,0.010188691076486952,0.989741287170835
composition_0.9,pg,109,4,0.9,0.7,2.0456389499681564,0.5114097374920391,2.0467496,0.0002776625079609074,0.010160913407468802,0.9897710959920422
composition_0.9,sampled,100,4,0.9,0.7,2.0467495997273284,0.5116873999318321,2.0467496,6.816791575658954e-11,0.010000000042998527,0.9899999999834002
composition_0.9,sampled,101,4,0.9,0.7,2.0467495996924585,0.5116873999231146,2.0467496,7.688538694594627e-11,0.01000000004884279,0.9899999999851888
composition_0.9,sampled,102,4,0.9,0.7,2.046749599837509,0.5116873999593773,2.0467496,4.062272740412709e-11,0.010000000025376588,0.9899999999873114
composition_0.9,sampled,103,4,0.9,0.7,2.046749599809587,0.5116873999523968,2.0467496,4.760325467145776e-11,0.010000000029807237,0.9899999999859226
composition_0.9,sampled,104,4,0.9,0.7,2.0467495997876233,0.5116873999469058,2.0467496,5.309419570664886e-11,0.010000000033943642,0.9899999999922001
composition_0.9,sampled,105,4,0.9,0.7,2.046749599801814,0.5116873999504535,2.0467496,4.9546478031459174e-11,0.010000000028898207,0.9899999999612896
composition_0.9,sampled,106,4,0.9,0.7,2.0467495998188463,0.5116873999547116,2.0467496,4.528843966511431e-11,0.010000000027582131,0.9899999999778285
composition_0.9,sampled,107,4,0.9,0.7,2.046749599810708,0.511687399952677,2.0467496,4.732303438004237e-11,0.010000000030207018,0.9899999999925163
composition_0.9,sampled,108,4,0.9,0.7,2.046749599781695,0.5116873999454238,2.0467496,5.457623242222098e-11,0.010000000034972516,0.9899999999929026
composition_0.9,sampled,109,4,0.9,0.7,2.046749599761566,0.5116873999403915,2.0467496,5.960854032593943e-11,0.010000000037154667,0.989999999980449
strength_0.0,fit_quarter,100,4,0.6,0.0,0.9407999997410259,0.23519999993525648,0.9408,6.474351610386009e-11,0.010000000167868596,0.9899999998981039
strength_0.0,fit_quarter,101,4,0.6,0.0,0.9407999997136337,0.23519999992840843,0.9408,7.159156600877736e-11,0.010000000163647766,0.9899999998653496
strength_0.0,fit_quarter,102,4,0.6,0.0,0.9407999998203773,0.23519999995509433,0.9408,4.490566252179917e-11,0.01000000009420061,0.9899999999070936
strength_0.0,fit_quarter,103,4,0.6,0.0,0.9407999998071519,0.23519999995178797,0.9408,4.821201771143535e-11,0.010000000110739172,0.9899999999098559
strength_0.0,fit_quarter,104,4,0.6,0.0,0.940799999809121,0.23519999995228025,0.9408,4.7719744822316557e-11,0.010000000127939215,0.9899999999291069
strength_0.0,fit_quarter,105,4,0.6,0.0,0.9407999997393065,0.23519999993482663,0.9408,6.517336670341933e-11,0.010000000122598926,0.9899999998510433
strength_0.0,fit_quarter,106,4,0.6,0.0,0.9407999997917181,0.23519999994792953,0.9408,5.2070459055642004e-11,0.01000000010558935,0.9899999998886291
strength_0.0,fit_quarter,107,4,0.6,0.0,0.9407999998236307,0.23519999995590768,0.9408,4.409231313395878e-11,0.010000000110347568,0.9899999999266293
strength_0.0,fit_quarter,108,4,0.6,0.0,0.9407999998139929,0.23519999995349822,0.9408,4.650177465315153e-11,0.010000000127594624,0.9899999999338371
strength_0.0,fit_quarter,109,4,0.6,0.0,0.940799999750046,0.2351999999375115,0.9408,6.24884866073927e-11,0.010000000143708011,0.9899999998833393
strength_0.0,no_direction_check,100,4,0.6,0.0,0.9407999999671193,0.23519999999177982,0.9408,8.220174541051506e-12,0.010000000024707403,0.9899999999904566
strength_0.0,no_direction_check,101,4,0.6,0.0,0.9407999999657852,0.2351999999914463,0.9408,8.553685537648903e-12,0.010000000022922312,0.9899999999872818
strength_0.0,no_direction_check,102,4,0.6,0.0,0.940799999963767,0.23519999999094174,0.9408,9.058254146765421e-12,0.010000000025206183,0.9899999999874634
strength_0.0,no_direction_check,103,4,0.6,0.0,0.9407999999599357,0.23519999998998392,0.9408,1.0016071305685159e-11,0.010000000021742282,0.9899999999800086
strength_0.0,no_direction_check,104,4,0.6,0.0,0.9407999999736771,0.23519999999341928,0.9408,6.580708200587537e-12,0.01000000002141258,0.9899999999939928
strength_0.0,no_direction_check,105,4,0.6,0.0,0.9407999999576963,0.23519999998942406,0.9408,1.057592902142801e-11,0.010000000030684601,0.9899999999866181
strength_0.0,no_direction_check,106,4,0.6,0.0,0.9407999999676058,0.23519999999190144,0.9408,8.09854960870382e-12,0.010000000020548301,0.9899999999868044
strength_0.0,no_direction_check,107,4,0.6,0.0,0.9407999999664057,0.23519999999160143,0.9408,8.398559625533153e-12,0.010000000024349984,0.989999999989356
strength_0.0,no_direction_check,108,4,0.6,0.0,0.9407999999685158,0.23519999999212896,0.9408,7.87103715538251e-12,0.01000000002261212,0.989999999989816
strength_0.0,no_direction_check,109,4,0.6,0.0,0.9407999999512766,0.23519999998781915,0.9408,1.218083967025052e-11,0.010000000032246287,0.9899999999814927
strength_0.0,no_return_check,100,4,0.6,0.0,0.9407999999904334,0.23519999999760835,0.9408,2.3916424396475122e-12,0.010000000007249535,0.9899999999972844
strength_0.0,no_return_check,101,4,0.6,0.0,0.9407999999899415,0.23519999999748537,0.9408,2.514627395200364e-12,0.010000000006966232,0.9899999999964885
strength_0.0,no_return_check,102,4,0.6,0.0,0.9407999999893283,0.23519999999733207,0.9408,2.6679214393254824e-12,0.010000000006483463,0.9899999999953671
strength_0.0,no_return_check,103,4,0.6,0.0,0.9407999999904675,0.23519999999761687,0.9408,2.383121477933514e-12,0.010000000007394292,0.9899999999974646
strength_0.0,no_return_check,104,4,0.6,0.0,0.9407999999906083,0.23519999999765206,0.9408,2.3479274080528967e-12,0.01000000000765208,0.9899999999978691
strength_0.0,no_return_check,105,4,0.6,0.0,0.9407999999899345,0.23519999999748362,0.9408,2.5163759964641486e-12,0.010000000006734087,0.9899999999962491
strength_0.0,no_return_check,106,4,0.6,0.0,0.9407999999902238,0.23519999999755595,0.9408,2.4440449664098196e-12,0.01000000000724695,0.9899999999970635
strength_0.0,no_return_check,107,4,0.6,0.0,0.940799999990339,0.23519999999758476,0.9408,2.4152346789207968e-12,0.010000000007156975,0.9899999999970934
strength_0.0,no_return_check,108,4,0.6,0.0,0.9407999999898355,0.2351999999974589,0.9408,2.541106214337674e-12,0.010000000006774883,0.9899999999961869
strength_0.0,no_return_check,109,4,0.6,0.0,0.9407999999895121,0.23519999999737803,0.9408,2.621958206106001e-12,0.010000000006460716,0.9899999999955359
strength_0.0,ours,100,4,0.6,0.0,0.9407999999428058,0.23519999998570146,0.9408,1.4298534578571775e-11,0.010000000044984683,0.9899999999854074
strength_0.0,ours,101,4,0.6,0.0,0.9407999999402733,0.23519999998506833,0.9408,1.4931667013939887e-11,0.010000000047862482,0.9899999999856471
strength_0.0,ours,102,4,0.6,0.0,0.9407999999612533,0.23519999999031332,0.9408,9.686668134278875e-12,0.01000000002672732,0.9899999999863661
strength_0.0,ours,103,4,0.6,0.0,0.9407999999586563,0.23519999998966407,0.9408,1.0335926559079667e-11,0.01000000003058675,0.9899999999875203
strength_0.0,ours,104,4,0.6,0.0,0.9407999999588736,0.2351999999897184,0.9408,1.0281581142024265e-11,0.010000000034662086,0.9899999999918222
strength_0.0,ours,105,4,0.6,0.0,0.9407999999444013,0.23519999998610033,0.9408,1.3899659201399572e-11,0.010000000036693027,0.9899999999787776
strength_0.0,ours,106,4,0.6,0.0,0.9407999999524665,0.23519999998811664,0.9408,1.188335541080221e-11,0.010000000028757571,0.9899999999792435
strength_0.0,ours,107,4,0.6,0.0,0.940799999960084,0.235199999990021,0.9408,9.978989856662679e-12,0.01000000002834707,0.989999999986768
strength_0.0,ours,108,4,0.6,0.0,0.9407999999588419,0.23519999998971047,0.9408,1.0289519236650335e-11,0.010000000033258039,0.9899999999903849
strength_0.0,ours,109,4,0.6,0.0,0.9407999999494405,0.23519999998736013,0.9408,1.2639861379781792e-11,0.010000000040363643,0.9899999999876975
strength_0.0,pg,100,4,0.6,0.0,0.9403665801154335,0.23509164502885838,0.9408,0.00010835497114161652,0.010189380721478439,0.989737901675055
strength_0.0,pg,101,4,0.6,0.0,0.9403699042036056,0.2350924760509014,0.9408,0.00010752394909860352,0.010186967047833978,0.9897389505932563
strength_0.0,pg,102,4,0.6,0.0,0.9403738610701728,0.2350934652675432,0.9408,0.00010653473245678113,0.010186368743049415,0.9897424740244795
strength_0.0,pg,103,4,0.6,0.0,0.9403781031858653,0.23509452579646634,0.9408,0.00010547420353365644,0.010186071956618447,0.9897465961085615
strength_0.0,pg,104,4,0.6,0.0,0.9403912780267892,0.2350978195066973,0.9408,0.00010218049330268375,0.01017775059315579,0.989751998537728
strength_0.0,pg,105,4,0.6,0.0,0.940357950216802,0.2350894875542005,0.9408,0.00011051244579948771,0.010190098217407666,0.9897296296932431
strength_0.0,pg,106,4,0.6,0.0,0.9403964360261966,0.23509910900654915,0.9408,0.00010089099345084174,0.0101740042288877,0.9897536250895091
strength_0.0,pg,107,4,0.6,0.0,0.9403534864950154,0.23508837162375384,0.9408,0.00011162837624614785,0.010193766055735824,0.9897286478213768
strength_0.0,pg,108,4,0.6,0.0,0.9403704922505742,0.23509262306264356,0.9408,0.00010737693735643483,0.010188691076486952,0.989741287170835
strength_0.0,pg,109,4,0.6,0.0,0.9404257752811904,0.2351064438202976,0.9408,9.35561797023865e-05,0.010160913407468802,0.9897710959920422
strength_0.0,sampled,100,4,0.6,0.0,0.9407999999427856,0.2351999999856964,0.9408,1.430358609333382e-11,0.010000000042998527,0.9899999999834002
strength_0.0,sampled,101,4,0.6,0.0,0.9407999999388923,0.23519999998472307,0.9408,1.5276918619022695e-11,0.01000000004884279,0.9899999999851888
strength_0.0,sampled,102,4,0.6,0.0,0.9407999999634575,0.23519999999086438,0.9408,9.135608936006179e-12,0.010000000025376588,0.9899999999873114
strength_0.0,sampled,103,4,0.6,0.0,0.9407999999578707,0.23519999998946767,0.9408,1.0532325012135857e-11,0.010000000029807237,0.9899999999859226
strength_0.0,sampled,104,4,0.6,0.0,0.9407999999599264,0.2351999999899816,0.9408,1.0018402774036872e-11,0.010000000033943642,0.9899999999922001
strength_0.0,sampled,105,4,0.6,0.0,0.9407999999350958,0.23519999998377394,0.9408,1.622604828277474e-11,0.010000000028898207,0.9899999999612896
strength_0.0,sampled,106,4,0.6,0.0,0.9407999999522365,0.23519999998805913,0.9408,1.1940864963477793e-11,0.010000000027582131,0.9899999999778285
strength_0.0,sampled,107,4,0.6,0.0,0.9407999999638169,0.23519999999095423,0.9408,9.045764137738388e-12,0.010000000030207018,0.9899999999925163
strength_0.0,sampled,108,4,0.6,0.0,0.9407999999596128,0.2351999999899032,0.9408,1.0096784519575408e-11,0.010000000034972516,0.9899999999929026
strength_0.0,sampled,109,4,0.6,0.0,0.9407999999455625,0.23519999998639063,0.9408,1.360936363603571e-11,0.010000000037154667,0.989999999980449
strength_0.35,fit_quarter,100,4,0.6,0.35,1.451732799441634,0.3629331998604085,1.4517327999999998,1.3959144951058988e-10,0.010000000167868596,0.9899999998981039
strength_0.35,fit_quarter,101,4,0.6,0.35,1.4517327993946352,0.3629331998486588,1.4517327999999998,1.5134116182480284e-10,0.010000000163647766,0.9899999998653496
strength_0.35,fit_quarter,102,4,0.6,0.35,1.4517327996249219,0.36293319990623046,1.4517327999999998,9.376949217099195e-11,0.01000000009420061,0.9899999999070936
strength_0.35,fit_quarter,103,4,0.6,0.35,1.4517327995920355,0.3629331998980089,1.4517327999999998,1.0199108224639986e-10,0.010000000110739172,0.9899999999098559
strength_0.35,fit_quarter,104,4,0.6,0.35,1.451732799586141,0.3629331998965353,1.4517327999999998,1.0346468126698483e-10,0.010000000127939215,0.9899999999291069
strength_0.35,fit_quarter,105,4,0.6,0.35,1.4517327994633824,0.3629331998658456,1.4517327999999998,1.341543542920931e-10,0.010000000122598926,0.9899999998510433
strength_0.35,fit_quarter,106,4,0.6,0.35,1.451732799567076,0.362933199891769,1.4517327999999998,1.0823097973400309e-10,0.01000000010558935,0.9899999998886291
strength_0.35,fit_quarter,107,4,0.6,0.35,1.4517327996219178,0.36293319990547945,1.4517327999999998,9.452050253599964e-11,0.010000000110347568,0.9899999999266293
strength_0.35,fit_quarter,108,4,0.6,0.35,1.451732799595101,0.36293319989877526,1.4517327999999998,1.0122469529250111e-10,0.010000000127594624,0.9899999999338371
strength_0.35,fit_quarter,109,4,0.6,0.35,1.4517327994711327,0.36293319986778316,1.4517327999999998,1.3221679306951728e-10,0.010000000143708011,0.9899999998833393
strength_0.35,no_direction_check,100,4,0.6,0.35,1.4517327999272442,0.36293319998181106,1.4517327999999998,1.8188894834736402e-11,0.010000000024707403,0.9899999999904566
strength_0.35,no_direction_check,101,4,0.6,0.35,1.451732799925822,0.3629331999814555,1.4517327999999998,1.854444375837261e-11,0.010000000022922312,0.9899999999872818
strength_0.35,no_direction_check,102,4,0.6,0.35,1.4517327999209353,0.3629331999802338,1.4517327999999998,1.976613317467013e-11,0.010000000025206183,0.9899999999874634
strength_0.35,no_direction_check,103,4,0.6,0.35,1.4517327999159386,0.36293319997898466,1.4517327999999998,2.1015300610827126e-11,0.010000000021742282,0.9899999999800086
strength_0.35,no_direction_check,104,4,0.6,0.35,1.4517327999408587,0.36293319998521467,1.4517327999999998,1.478528410814306e-11,0.01000000002141258,0.9899999999939928
strength_0.35,no_direction_check,105,4,0.6,0.35,1.4517327999069995,0.3629331999767499,1.4517327999999998,2.3250068537095103e-11,0.010000000030684601,0.9899999999866181
strength_0.35,no_direction_check,106,4,0.6,0.35,1.4517327999304026,0.36293319998260065,1.4517327999999998,1.739930421962299e-11,0.010000000020548301,0.9899999999868044
strength_0.35,no_direction_check,107,4,0.6,0.35,1.4517327999261558,0.36293319998153895,1.4517327999999998,1.8461010498072028e-11,0.010000000024349984,0.989999999989356
strength_0.35,no_direction_check,108,4,0.6,0.35,1.4517327999309084,0.3629331999827271,1.4517327999999998,1.7272849817118185e-11,0.01000000002261212,0.989999999989816
strength_0.35,no_direction_check,109,4,0.6,0.35,1.4517327998945846,0.36293319997364615,1.4517327999999998,2.635380802473719e-11,0.010000000032246287,0.9899999999814927
strength_0.35,no_return_check,100,4,0.6,0.35,1.4517327999787983,0.3629331999946996,1.4517327999999998,5.300371253014191e-12,0.010000000007249535,0.9899999999972844
strength_0.35,no_return_check,101,4,0.6,0.35,1.451732799978068,0.362933199994517,1.4517327999999998,5.482947429413798e-12,0.010000000006966232,0.9899999999964885
strength_0.35,no_return_check,102,4,0.6,0.35,1.4517327999772291,0.3629331999943073,1.4517327999999998,5.69266855876549e-12,0.010000000006483463,0.9899999999953671
strength_0.35,no_return_check,103,4,0.6,0.35,1.4517327999787804,0.3629331999946951,1.4517327999999998,5.304867656263923e-12,0.010000000007394292,0.9899999999974646
strength_0.35,no_return_check,104,4,0.6,0.35,1.4517327999788923,0.36293319999472307,1.4517327999999998,5.276890036043369e-12,0.01000000000765208,0.9899999999978691
strength_0.35,no_return_check,105,4,0.6,0.35,1.451732799978183,0.36293319999454576,1.4517327999999998,5.4541926530760065e-12,0.010000000006734087,0.9899999999962491
strength_0.35,no_return_check,106,4,0.6,0.35,1.4517327999784224,0.3629331999946056,1.4517327999999998,5.394351632048711e-12,0.01000000000724695,0.9899999999970635
strength_0.35,no_return_check,107,4,0.6,0.35,1.451732799978679,0.3629331999946698,1.4517327999999998,5.3301807412253766e-12,0.010000000007156975,0.9899999999970934
strength_0.35,no_return_check,108,4,0.6,0.35,1.4517327999779823,0.3629331999944956,1.4517327999999998,5.504374733789064e-12,0.010000000006774883,0.9899999999961869
strength_0.35,no_return_check,109,4,0.6,0.35,1.4517327999775729,0.3629331999943932,1.4517327999999998,5.606737296659503e-12,0.010000000006460716,0.9899999999955359
strength_0.35,ours,100,4,0.6,0.35,1.4517327998723437,0.36293319996808593,1.4517327999999998,3.19140269766649e-11,0.010000000044984683,0.9899999999854074
strength_0.35,ours,101,4,0.6,0.35,1.451732799866205,0.36293319996655127,1.4517327999999998,3.3448688263604254e-11,0.010000000047862482,0.9899999999856471
strength_0.35,ours,102,4,0.6,0.35,1.451732799915575,0.36293319997889373,1.4517327999999998,2.1106227876543926e-11,0.01000000002672732,0.9899999999863661
strength_0.35,ours,103,4,0.6,0.35,1.4517327999087812,0.3629331999771953,1.4517327999999998,2.280464705961549e-11,0.01000000003058675,0.9899999999875203
strength_0.35,ours,104,4,0.6,0.35,1.4517327999069365,0.3629331999767341,1.4517327999999998,2.326583370404478e-11,0.010000000034662086,0.9899999999918222
strength_0.35,ours,105,4,0.6,0.35,1.4517327998797667,0.36293319996994167,1.4517327999999998,3.005828919100395e-11,0.010000000036693027,0.9899999999787776
strength_0.35,ours,106,4,0.6,0.35,1.4517327998986418,0.36293319997466045,1.4517327999999998,2.5339508269439648e-11,0.010000000028757571,0.9899999999792435
strength_0.35,ours,107,4,0.6,0.35,1.4517327999125809,0.3629331999781452,1.4517327999999998,2.1854740239746206e-11,0.01000000002834707,0.989999999986768
strength_0.35,ours,108,4,0.6,0.35,1.4517327999076497,0.3629331999769124,1.4517327999999998,2.308753188628998e-11,0.010000000033258039,0.9899999999903849
strength_0.35,ours,109,4,0.6,0.35,1.4517327998868246,0.36293319997170614,1.4517327999999998,2.829381173796719e-11,0.010000000040363643,0.9899999999876975
strength_0.35,pg,100,4,0.6,0.35,1.450848667877755,0.36271216696943875,1.4517327999999998,0.00022103303056120183,0.010189380721478439,0.989737901675055
strength_0.35,pg,101,4,0.6,0.35,1.4508559752501986,0.36271399381254965,1.4517327999999998,0.00021920618745030485,0.010186967047833978,0.9897389505932563
strength_0.35,pg,102,4,0.6,0.35,1.4508634256886843,0.3627158564221711,1.4517327999999998,0.0002173435778288768,0.010186368743049415,0.9897424740244795
strength_0.35,pg,103,4,0.6,0.35,1.450871224165624,0.362717806041406,1.4517327999999998,0.00021539395859393462,0.010186071956618447,0.9897465961085615
strength_0.35,pg,104,4,0.6,0.35,1.450899503707569,0.36272487592689223,1.4517327999999998,0.00020832407310772405,0.01017775059315579,0.989751998537728
strength_0.35,pg,105,4,0.6,0.35,1.4508327408526052,0.3627081852131513,1.4517327999999998,0.00022501478684866516,0.010190098217407666,0.9897296296932431
strength_0.35,pg,106,4,0.6,0.35,1.4509108433273998,0.36272771083184996,1.4517327999999998,0.00020548916814999707,0.0101740042288877,0.9897536250895091
strength_0.35,pg,107,4,0.6,0.35,1.450822694207571,0.36270567355189276,1.4517327999999998,0.0002275264481071959,0.010193766055735824,0.9897286478213768
strength_0.35,pg,108,4,0.6,0.35,1.4508560878987387,0.36271402197468466,1.4517327999999998,0.00021917802531529196,0.010188691076486952,0.989741287170835
strength_0.35,pg,109,4,0.6,0.35,1.4509708358129592,0.3627427089532398,1.4517327999999998,0.00019049104676016615,0.010160913407468802,0.9897710959920422
strength_0.35,sampled,100,4,0.6,0.35,1.4517327998733975,0.3629331999683494,1.4517327999999998,3.165057105292135e-11,0.010000000042998527,0.9899999999834002
strength_0.35,sampled,101,4,0.6,0.35,1.4517327998631808,0.3629331999657952,1.4517327999999998,3.4204750143373985e-11,0.01000000004884279,0.9899999999851888
strength_0.35,sampled,102,4,0.6,0.35,1.4517327999202845,0.3629331999800711,1.4517327999999998,1.9928836358928947e-11,0.010000000025376588,0.9899999999873114
strength_0.35,sampled,103,4,0.6,0.35,1.451732799907795,0.36293319997694873,1.4517327999999998,2.3051227593384738e-11,0.010000000029807237,0.9899999999859226
strength_0.35,sampled,104,4,0.6,0.35,1.4517327999092258,0.36293319997730644,1.4517327999999998,2.2693513734850512e-11,0.010000000033943642,0.9899999999922001
strength_0.35,sampled,105,4,0.6,0.35,1.4517327998672913,0.36293319996682283,1.4517327999999998,3.317712771178094e-11,0.010000000028898207,0.9899999999612896
strength_0.35,sampled,106,4,0.6,0.35,1.4517327998988727,0.3629331999747182,1.4517327999999998,2.528177667215914e-11,0.010000000027582131,0.9899999999778285
strength_0.35,sampled,107,4,0.6,0.35,1.4517327999182807,0.3629331999795702,1.4517327999999998,2.0429768987639818e-11,0.010000000030207018,0.9899999999925163
strength_0.35,sampled,108,4,0.6,0.35,1.451732799908097,0.3629331999770242,1.4517327999999998,2.2975732427710227e-11,0.010000000034972516,0.9899999999929026
strength_0.35,sampled,109,4,0.6,0.35,1.4517327998816039,0.36293319997040097,1.4517327999999998,2.9598989925716523e-11,0.010000000037154667,0.989999999980449
strength_1.4,fit_quarter,100,4,0.6,1.4,2.9845311985434586,0.7461327996358647,2.9845311999999997,3.641352774863549e-10,0.010000000167868596,0.9899999998981039
strength_1.4,fit_quarter,101,4,0.6,1.4,2.98453119843764,0.74613279960941,2.9845311999999997,3.9058989376172804e-10,0.010000000163647766,0.9899999998653496
strength_1.4,fit_quarter,102,4,0.6,1.4,2.9845311990385555,0.7461327997596389,2.9845311999999997,2.4036106438529714e-10,0.01000000009420061,0.9899999999070936
strength_1.4,fit_quarter,103,4,0.6,1.4,2.9845311989466863,0.7461327997366716,2.9845311999999997,2.633283591180202e-10,0.010000000110739172,0.9899999999098559
strength_1.4,fit_quarter,104,4,0.6,1.4,2.984531198917201,0.7461327997293002,2.9845311999999997,2.7069968489001894e-10,0.010000000127939215,0.9899999999291069
strength_1.4,fit_quarter,105,4,0.6,1.4,2.9845311986356102,0.7461327996589026,2.9845311999999997,3.4109737256926564e-10,0.010000000122598926,0.9899999998510433
strength_1.4,fit_quarter,106,4,0.6,1.4,2.9845311988931487,0.7461327997232872,2.9845311999999997,2.7671276381369125e-10,0.01000000010558935,0.9899999998886291
strength_1.4,fit_quarter,107,4,0.6,1.4,2.9845311990167787,0.7461327997541947,2.9845311999999997,2.458052650311515e-10,0.010000000110347568,0.9899999999266293
strength_1.4,fit_quarter,108,4,0.6,1.4,2.984531198938426,0.7461327997346066,2.9845311999999997,2.65393373943823e-10,0.010000000127594624,0.9899999999338371
strength_1.4,fit_quarter,109,4,0.6,1.4,2.984531198634392,0.746132799658598,2.9845311999999997,3.414019067449203e-10,0.010000000143708011,0.9899999998833393
strength_1.4,no_direction_check,100,4,0.6,1.4,2.98453119980762,0.746132799951905,2.9845311999999997,4.8094972449064244e-11,0.010000000024707403,0.9899999999904566
strength_1.4,no_direction_check,101,4,0.6,1.4,2.9845311998059323,0.7461327999514831,2.9845311999999997,4.8516857198421803e-11,0.010000000022922312,0.9899999999872818
strength_1.4,no_direction_check,102,4,0.6,1.4,2.9845311997924404,0.7461327999481101,2.9845311999999997,5.188982576953549e-11,0.010000000025206183,0.9899999999874634
strength_1.4,no_direction_check,103,4,0.6,1.4,2.984531199783948,0.746132799945987,2.9845311999999997,5.401290525952618e-11,0.010000000021742282,0.9899999999800086
strength_1.4,no_direction_check,104,4,0.6,1.4,2.9845311998424036,0.7461327999606009,2.9845311999999997,3.939903958638524e-11,0.01000000002141258,0.9899999999939928
strength_1.4,no_direction_check,105,4,0.6,1.4,2.984531199754909,0.7461327999387273,2.9845311999999997,6.127265361755008e-11,0.010000000030684601,0.9899999999866181
strength_1.4,no_direction_check,106,4,0.6,1.4,2.984531199818793,0.7461327999546983,2.9845311999999997,4.530165131910735e-11,0.010000000020548301,0.9899999999868044
strength_1.4,no_direction_check,107,4,0.6,1.4,2.984531199805406,0.7461327999513515,2.9845311999999997,4.8648418626839884e-11,0.010000000024349984,0.989999999989356
strength_1.4,no_direction_check,108,4,0.6,1.4,2.9845311998180857,0.7461327999545214,2.9845311999999997,4.547850984693014e-11,0.01000000002261212,0.989999999989816
strength_1.4,no_direction_check,109,4,0.6,1.4,2.984531199724509,0.7461327999311272,2.9845311999999997,6.887268533262159e-11,0.010000000032246287,0.9899999999814927
strength_1.4,no_return_check,100,4,0.6,1.4,2.984531199943893,0.7461327999859733,2.9845311999999997,1.402666871541669e-11,0.010000000007249535,0.9899999999972844
strength_1.4,no_return_check,101,4,0.6,1.4,2.984531199942448,0.746132799985612,2.9845311999999997,1.4387935287629716e-11,0.010000000006966232,0.9899999999964885
strength_1.4,no_return_check,102,4,0.6,1.4,2.984531199940932,0.746132799985233,2.9845311999999997,1.4766965428236745e-11,0.010000000006483463,0.9899999999953671
strength_1.4,no_return_check,103,4,0.6,1.4,2.984531199943719,0.7461327999859297,2.9845311999999997,1.4070189457981996e-11,0.010000000007394292,0.9899999999974646
strength_1.4,no_return_check,104,4,0.6,1.4,2.9845311999437443,0.7461327999859361,2.9845311999999997,1.4063861186741633e-11,0.01000000000765208,0.9899999999978691
strength_1.4,no_return_check,105,4,0.6,1.4,2.9845311999429285,0.7461327999857321,2.9845311999999997,1.4267809156365274e-11,0.010000000006734087,0.9899999999962491
strength_1.4,no_return_check,106,4,0.6,1.4,2.984531199943018,0.7461327999857545,2.9845311999999997,1.4245382651267846e-11,0.01000000000724695,0.9899999999970635
strength_1.4,no_return_check,107,4,0.6,1.4,2.9845311999437,0.746132799985925,2.9845311999999997,1.4074963416987885e-11,0.010000000007156975,0.9899999999970934
strength_1.4,no_return_check,108,4,0.6,1.4,2.984531199942423,0.7461327999856058,2.9845311999999997,1.4394152536567617e-11,0.010000000006774883,0.9899999999961869
strength_1.4,no_return_check,109,4,0.6,1.4,2.9845311999417548,0.7461327999854387,2.9845311999999997,1.4561241101773703e-11,0.010000000006460716,0.9899999999955359
strength_1.4,ours,100,4,0.6,1.4,2.9845311996609576,0.7461327999152394,2.9845311999999997,8.476053192651989e-11,0.010000000044984683,0.9899999999854074
strength_1.4,ours,101,4,0.6,1.4,2.9845311996440005,0.7461327999110001,2.9845311999999997,8.899980752374859e-11,0.010000000047862482,0.9899999999856471
strength_1.4,ours,102,4,0.6,1.4,2.98453119977854,0.746132799944635,2.9845311999999997,5.5364934858914694e-11,0.01000000002672732,0.9899999999863661
strength_1.4,ours,103,4,0.6,1.4,2.9845311997591564,0.7461327999397891,2.9845311999999997,6.021083631679858e-11,0.01000000003058675,0.9899999999875203
strength_1.4,ours,104,4,0.6,1.4,2.9845311997511246,0.7461327999377811,2.9845311999999997,6.221878567913564e-11,0.010000000034662086,0.9899999999918222
strength_1.4,ours,105,4,0.6,1.4,2.9845311996858626,0.7461327999214656,2.9845311999999997,7.853429018211955e-11,0.010000000036693027,0.9899999999787776
strength_1.4,ours,106,4,0.6,1.4,2.984531199737167,0.7461327999342917,2.9845311999999997,6.57082166455325e-11,0.010000000028757571,0.9899999999792435
strength_1.4,ours,107,4,0.6,1.4,2.984531199770072,0.746132799942518,2.9845311999999997,5.748190812226994e-11,0.01000000002834707,0.989999999986768
strength_1.4,ours,108,4,0.6,1.4,2.9845311997540724,0.7461327999385181,2.9845311999999997,6.148181963538946e-11,0.010000000033258039,0.9899999999903849
strength_1.4,ours,109,4,0.6,1.4,2.984531199698976,0.746132799924744,2.9845311999999997,7.525591261270392e-11,0.010000000040363643,0.9899999999876975
strength_1.4,pg,100,4,0.6,1.4,2.9822949311647196,0.7455737327911799,2.9845311999999997,0.000559067208820041,0.010189380721478439,0.989737901675055
strength_1.4,pg,101,4,0.6,1.4,2.982314188389978,0.7455785470974945,2.9845311999999997,0.0005542529025054366,0.010186967047833978,0.9897389505932563
strength_1.4,pg,102,4,0.6,1.4,2.9823321195442194,0.7455830298860548,2.9845311999999997,0.0005497701139450806,0.010186368743049415,0.9897424740244795
strength_1.4,pg,103,4,0.6,1.4,2.982350587104901,0.7455876467762252,2.9845311999999997,0.0005451532237746859,0.010186071956618447,0.9897465961085615
strength_1.4,pg,104,4,0.6,1.4,2.982424180749908,0.745606045187477,2.9845311999999997,0.000526754812522956,0.01017775059315579,0.989751998537728
strength_1.4,pg,105,4,0.6,1.4,2.9822571127600153,0.7455642781900038,2.9845311999999997,0.0005685218099961142,0.010190098217407666,0.9897296296932431
strength_1.4,pg,106,4,0.6,1.4,2.98245406523101,0.7456135163077525,2.9845311999999997,0.0005192836922474076,0.0101740042288877,0.9897536250895091
strength_1.4,pg,107,4,0.6,1.4,2.9822303173452376,0.7455575793363094,2.9845311999999997,0.0005752206636905344,0.010193766055735824,0.9897286478213768
strength_1.4,pg,108,4,0.6,1.4,2.982312874843232,0.745578218710808,2.9845311999999997,0.0005545812891919466,0.010188691076486952,0.989741287170835
strength_1.4,pg,109,4,0.6,1.4,2.9826060174082656,0.7456515043520664,2.9845311999999997,0.00048129564793353286,0.010160913407468802,0.9897710959920422
strength_1.4,sampled,100,4,0.6,1.4,2.984531199665233,0.7461327999163082,2.9845311999999997,8.369172022071325e-11,0.010000000042998527,0.9899999999834002
strength_1.4,sampled,101,4,0.6,1.4,2.984531199636046,0.7461327999090115,2.9845311999999997,9.098843900545717e-11,0.01000000004884279,0.9899999999851888
strength_1.4,sampled,102,4,0.6,1.4,2.9845311997907658,0.7461327999476914,2.9845311999999997,5.230849087212164e-11,0.010000000025376588,0.9899999999873114
strength_1.4,sampled,103,4,0.6,1.4,2.9845311997575674,0.7461327999393919,2.9845311999999997,6.060807411500946e-11,0.010000000029807237,0.9899999999859226
strength_1.4,sampled,104,4,0.6,1.4,2.984531199757124,0.746132799939281,2.9845311999999997,6.071887437286705e-11,0.010000000033943642,0.9899999999922001
strength_1.4,sampled,105,4,0.6,1.4,2.9845311996638784,0.7461327999159696,2.9845311999999997,8.403033824322392e-11,0.010000000028898207,0.9899999999612896
strength_1.4,sampled,106,4,0.6,1.4,2.9845311997387807,0.7461327999346952,2.9845311999999997,6.530476159838372e-11,0.010000000027582131,0.9899999999778285
strength_1.4,sampled,107,4,0.6,1.4,2.984531199781672,0.746132799945418,2.9845311999999997,5.458189455964657e-11,0.010000000030207018,0.9899999999925163
strength_1.4,sampled,108,4,0.6,1.4,2.9845311997535484,0.7461327999383871,2.9845311999999997,6.161282595229522e-11,0.010000000034972516,0.9899999999929026
strength_1.4,sampled,109,4,0.6,1.4,2.984531199689728,0.746132799922432,2.9845311999999997,7.756795206148581e-11,0.010000000037154667,0.989999999980449
