experiment,method,label,oracle_label_group,seed,update,source_steps_total,source_steps_training,source_steps_critic,source_steps_direction_check,source_steps_return_check,source_steps_monitor,source_complete_episodes,agent_decisions,budget,training_return,monitor_return,exact_source_return_diagnostic,actual_return_gain_diagnostic,old_new_kl,baseline_kind,baseline_missing_states,entropy,seconds,accepted,reason,eta,attempts,forward_kl_training,direction_loss,direction_steps,q_bound,direction_check_score,direction_check_mode,return_check_gain,return_check_mode,return_check_standard_error,critic_validation_mse,label_mse_against_exact_joint_advantage,critic_explained_variance,direction_error,direction_norm,exact_direction_score_diagnostic
T-L,AN,mc_learned_baseline,False,46,1,3784,256,256,1024,2048,200,1892,7568,65536,0.19148437499999996,0.2754,0.3537805067478608,0.034766506747860804,0.00048014453156419224,public_state_tabular_independent_mc,0,0.6154101721564078,0.03824500006157905,True,accepted_empirical,0.1,1,4.083214628530262e-09,-0.09295686636771183,100,5.0,0.0762423047261617,empirical,0.03779296875,empirical,0.00995280072743754,0.4074925527356591,0.1717049778337192,0.012895825385180526,0.0016149602719140095,0.09742593899636695,0.08713260046703336
T-L,AN,mc_learned_baseline,False,46,2,7568,512,512,2048,4096,400,3784,15136,65536,0.39328125,0.3617999999999999,0.3857170669897008,0.031936560241839995,0.0003987933129062147,public_state_tabular_independent_mc,0,0.6059751764409893,0.07858610001858324,True,accepted_empirical,0.1,1,1.9588616099844522e-09,-0.08049076911317193,100,5.0,0.08810738845234169,empirical,0.044062500000000004,empirical,0.010470075692998751,0.4068431512721342,0.172473837063684,0.007834212861944967,0.00038702227894290463,0.08074724035583933,0.08894969782813664
T-L,AN,mc_learned_baseline,False,46,3,11352,768,768,3072,6144,600,5676,22704,65536,0.30351562499999996,0.5138999999999999,0.4189895996282803,0.03327253263857949,0.00043463392896665406,public_state_tabular_independent_mc,0,0.5949852324864007,0.11905079998541623,True,accepted_empirical,0.1,1,7.733575767907346e-09,-0.08772853807452943,100,5.0,0.08760944192551738,empirical,0.039609375,empirical,0.009354699538112111,0.4476620265629334,0.193861909018366,0.03462149794633196,0.000279559125108664,0.08812812869407402,0.08910756793969724
T-L,AN,mc_learned_baseline,False,46,4,15136,1024,1024,4096,8192,800,7568,30272,65536,0.393046875,0.5492999999999999,0.45402748954400224,0.03503788991572193,0.0004907004596428516,public_state_tabular_independent_mc,0,0.5836265037320995,0.1598213000688702,True,accepted_empirical,0.1,1,3.0012463965631512e-09,-0.09989031163644667,100,5.0,0.08344347326663316,empirical,0.04189453125,empirical,0.010058358925474119,0.4051957002416941,0.1721693695850156,0.009012405843473181,0.0012909459048499792,0.09990682621692584,0.0876460078471929
T-L,AN,mc_learned_baseline,False,46,5,18920,1280,1280,5120,10240,1000,9460,37840,65536,0.4228125,0.39629999999999993,0.48672640038874243,0.03269891084474019,0.0004350191805279156,public_state_tabular_independent_mc,0,0.5721338593899008,0.2330886999843642,True,accepted_empirical,0.1,1,5.190161389782449e-09,-0.08927041382931405,100,5.0,0.08883973268677939,empirical,0.030410156249999997,empirical,0.009378100813679043,0.3969432863383908,0.1692874075536419,0.0023720021754668474,0.0009443583037635305,0.08939778009134858,0.08680471739537066
T-L,AN,mc_learned_baseline,False,46,6,22704,1536,1536,6144,12288,1200,11352,45408,65536,0.50109375,0.5244,0.5195763783820933,0.03284997799335082,0.00045767272525669764,public_state_tabular_independent_mc,0,0.5588955667241946,0.29049809998832643,True,accepted_empirical,0.1,1,5.306983066353092e-09,-0.09061552969187399,100,5.0,0.0802165879856407,empirical,0.030996093750000002,empirical,0.00994207784658303,0.3836238227032463,0.16137827091448886,0.007831556835983688,0.002807456954389191,0.09256496090606921,0.08319476559880178
T-L,AN,mc_learned_baseline,False,46,7,26488,1792,1792,7168,14336,1400,13244,52976,65536,0.54328125,0.4958999999999999,0.5486977043281068,0.029121325946013576,0.00036598020027176154,public_state_tabular_independent_mc,0,0.5477781503609198,0.33896800002548844,True,accepted_empirical,0.1,1,2.6215869797134092e-09,-0.07515539379384102,100,5.0,0.09056719214745199,empirical,0.013476562499999999,empirical,0.005162185702715672,0.3542593998915485,0.15049941193898703,0.005515720753195175,0.001780179197403533,0.07503344033652604,0.08221964987547714
T-L,AN,mc_learned_baseline,False,46,8,30272,2048,2048,8192,16384,1600,15136,60544,65536,0.448828125,0.6081,0.5817928240409853,0.033095119712878485,0.0004843449872084524,public_state_tabular_independent_mc,0,0.5341300401641423,0.38104350003413856,True,accepted_empirical,0.1,1,1.205627756754809e-09,-0.1002702921102391,100,5.0,0.0739234926953547,empirical,0.005859374999999999,empirical,0.007223959861830716,0.3952762150694923,0.16464646410914638,0.010284451101300052,0.0013169930784425554,0.09969827301674974,0.08007966646241546
T-L,AN,mc_learned_baseline,False,46,9,34056,2304,2304,9216,18432,1800,17028,68112,65536,0.6442968750000001,0.5583,0.6097149895883457,0.027922165547360378,0.0003719342041547083,public_state_tabular_independent_mc,0,0.5221224791722072,0.43516650004312396,True,accepted_empirical,0.1,1,3.2449647161885927e-09,-0.07815190335963026,100,5.0,0.06735762945950566,empirical,0.0348046875,empirical,0.00872952867829982,0.3107724864676805,0.13395601852084388,-0.013121260513226929,0.002565924482804688,0.07682795743450455,0.07537820068109813
T-L,AN,mc_learned_baseline,False,46,10,37840,2560,2560,10240,20480,2000,18920,75680,65536,0.5946093750000001,0.7497,0.6379367937358784,0.028221804147532725,0.0003862700759757223,public_state_tabular_independent_mc,0,0.5091736557020123,0.48624500003643334,True,accepted_empirical,0.1,1,2.277624134409962e-09,-0.07918133531047308,100,5.0,0.07043195829968452,empirical,0.047402343750000006,empirical,0.010786807009894178,0.33620949353267204,0.13581231649639205,0.01975499620733423,0.0002392083804790409,0.07967729831866308,0.07416822652806246
T-L,AN,mc_learned_baseline,False,46,11,41624,2816,2816,11264,22528,2200,20812,83248,65536,0.5350781250000001,0.6555,0.6684137127553105,0.03047691901943206,0.0005111420986860513,public_state_tabular_independent_mc,0,0.49453618183239706,0.5343497999710962,True,accepted_empirical,0.1,1,9.240416547746593e-09,-0.10198142350009845,100,5.0,0.07143492057642636,empirical,0.02548828125,empirical,0.008928728762918213,0.35340532674984054,0.15128633074139314,-0.018854970021852324,0.008928817779879923,0.10672479809299296,0.061657977948773174
T-L,AN,mc_learned_baseline,False,46,12,45408,3072,3072,12288,24576,2400,22704,90816,65536,0.63375,0.6216,0.6923864375255226,0.023972724770212173,0.0003440114805180857,public_state_tabular_independent_mc,0,0.4820737975987702,0.5920481999637559,True,accepted_empirical,0.1,1,9.496181122738768e-10,-0.07343236278973646,100,5.0,0.04918313330141912,empirical,0.022500000000000003,empirical,0.0071568707323145546,0.30745762254931464,0.11771688228832067,0.040083508733573026,0.0055444496593139905,0.07048643428837212,0.060125740574956926
T-L,AN,mc_learned_baseline,False,46,13,49192,3328,3328,13312,26624,2600,24596,98384,65536,0.7075781250000002,0.8034,0.7160324814817729,0.02364604395625025,0.0003396111300613409,public_state_tabular_independent_mc,0,0.46966288071895856,0.6363897999981418,True,accepted_empirical,0.1,1,5.922028521102823e-09,-0.06963886851459662,100,5.0,0.06023986535403067,empirical,0.0216796875,empirical,0.006826896365990999,0.262352048828125,0.11488221302472332,0.00332226565406879,0.001994642413069134,0.06974580591277428,0.05988441111506747
T-L,AN,mc_learned_baseline,False,46,14,52976,3584,3584,14336,28672,2800,26488,105952,65536,0.6989062500000001,0.7142999999999999,0.738406581850896,0.02237410036912313,0.0003225002391700709,public_state_tabular_independent_mc,0,0.4573383313673318,0.682383400038816,True,accepted_empirical,0.1,1,4.5438470150124265e-09,-0.0663498591455335,100,5.0,0.04989457964513756,empirical,0.011660156250000001,empirical,0.005526178880654281,0.2608390329861111,0.10933579652469777,0.002895102379153802,0.000836005595305781,0.06673900625806284,0.056572913351314424
T-L,AN,mc_learned_baseline,False,46,15,56760,3840,3840,15360,30720,3000,28380,113520,65536,0.6946875000000001,0.7863,0.7581146185820209,0.019708036731124867,0.00027465821061776514,public_state_tabular_independent_mc,0,0.44615734904492793,0.7235173999797553,True,accepted_empirical,0.1,1,1.1030812389992995e-09,-0.057834087361120126,100,5.0,0.049642988134888856,empirical,0.017109375,empirical,0.006268112781507789,0.2542905555077652,0.09968703941363019,0.030429058253399588,0.0012129220119731457,0.05655478403038682,0.05171831657376164
T-L,AN,mc_learned_baseline,False,46,16,60544,4096,4096,16384,32768,3200,30272,121088,65536,0.7582031250000001,0.8976000000000001,0.776756195006553,0.018641576424532125,0.00026649418644712,public_state_tabular_independent_mc,0,0.4343569532040751,0.7666861000470817,True,accepted_empirical,0.1,1,3.6174520453360707e-09,-0.05438944351885247,100,5.0,0.027722180681907963,empirical,0.0179296875,empirical,0.00783318091211123,0.203152657056882,0.0827633734190946,0.008292348912003256,0.001049674330912083,0.05478874809868882,0.04773636827349308
T-L,AN,mc_learned_baseline,False,46,17,64328,4352,4352,17408,34816,3400,32164,128656,65536,0.7605468750000002,0.7593000000000001,0.7946574677510564,0.01790127274450337,0.0002867877666227615,public_state_tabular_independent_mc,0,0.4229679320988231,0.8108154999790713,True,accepted_empirical,0.1,1,2.3860431924115885e-09,-0.059594525910442765,100,5.0,0.0316461837198887,empirical,0.008613281250000002,empirical,0.005266458071939793,0.21370259998370472,0.08409476840879021,0.02650494286467142,0.0049848291219719565,0.059946027900519484,0.03974436796252428
T-L,SA,mc_learned_baseline,False,46,1,3784,256,256,1024,2048,200,1892,7568,65536,0.19148437499999996,0.2754,0.350147253140022,0.031133253140021966,0.00038166369479999507,public_state_tabular_independent_mc,0,0.6164913292017307,0.04799029999412596,True,accepted_empirical,0.1,1,1.3931509485211113e-09,-0.08312775598679459,100,5.0,0.07813501987555137,empirical,0.033222656249999996,empirical,0.009446114536774767,0.4074925527356591,0.1717049778337192,0.012895825385180526,0.0009753430557388043,0.07706559884988562,0.08777221768320859
T-L,SA,mc_learned_baseline,False,46,2,7568,512,512,2048,4096,400,3784,15136,65536,0.39328125,0.3617999999999999,0.3845119083967925,0.034364655256770515,0.0004614194969442008,public_state_tabular_independent_mc,0,0.6064193197656316,0.09415869996882975,True,accepted_empirical,0.1,1,7.565776054951611e-09,-0.08679035683375136,100,5.0,0.08872609577245877,empirical,0.04828125,empirical,0.010920737347101552,0.40845704092481483,0.17317812278860184,0.007553673350572887,0.00019222413992916543,0.09354373542785786,0.08915309761414038
T-L,SA,mc_learned_baseline,False,46,3,11352,768,768,3072,6144,600,5676,22704,65536,0.30351562499999996,0.5138999999999999,0.4165705753250035,0.03205866692821102,0.00040518306446252255,public_state_tabular_independent_mc,0,0.5957577453876786,0.13573330000508577,True,accepted_empirical,0.1,1,6.923703039378717e-09,-0.08358213013371754,100,5.0,0.08710512135257306,empirical,0.030468750000000003,empirical,0.008236219324075872,0.4476620265629334,0.19443311061936855,0.03462149794633196,0.000918960299538112,0.08162751192246114,0.08854045624738334
T-L,SA,mc_learned_baseline,False,46,4,15136,1024,1024,4096,8192,800,7568,30272,65536,0.393046875,0.5258999999999999,0.45106109537094025,0.03449052004593672,0.0004754340266622406,public_state_tabular_independent_mc,0,0.5847129543076628,0.183001899975352,True,accepted_empirical,0.1,1,4.877774245962386e-09,-0.09816490169950834,100,5.0,0.08396111486873255,empirical,0.035039062499999996,empirical,0.009300872796840942,0.4051957002416941,0.1720462731483866,0.009012405843473181,0.001234182017624159,0.09634933445541172,0.08779107064624952
T-L,SA,mc_learned_baseline,False,46,5,18920,1280,1280,5120,10240,1000,9460,37840,65536,0.4228125,0.3954,0.48329081174809674,0.03222971637715649,0.0004194684562074344,public_state_tabular_independent_mc,0,0.573580781776478,0.22731310001108795,True,accepted_empirical,0.1,1,3.344267714237813e-09,-0.08674885254855369,100,5.0,0.08970226566588113,empirical,0.0256640625,empirical,0.008830306238192781,0.3969432863383908,0.1691287697266849,0.0023720021754668474,0.0006064926406538354,0.08516669760846413,0.08731309936271736
T-L,SA,mc_learned_baseline,False,46,6,22704,1536,1536,6144,12288,1200,11352,45408,65536,0.50109375,0.5244,0.5164662027638001,0.033175391015703326,0.0004628553132299475,public_state_tabular_independent_mc,0,0.5601218479993018,0.27658900001551956,True,accepted_empirical,0.1,1,4.977953213382755e-09,-0.0910078908988624,100,5.0,0.08057852199537277,empirical,0.032695312500000004,empirical,0.010168791738538832,0.3836238227032463,0.1614983420402474,0.007831556835983688,0.0024637556803555494,0.09368857760280111,0.08384421612221096
T-L,SA,mc_learned_baseline,False,46,7,26488,1792,1792,7168,14336,1400,13244,52976,65536,0.54328125,0.4958999999999999,0.5476005533398156,0.031134350576015546,0.00041632533843487257,public_state_tabular_independent_mc,0,0.548373926674116,0.32945309998467565,True,accepted_empirical,0.1,1,4.42721238735838e-09,-0.07955484976158815,100,5.0,0.09066343833786773,empirical,0.014589843749999998,empirical,0.006705717508442658,0.3542593998915485,0.15039008437617432,0.005515720753195175,0.0014584028057213305,0.08491929880023465,0.0828239121808703
T-L,SA,mc_learned_baseline,False,46,8,30272,2048,2048,8192,16384,1600,15136,60544,65536,0.448828125,0.6081,0.5760693084510188,0.02846875511120317,0.0003547920838496125,public_state_tabular_independent_mc,0,0.536647032464521,0.37775750004220754,True,accepted_empirical,0.1,1,3.00299066700296e-09,-0.08489619101308989,100,5.0,0.07548968473194567,empirical,0.005507812499999999,empirical,0.007220214509049067,0.3952762150694923,0.1645192952239683,0.010284451101300052,0.0004360508084667435,0.07213300385726559,0.08113316865693429
T-L,SA,mc_learned_baseline,False,46,9,34056,2304,2304,9216,18432,1800,17028,68112,65536,0.6442968750000001,0.5583,0.6063983405850626,0.03032903213404381,0.0004267350709706082,public_state_tabular_independent_mc,0,0.5240142411860071,0.4266283999895677,True,accepted_empirical,0.1,1,5.251105025643975e-09,-0.08036799456654553,100,5.0,0.06907319982174528,empirical,0.044531249999999994,empirical,0.009932288088357692,0.3131419335421969,0.13578400624480932,-0.00801787805212495,0.0016344860939215187,0.08823291166404293,0.07704367195128603
T-L,SA,mc_learned_baseline,False,46,10,37840,2560,2560,10240,20480,2000,18920,75680,65536,0.5946093750000001,0.7487999999999999,0.6335312349380093,0.027132894352946746,0.00035293368425731936,public_state_tabular_independent_mc,0,0.5115245750224631,0.473818700062111,True,accepted_empirical,0.1,1,4.724894622404204e-09,-0.07487413943770033,100,5.0,0.07481043871554996,empirical,0.04763671875,empirical,0.010728501938476824,0.33620949353267204,0.13600168396672305,0.01975499620733423,7.503723595100832e-05,0.07232232401229888,0.07495838700889379
T-L,SA,mc_learned_baseline,False,46,11,41624,2816,2816,11264,22528,2200,20812,83248,65536,0.534375,0.6350999999999999,0.6588220289737899,0.025290794035780606,0.0003267964424752116,public_state_tabular_independent_mc,0,0.4998120718703516,0.5219070999883115,True,accepted_empirical,0.1,1,2.8880631573313632e-09,-0.08316670055692511,100,5.0,0.0782744065760072,empirical,0.018046875000000004,empirical,0.008019707371002114,0.3524605085969302,0.15110995458371185,-0.016002978802507783,0.000800383229996505,0.06705964790582797,0.07057042842167238
T-L,SA,mc_learned_baseline,False,46,12,45408,3072,3072,12288,24576,2400,22704,90816,65536,0.61546875,0.6129000000000001,0.6836386249271416,0.024816595953351617,0.00033340562435569664,public_state_tabular_independent_mc,0,0.4867926936751745,0.5687066999962553,True,accepted_empirical,0.1,1,4.256231407316782e-09,-0.07235154035492299,100,5.0,0.06034398352308192,empirical,0.029179687500000002,empirical,0.008136999895190454,0.3200442968174388,0.1273012245595911,0.026802558911020347,0.0006478377752210021,0.0684035779790402,0.06684187362049973
T-L,SA,mc_learned_baseline,False,46,13,49192,3328,3328,13312,26624,2600,24596,98384,65536,0.6801562500000001,0.7917000000000001,0.7061803386440039,0.02254171371686231,0.0002968189578270342,public_state_tabular_independent_mc,0,0.4755785622281985,0.6147651000646874,True,accepted_empirical,0.1,1,2.5357890235209743e-09,-0.06850737559730653,100,5.0,0.06260899795666784,empirical,0.02455078125,empirical,0.007568965138843144,0.28191907179090714,0.123947735851061,-0.003223708663615321,0.001299701195259409,0.06149663232628804,0.062212261603220013
T-L,SA,mc_learned_baseline,False,46,14,52976,3584,3584,14336,28672,2800,26488,105952,65536,0.6989062500000001,0.6908999999999998,0.7272758793689041,0.021095540724900275,0.00027345728069299685,public_state_tabular_independent_mc,0,0.4641536050292888,0.6660139999585226,True,accepted_empirical,0.1,1,1.8364078336713414e-09,-0.059524480528499936,100,5.0,0.05814785033978418,empirical,0.01845703125,empirical,0.006526679524560259,0.2608390329861111,0.10912995566838171,0.002895102379153802,0.0001247571342028807,0.05655624771439783,0.05922630129501134
T-L,SA,mc_learned_baseline,False,46,15,56760,3840,3840,15360,30720,3000,28380,113520,65536,0.6672656250000001,0.7863,0.7461512532082979,0.01887537383939375,0.00023732046857649863,public_state_tabular_independent_mc,0,0.45370543130624125,0.7170167000731453,True,accepted_empirical,0.1,1,3.5301419076959616e-09,-0.05743194545248714,100,5.0,0.05523641160850281,empirical,0.025195312500000004,empirical,0.007932187515612095,0.27643405818643485,0.11174072002088614,0.019709496831007423,0.000692788261870593,0.048975794773742955,0.05457807186417948
T-L,SA,mc_learned_baseline,False,46,16,60544,4096,4096,16384,32768,3200,30272,121088,65536,0.73078125,0.8976000000000001,0.7646986753146836,0.018547422106385714,0.0002454341923338369,public_state_tabular_independent_mc,0,0.44260504874861184,0.7631236000452191,True,accepted_empirical,0.1,1,2.970913709772869e-09,-0.0570651477102323,100,5.0,0.034264495541268564,empirical,0.012773437499999998,empirical,0.005918580075197399,0.22676284382446016,0.09507211681567702,-0.0004292282411575421,4.0125748348747406e-06,0.05100130484085669,0.051328515946685
T-L,SA,mc_learned_baseline,False,46,17,64328,4352,4352,17408,34816,3400,32164,128656,65536,0.7490625000000002,0.7622999999999999,0.7820462454545709,0.017347570139887303,0.00023499958406827641,public_state_tabular_independent_mc,0,0.4314449081188177,0.8096972999628633,True,accepted_empirical,0.1,1,3.4439013213740725e-09,-0.0523362733537954,100,5.0,0.04287849250000946,empirical,0.018515625,empirical,0.00696515997906519,0.2236577802900557,0.08793208034595702,0.025031089748260293,0.0003962106444214718,0.04883305039353335,0.04696179514071859
T-L,DA,mc_learned_baseline,False,46,1,2760,256,256,0,2048,200,1380,5520,65536,0.19148437499999996,0.3054,0.4093360936298753,0.09032209362987526,0.00518971987112492,public_state_tabular_independent_mc,0,0.5856048417685715,0.014596100081689656,True,accepted_empirical,0.1,1,,,,,,,0.07564453125000001,empirical,0.022146793757488407,0.4074925527356591,0.1717049778337192,0.012895825385180526,,,
T-L,DA,mc_learned_baseline,False,46,2,5520,512,512,0,4096,400,2760,11040,65536,0.37124999999999997,0.48239999999999994,0.495555949332291,0.08621985570241575,0.004522903489666105,public_state_tabular_independent_mc,0,0.5405994959567378,0.028565000044181943,True,accepted_empirical,0.1,1,,,,,,,0.0828515625,empirical,0.01749679309958497,0.41081471644796475,0.17849669964142809,-0.025517041725904743,,,
T-L,DA,mc_learned_baseline,False,46,3,8280,768,768,0,6144,600,4140,16560,65536,0.563203125,0.4827,0.5752967111956182,0.07974076186332718,0.0038960606521914482,public_state_tabular_independent_mc,0,0.4929977127725623,0.042180699994787574,True,accepted_empirical,0.1,1,,,,,,,0.102421875,empirical,0.01713556765497107,0.36570464257410035,0.1504718609764054,0.008388900041656044,,,
T-L,DA,mc_learned_baseline,False,46,4,11040,1024,1024,0,8192,800,5520,22080,65536,0.6182812500000001,0.6791999999999999,0.6471555055940343,0.07185879439841614,0.0033241184182803097,public_state_tabular_independent_mc,0,0.4449103207164862,0.05342370003927499,True,accepted_empirical,0.1,1,,,,,,,0.08958984375000001,empirical,0.01540133630244083,0.3612400921182264,0.14476720016857803,0.008749452431213611,,,
T-L,DA,mc_learned_baseline,False,46,5,13800,1280,1280,0,10240,1000,6900,27600,65536,0.698203125,0.8136,0.7105716864499989,0.06341618085596457,0.002814275164695248,public_state_tabular_independent_mc,0,0.3979564548069147,0.07096570008434355,True,accepted_empirical,0.1,1,,,,,,,0.05572265625,empirical,0.012094437869675989,0.2717031912543878,0.12611356136636875,-0.0022461472661805537,,,
T-L,DA,mc_learned_baseline,False,46,6,16560,1536,1536,0,12288,1200,8280,33120,65536,0.7577343750000002,0.7697999999999999,0.7656176947106079,0.055046008260609014,0.0023679584404477485,public_state_tabular_independent_mc,0,0.35328147511512265,0.0840771000366658,True,accepted_empirical,0.1,1,,,,,,,0.0866015625,empirical,0.014761834202318786,0.2531582330628057,0.12149667707052916,-0.0037253595268160744,,,
T-L,DA,mc_learned_baseline,False,46,7,19320,1792,1792,0,14336,1400,9660,38640,65536,0.7971093750000002,0.8525999999999999,0.8127839525044578,0.047166257793849864,0.0019827222194431188,public_state_tabular_independent_mc,0,0.31162065266662226,0.1006508000427857,True,accepted_empirical,0.1,1,,,,,,,0.035390625,empirical,0.00892835289376027,0.22479316015216394,0.09306126069084515,0.00014971878819114437,,,
T-L,DA,mc_learned_baseline,False,46,8,22080,2048,2048,0,16384,1600,11040,44160,65536,0.7703906250000001,0.8174999999999999,0.8527968157062015,0.04001286320174369,0.0016538030467448178,public_state_tabular_independent_mc,0,0.2733807463943481,0.11553539999295026,True,accepted_empirical,0.1,1,,,,,,,0.06515625000000001,empirical,0.0119321206252015,0.24275120499942288,0.10308255939172432,0.0013683067663968762,,,
T-L,DA,mc_learned_baseline,False,46,9,24840,2304,2304,0,18432,1800,12420,49680,65536,0.8936718750000002,0.9057000000000001,0.8864831924431258,0.03368637673692432,0.0013753133937659122,public_state_tabular_independent_mc,0,0.23872101584979907,0.13126980001106858,True,accepted_empirical,0.1,1,,,,,,,0.044296875,empirical,0.010480948141914068,0.14111740929927097,0.06477358330910973,0.002474674916336017,,,
T-L,DA,mc_learned_baseline,False,46,10,27600,2560,2560,0,20480,2000,13800,55200,65536,0.9229687500000002,0.9606,0.9146800921742838,0.02819689973115802,0.001141051212629944,public_state_tabular_independent_mc,0,0.20762423405972702,0.148035200079903,True,accepted_empirical,0.1,1,,,,,,,0.02015625,empirical,0.006088102342998263,0.12449074194637347,0.055586080681615586,-0.010654672044729585,,,
T-L,DA,mc_learned_baseline,False,46,11,30360,2816,2816,0,22528,2200,15180,60720,65536,0.9691406250000003,0.9324000000000001,0.9358613807356689,0.021181288561385125,0.0008842331519910754,public_state_tabular_independent_mc,0,0.18134592706694738,0.1610396000323817,True,accepted_empirical,0.1,1,,,,,,,0.02126953125,empirical,0.0064435167021594944,0.06648845817660105,0.031054107392331727,-0.0019933933881051136,,,
T-L,DA,mc_learned_baseline,False,46,12,33120,3072,3072,0,24576,2400,16560,66240,65536,0.9667968750000002,0.9648,0.9560719430730968,0.020210562337427906,0.000790077902557041,public_state_tabular_independent_mc,0,0.15653959628756822,0.1749097000574693,True,accepted_empirical,0.1,1,,,,,,,0.0235546875,empirical,0.00687303456293379,0.07318533806620153,0.026765321027833296,-0.04665982734218521,,,
T-L,DA,mc_learned_baseline,False,46,13,35880,3328,3328,0,26624,2600,17940,71760,65536,0.9970312500000003,1.0233,0.9727408421514628,0.016668899078365995,0.000651560103780665,public_state_tabular_independent_mc,0,0.13478257010508088,0.187632100074552,True,accepted_empirical,0.1,1,,,,,,,0.0155859375,empirical,0.00589079835329891,0.05167054505007381,0.02088035905272926,0.011941240727576519,,,
T-L,DA,mc_learned_baseline,False,46,14,38640,3584,3584,0,28672,2800,19320,77280,65536,0.9506250000000003,1.0089000000000001,0.9864698523014829,0.013729010150020038,0.0005369722009208293,public_state_tabular_independent_mc,0,0.11578942470931633,0.2119290999835357,True,accepted_empirical,0.1,1,,,,,,,0.00919921875,empirical,0.004111793408362359,0.10618704647708249,0.04604188883034142,0.007392080076273455,,,
T-L,DA,mc_learned_baseline,False,46,15,41400,3840,3840,0,30720,3000,20700,82800,65536,0.9808593750000003,0.9882000000000002,0.9971126960576615,0.010642843756178633,0.00042553246866646155,public_state_tabular_independent_mc,0,0.09973965179269553,0.232290800078772,True,accepted_empirical,0.1,1,,,,,,,0.012832031250000002,empirical,0.0047645909458843136,0.05949649548626657,0.026198159210910635,0.00586914958439122,,,
T-L,DA,mc_learned_baseline,False,46,16,44160,4096,4096,0,32768,3200,22080,88320,65536,1.0155468750000003,0.9912000000000001,1.0060650397619135,0.00895234370425202,0.0003526970178136588,public_state_tabular_independent_mc,0,0.08568610610660546,0.25495700002647936,True,accepted_empirical,0.1,1,,,,,,,0.0069140625,empirical,0.0037986711330666566,0.03632490608013111,0.015993943998166112,0.01468952712099414,,,
T-L,DA,mc_learned_baseline,False,46,17,46920,4352,4352,0,34816,3400,23460,93840,65536,1.0108593750000003,1.0119,1.013565625945036,0.0075005861831225484,0.0002919395571742888,public_state_tabular_independent_mc,0,0.07343932298386273,0.2726592000108212,True,accepted_empirical,0.1,1,,,,,,,0.0035156250000000005,empirical,0.0035361132448425672,0.03654493071425621,0.01613919845464272,0.011845302954666126,,,
T-L,DA,mc_learned_baseline,False,46,18,49680,4608,4608,0,36864,3600,24840,99360,65536,1.0176562500000004,1.0206,1.0202000897714996,0.006634463826463488,0.0002509196449454379,public_state_tabular_independent_mc,0,0.06254779749719233,0.2862705000443384,True,accepted_empirical,0.1,1,,,,,,,0.006328125000000001,empirical,0.003755142060728359,0.027167674763997396,0.01063025647789669,0.046006787068383015,,,
T-L,DA,mc_learned_baseline,False,46,19,52440,4864,4864,0,38912,3800,26220,104880,65536,1.0132031250000004,1.0263000000000002,1.025352217167605,0.005152127396105488,0.00019939106955151644,public_state_tabular_independent_mc,0,0.05340322881913483,0.30109060008544475,True,accepted_empirical,0.1,1,,,,,,,0.0005859375000000001,empirical,0.0005859375,0.03615630346030134,0.015831203731997517,0.013201341192619287,,,
T-L,DA,mc_learned_baseline,False,46,20,55200,5120,5120,0,40960,4000,27600,110400,65536,1.0155468750000003,1.0323,1.0298442054987968,0.0044919883311917985,0.0001699648519786148,public_state_tabular_independent_mc,0,0.04536159015236126,0.3130485999863595,True,accepted_empirical,0.1,1,,,,,,,0.0040429687500000006,empirical,0.002985852065347178,0.040806651032808956,0.01970365407594387,-0.11863535927557112,,,
T-L,DA,mc_learned_baseline,False,46,21,57960,5376,5376,0,43008,4200,28980,115920,65536,1.0202343750000002,1.0323000000000002,1.0333589137261374,0.0035147082273405683,0.00013576013600301865,public_state_tabular_independent_mc,0,0.0386100835911777,0.3286456000059843,True,accepted_empirical,0.1,1,,,,,,,0.0011718750000000002,empirical,0.0008278295590484758,0.03558422817871093,0.015855778383586157,0.017643997733957972,,,
T-L,DA,mc_learned_baseline,False,46,22,60720,5632,5632,0,45056,4400,30360,121440,65536,1.0293750000000004,1.0383000000000002,1.0359418305757015,0.002582916849564132,0.00012780778205388497,public_state_tabular_independent_mc,1,0.033056389346074695,0.3389305000891909,True,accepted_empirical,0.1,1,,,,,,,0.004570312500000001,empirical,0.003228535280289055,0.02425166015625001,0.010917965804627436,0.025309542480429825,,,
T-L,DA,mc_learned_baseline,False,46,23,63480,5888,5888,0,47104,4600,31740,126960,65536,1.0429687500000002,1.05,1.0367495226874295,0.0008076921117279312,5.828843312101636e-05,public_state_tabular_independent_mc,0,0.02994226298486856,0.3512799000600353,True,accepted_empirical,0.1,1,,,,,,,0.0011718750000000002,empirical,0.0008278295590484756,0.001032714843750001,0.00021441089186087723,0.30854219948849126,,,
