round,source_steps,accepted,candidates,direction_pass,direction_score,train_J,critic_mse,train_value_target,explained_variance,return_difference,fit_kl_before,fit_kl_after,fit_kl_p95,fit_kl_max,target_below_floor,policy_step_kl,policy_entropy,update_seconds,method,seed,source_steps_total,train_discounted_return
1,4800,True,1,,,-145.93043041229248,13465.615234375,-145.930419921875,0.008328855037689209,,0.0002976678661070764,6.732783367624506e-05,0.00018585975340101868,0.0005402001552283764,0.0,0.00025389797519892454,1.6091865301132202,44.728384899906814,AN,40,4800,-145.93043041229248
2,8000,True,1,,,-143.02574253082275,14266.9853515625,-143.02574157714844,-0.013982653617858887,,0.0001521977101219818,2.5019167878781445e-05,9.870836947811767e-05,0.00034815073013305664,0.0,0.00014281833136919886,1.609106183052063,53.97195400018245,AN,40,8000,-143.02574253082275
3,11200,True,1,,,-154.75120210647583,21781.322265625,-154.75120544433594,0.002927064895629883,,0.0003038485592696816,5.134575258125551e-05,0.0001835836301324889,0.0007358994334936142,0.0,0.0002522024151403457,1.6086403131484985,51.48085130006075,AN,40,11200,-154.75120210647583
4,14400,True,1,,,-159.83115577697754,29144.59765625,-159.83116149902344,-0.011674165725708008,,0.0003869739593937993,0.0001101991074392572,0.0002892925404012203,0.0008398201316595078,0.0,0.0002708579122554511,1.608228087425232,53.99650330003351,AN,40,14400,-159.83115577697754
5,17600,True,1,,,-159.29800987243652,24112.263671875,-159.29800415039062,-0.003763437271118164,,0.00010258061956847087,3.506443681544624e-05,0.0001721906737657264,0.000597069039940834,0.0,6.858835695311427e-05,1.6082319021224976,53.09394899988547,AN,40,17600,-159.29800987243652
6,20800,True,1,,,-147.23452949523926,20855.060546875,-147.23452758789062,-0.0017224550247192383,,0.00032453759922645986,9.362502169096842e-05,0.00029028364224359393,0.0008017430081963539,0.0,0.00022405375784728676,1.6081753969192505,50.63435829989612,AN,40,20800,-147.23452949523926
7,24000,True,1,,,-155.98327445983887,12654.517578125,-155.9832763671875,-0.0031015872955322266,,0.00016585805860813707,3.97428848373238e-05,0.00013963076344225556,0.00034409482032060623,0.0,0.00011984633601969108,1.607818365097046,52.86827010009438,AN,40,24000,-155.98327445983887
8,27200,True,1,,,-171.5363187789917,11512.548828125,-171.53631591796875,-0.0026906728744506836,,0.0006380165577866137,9.745696297613904e-05,0.00026673299726098776,0.0007951594889163971,0.0,0.0005221671308390796,1.6072676181793213,54.01751289982349,AN,40,27200,-171.5363187789917
9,30400,True,1,,,-162.56616735458374,17712.126953125,-162.566162109375,-0.00045311450958251953,,0.0002706129744183272,6.80446028127335e-05,0.00022615552006755024,0.0005407824646681547,0.0,0.00019661517580971122,1.607071876525879,53.99067369988188,AN,40,30400,-162.56616735458374
10,33600,True,1,,,-141.811363697052,9122.203125,-141.81137084960938,-0.0009926557540893555,,0.00023375464661512524,7.535531040048227e-05,0.0002634541015140712,0.0007322719320654869,0.0,0.00014293784624896944,1.606904149055481,53.5854985001497,AN,40,33600,-141.811363697052
11,36800,True,1,,,-134.93951797485352,4425.94970703125,-134.9395294189453,-0.0008032321929931641,,0.00014515357906930149,6.0602113080676645e-05,0.00027613656129688025,0.00064079649746418,0.0,7.269834168255329e-05,1.6070609092712402,53.41291429987177,AN,40,36800,-134.93951797485352
12,40000,True,1,,,-158.12783479690552,11120.1240234375,-158.12783813476562,-0.0005252361297607422,,0.00030223606154322624,6.900998414494097e-05,0.0002349192654946819,0.0009431047365069389,0.0,0.00023541031987406313,1.6071765422821045,51.96678170002997,AN,40,40000,-158.12783479690552
13,43200,True,1,,,-147.96619606018066,7601.6640625,-147.9661865234375,-0.0003160238265991211,,0.0003353735664859414,5.325059100869112e-05,0.00017585954628884792,0.0006939577870070934,0.0,0.00027264541131444275,1.6064563989639282,54.75863589998335,AN,40,43200,-147.96619606018066
14,46400,True,1,,,-157.07930517196655,6526.30908203125,-157.07931518554688,-0.000803828239440918,,0.00034564570523798466,0.00011997543333563954,0.0003332545456942171,0.0007314635440707207,0.0,0.0002156120608560741,1.6060014963150024,52.07553829997778,AN,40,46400,-157.07930517196655
15,49600,True,1,,,-144.1635618209839,5022.57177734375,-144.16355895996094,-0.000918269157409668,,0.00017984963778872043,4.830198668059893e-05,0.00016818199947010726,0.000557594932615757,0.0,0.00015508916112594306,1.6049673557281494,53.56423979997635,AN,40,49600,-144.1635618209839
16,52800,True,1,,,-153.76345920562744,7566.69677734375,-153.76345825195312,-0.00024247169494628906,,0.0004210758488625288,0.00010003690113080665,0.0003137220919597894,0.0009611491113901138,0.0,0.00030872016213834286,1.6053608655929565,52.33510479982942,AN,40,52800,-153.76345920562744
17,56000,True,1,,,-139.3827896118164,1834.1981201171875,-139.38279724121094,-0.0005203485488891602,,0.00017825025133788586,3.835520692518912e-05,0.0001631380437174812,0.0005274824798107147,0.0,0.00014078852836973965,1.6045135259628296,53.595944799948484,AN,40,56000,-139.3827896118164
18,59200,True,1,,,-154.61497259140015,2170.79248046875,-154.61497497558594,-0.0005675554275512695,,0.0002247797092422843,6.66921041556634e-05,0.0002481135888956487,0.0008077491074800491,0.0,0.0001517479686299339,1.6051675081253052,50.99055009987205,AN,40,59200,-154.61497259140015
19,62400,True,1,,,-137.762864112854,1274.359375,-137.76284790039062,-0.0003228187561035156,,0.00023700520978309214,6.536061846418306e-05,0.00024114546249620616,0.0008296826854348183,0.0,0.00017810640565585345,1.6039754152297974,52.210833199787885,AN,40,62400,-137.762864112854
20,65600,True,1,,,-135.74967527389526,4316.28173828125,-135.74966430664062,-0.00027871131896972656,,0.0002762365620583296,6.665907130809501e-05,0.00021725551050622016,0.001058279536664486,0.0,0.00020583988225553185,1.6039105653762817,52.09613690013066,AN,40,65600,-135.74967527389526
21,70400,True,1,,,-152.64939069747925,3229.011962890625,-152.64938354492188,-0.00038492679595947266,,0.00047627874300815165,9.484065958531573e-05,0.00025494949659332633,0.0011633792892098427,0.0,0.00038056139601394534,1.6034905910491943,50.46725320024416,AN,40,70400,-152.64939069747925
22,73600,True,1,,,-138.75802898406982,1456.225830078125,-138.75802612304688,-0.00016486644744873047,,0.00020687301002908498,3.9987866330193356e-05,0.00015523468027822673,0.0004940757062286139,0.0,0.00015674727910663933,1.6039289236068726,52.48042879998684,AN,40,73600,-138.75802898406982
23,76800,True,1,,,-140.82131004333496,1478.188232421875,-140.82130432128906,-9.500980377197266e-05,,0.0002087604079861194,5.403830800787546e-05,0.0001879388582892716,0.001179124228656292,0.0,0.00014401030784938484,1.6040546894073486,51.84804980037734,AN,40,76800,-140.82131004333496
24,80000,True,1,,,-143.92487287521362,2864.1953125,-143.92486572265625,1.1563301086425781e-05,,0.00015350838657468557,3.487551293801516e-05,0.00014340964844450355,0.00042075663805007935,0.0,0.00010100158397108316,1.603898048400879,51.81089990027249,AN,40,80000,-143.92487287521362
25,83200,True,1,,,-141.64949703216553,3967.843505859375,-141.6494903564453,-7.87973403930664e-05,,0.00015307872672565281,5.0027636461891234e-05,0.00020050723105669022,0.0005596759729087353,0.0,9.701318049337715e-05,1.603879451751709,51.93114100024104,AN,40,83200,-141.64949703216553
26,86400,True,1,,,-137.998215675354,1987.4130859375,-137.9982147216797,-3.2782554626464844e-05,,0.00019100926874671131,4.9551694246474653e-05,0.00018158605962526053,0.00046027451753616333,0.0,0.00013981496158521622,1.604286551475525,52.549115700181574,AN,40,86400,-137.998215675354
27,89600,True,1,,,-136.85723066329956,2267.77197265625,-136.85723876953125,-6.186962127685547e-05,,0.0002740929776336998,3.903763717971742e-05,0.000126074708532542,0.00038514845073223114,0.0,0.00024680932983756065,1.6023013591766357,51.75114690000191,AN,40,89600,-136.85723066329956
28,92800,True,1,,,-148.9318504333496,7952.4091796875,-148.93185424804688,-2.9921531677246094e-05,,0.00019117431656923145,4.513350722845644e-05,0.00014539521362166852,0.0005398201756179333,0.0,0.00014821974036749452,1.6022857427597046,50.775360599625856,AN,40,92800,-148.9318504333496
29,96000,True,1,,,-153.66051292419434,2731.85693359375,-153.6605224609375,-3.7670135498046875e-05,,0.0004493518208619207,7.30996616766788e-05,0.00021641292551066726,0.0007603170815855265,0.0,0.00036255817394703627,1.604315161705017,53.029399500228465,AN,40,96000,-153.66051292419434
30,99200,True,1,,,-134.07945585250854,2166.605224609375,-134.07945251464844,-2.2292137145996094e-05,,5.574717215495184e-05,1.2171130947535858e-05,6.096030483604409e-05,0.00028609856963157654,0.0,4.1393028368474916e-05,1.6038166284561157,52.0044916998595,AN,40,99200,-134.07945585250854
31,102400,True,1,,,-134.39931201934814,2251.35888671875,-134.39930725097656,-6.902217864990234e-05,,0.0001995184284169227,4.270187855581753e-05,0.0001674201339483261,0.0006632758304476738,0.0,0.0001447522809030488,1.6045174598693848,52.08818329963833,AN,40,102400,-134.39931201934814
32,105600,True,1,,,-138.56119060516357,1326.207275390625,-138.56118774414062,-5.507469177246094e-05,,8.369511488126591e-05,2.7651838536257856e-05,0.0001569323503645137,0.0007486501708626747,0.0,5.379111098591238e-05,1.6041910648345947,51.9981901999563,AN,40,105600,-138.56119060516357
33,108800,True,1,,,-131.26156377792358,1417.2357177734375,-131.26156616210938,-2.872943878173828e-05,,0.00019666300795506686,3.914647822966799e-05,0.00014446258137468249,0.0005060643889009953,0.0,0.0001484063541283831,1.6049973964691162,52.201055199839175,AN,40,108800,-131.26156377792358
34,112000,True,1,,,-155.72927713394165,1236.063720703125,-155.72927856445312,-2.8133392333984375e-05,,0.0003607163089327514,4.204262586426921e-05,0.00014792659203521907,0.0005651805549860001,0.0,0.000315998651785776,1.6038035154342651,52.00039549963549,AN,40,112000,-155.72927713394165
35,115200,True,1,,,-138.45943212509155,790.8076171875,-138.45944213867188,-4.017353057861328e-05,,0.00021556390856858343,3.9505343011114746e-05,0.00015663386147934943,0.0005432786419987679,0.0,0.00016536557814106345,1.6047581434249878,51.82248410023749,AN,40,115200,-138.45943212509155
36,118400,True,1,,,-145.39070892333984,2799.663330078125,-145.3907012939453,-1.8596649169921875e-05,,0.00030530215008184314,5.438852167571895e-05,0.0001875716698123142,0.0006905158516019583,0.0,0.00023512793995905668,1.6038607358932495,51.942935900297016,AN,40,118400,-145.39070892333984
37,121600,True,1,,,-129.72680568695068,1693.57275390625,-129.726806640625,-2.956390380859375e-05,,0.0003507776418700814,3.491019015200436e-05,0.00012387348397169262,0.0007029864937067032,0.0,0.00030293315649032593,1.6025983095169067,50.77471939986572,AN,40,121600,-129.72680568695068
38,124800,True,1,,,-132.1827654838562,1645.8262939453125,-132.18276977539062,-1.5854835510253906e-05,,0.0002564734604675323,4.316300692153163e-05,0.00014915417705196887,0.0004846537485718727,0.0,0.00019891052215825766,1.6045289039611816,53.260041599627584,AN,40,124800,-132.1827654838562
39,128000,True,1,,,-144.94246292114258,1647.89599609375,-144.94247436523438,-2.562999725341797e-05,,0.00025075682788155973,4.853729114984162e-05,0.00018054935208056122,0.000680786557495594,0.0,0.00019071430142503232,1.6047766208648682,50.44214429985732,AN,40,128000,-144.94246292114258
40,131200,True,1,,,-128.7994146347046,866.8988647460938,-128.79940795898438,-1.9431114196777344e-05,,0.0001353483385173604,2.19307385123102e-05,8.069275645539165e-05,0.0002805241383612156,0.0,0.00010446021042298526,1.605223536491394,53.33331950008869,AN,40,131200,-128.7994146347046
41,136000,True,1,,,-137.633770942688,1439.9658203125,-137.63375854492188,-3.1828880310058594e-05,,0.00020364805823192,2.92470558633795e-05,0.00011115546658402309,0.000512951985001564,0.0,0.0002090843190671876,1.6052660942077637,52.12092859996483,AN,40,136000,-137.633770942688
42,139200,True,1,,,-147.30240726470947,2671.96435546875,-147.3024139404297,-1.728534698486328e-05,,0.00028792934608645737,3.933803964173421e-05,0.00011836494377348572,0.0003538811579346657,0.0,0.00023253307153936476,1.6052758693695068,51.81053099967539,AN,40,139200,-147.30240726470947
43,142400,True,1,,,-125.62823295593262,2544.85498046875,-125.62823486328125,-2.014636993408203e-05,,0.00015472965606022626,4.038468250655569e-05,0.000167758553288877,0.0005278405733406544,0.0,9.791841875994578e-05,1.6050277948379517,51.61759290006012,AN,40,142400,-125.62823295593262
44,145600,True,1,,,-125.27150869369507,1175.6572265625,-125.27151489257812,-2.205371856689453e-05,,0.0003069404629059136,3.63694089173805e-05,0.0001235753734363243,0.0006840452551841736,0.0,0.00027793244225904346,1.6040476560592651,51.98777470039204,AN,40,145600,-125.27150869369507
45,148800,True,1,,,-147.57438325881958,1157.729248046875,-147.57437133789062,-1.4662742614746094e-05,,0.000166761499713175,5.513773430720903e-05,0.0002372517337789759,0.0007890351116657257,0.0,0.00010379051673226058,1.6037611961364746,52.05357210012153,AN,40,148800,-147.57438325881958
46,152000,True,1,,,-135.1900177001953,1708.7564697265625,-135.19000244140625,-8.940696716308594e-06,,9.881275036605075e-05,1.3783313079329673e-05,6.280319212237373e-05,0.00036104535683989525,0.0,8.691586117492989e-05,1.6036536693572998,50.57002880005166,AN,40,152000,-135.1900177001953
47,155200,True,1,,,-138.44824075698853,2469.16796875,-138.4482421875,-1.1682510375976562e-05,,0.000120588178106118,3.196204124833457e-05,0.00012423304724507034,0.0005036918446421623,0.0,0.00010197097435593605,1.6041254997253418,53.00348659977317,AN,40,155200,-138.44824075698853
48,158400,True,1,,,-128.21595191955566,1033.968994140625,-128.2159423828125,-1.7404556274414062e-05,,0.00017103539721574634,3.3642645576037467e-05,0.00013286496687214822,0.0004734083195216954,0.0,0.0001339573209406808,1.6044855117797852,51.852067899890244,AN,40,158400,-128.21595191955566
49,161600,True,1,,,-137.35960960388184,2078.964599609375,-137.359619140625,-7.271766662597656e-06,,0.00038536175270564854,6.259106885408983e-05,0.0001810855756048113,0.0011502108536660671,0.0,0.00032176118111237884,1.6034287214279175,51.890194399748,AN,40,161600,-137.35960960388184
50,164800,True,1,,,-125.91789436340332,1393.262939453125,-125.91789245605469,-4.291534423828125e-06,,0.00010078258492285386,2.1058724087197334e-05,8.067602175287902e-05,0.0002547206822782755,0.0,7.580988312838599e-05,1.6041361093521118,51.129642200190574,AN,40,164800,-125.91789436340332
51,168000,True,1,,,-141.57285737991333,1571.1693115234375,-141.57286071777344,-7.152557373046875e-06,,0.0003127615200355649,6.80001758155413e-05,0.00020878342911601067,0.001069908495992422,0.0,0.0002286537637701258,1.604028344154358,53.00863019982353,AN,40,168000,-141.57285737991333
52,171200,True,1,,,-127.75101852416992,1372.254150390625,-127.75102233886719,-9.179115295410156e-06,,0.00019028130918741226,2.657286313478835e-05,9.87137173069641e-05,0.00046567339450120926,0.0,0.00015594667638652027,1.6025278568267822,51.83457349985838,AN,40,171200,-127.75101852416992
53,174400,True,1,,,-126.87933397293091,1328.57763671875,-126.87933349609375,-1.0967254638671875e-05,,0.0002091264323098585,5.292995774652809e-05,0.00017517727974336594,0.0004701400175690651,0.0,0.00015638417971786112,1.6014015674591064,51.93137410003692,AN,40,174400,-126.87933397293091
54,177600,True,1,,,-125.23155069351196,1715.780517578125,-125.23155212402344,-6.9141387939453125e-06,,0.00021088037465233356,4.3414147512521595e-05,0.00017573885270394385,0.000561858993023634,0.0,0.00016007834346964955,1.5995032787322998,51.95616619987413,AN,40,177600,-125.23155069351196
55,180800,True,1,,,-132.2661862373352,4173.599609375,-132.2661895751953,-5.125999450683594e-06,,0.00029088318115100265,5.4889209422981367e-05,0.00018627669487614185,0.0004922561347484589,0.0,0.00021229863341432065,1.5983816385269165,50.59166399994865,AN,40,180800,-132.2661862373352
56,184000,True,1,,,-131.06675052642822,3306.80712890625,-131.06674194335938,-1.2040138244628906e-05,,0.00013394236157182604,2.23351798922522e-05,9.481773304287344e-05,0.0003727218136191368,0.0,0.00010459394252393395,1.5994845628738403,53.35531400004402,AN,40,184000,-131.06675052642822
57,187200,True,1,,,-134.9587345123291,2752.27978515625,-134.958740234375,-1.1563301086425781e-05,,0.00025786535115912557,3.767017551581375e-05,0.00012259230425115675,0.0003089217934757471,0.0,0.00021213677246123552,1.6002548933029175,50.490747100207955,AN,40,187200,-134.9587345123291
58,190400,True,1,,,-126.55161333084106,1111.8468017578125,-126.5516128540039,-1.3947486877441406e-05,,0.00010006681986851618,2.465870784362778e-05,9.910405788104981e-05,0.00032404903322458267,0.0,7.049498526612297e-05,1.601537823677063,55.6344258999452,AN,40,190400,-126.55161333084106
59,193600,True,1,,,-138.40766668319702,1270.250244140625,-138.4076690673828,-5.364418029785156e-06,,0.00011467960575828329,3.500613456708379e-05,0.0001715229154797271,0.0005993209779262543,0.0,7.102751260390505e-05,1.6005947589874268,51.09632879961282,AN,40,193600,-138.40766668319702
60,196800,True,1,,,-130.61730241775513,898.0574340820312,-130.6173095703125,-1.049041748046875e-05,,0.00027912057703360915,4.495805114856921e-05,0.00016763196617830545,0.0005847681313753128,0.0,0.0002190921950386837,1.5992580652236938,53.50063489982858,AN,40,196800,-130.61730241775513
61,201600,True,1,,,-130.29110288619995,972.707275390625,-130.2910919189453,-7.867813110351562e-06,,0.0001139494706876576,2.1982830730848946e-05,0.00010155826021218672,0.00032987212762236595,0.0,9.251724259229377e-05,1.598930835723877,51.97569900006056,AN,40,201600,-130.29110288619995
62,204800,True,1,,,-128.446147441864,1609.7242431640625,-128.44615173339844,-1.1801719665527344e-05,,0.00023568198957946151,7.828432717360556e-05,0.00025744838058017194,0.0008540484122931957,0.0,0.0001592464977875352,1.5988855361938477,53.50317719997838,AN,40,204800,-128.446147441864
63,208000,True,1,,,-123.21604251861572,891.316650390625,-123.2160415649414,-1.0013580322265625e-05,,0.00018064214964397252,2.5669896785984747e-05,9.775679791346192e-05,0.000341570470482111,0.0,0.00013761543959844857,1.599455714225769,50.24503629980609,AN,40,208000,-123.21604251861572
64,211200,True,1,,,-119.39316701889038,1048.3427734375,-119.3931655883789,-9.655952453613281e-06,,0.00021426600869745016,4.1260220314143226e-05,0.00014332332648336887,0.0012828735634684563,0.0,0.00018526011263020337,1.5982803106307983,53.305487600155175,AN,40,211200,-119.39316701889038
65,214400,True,1,,,-122.9828462600708,1523.4559326171875,-122.98284912109375,-5.0067901611328125e-06,,0.0001132815596065484,2.9704682674491778e-05,0.00013555798796005547,0.0003848210908472538,0.0,7.661947893211618e-05,1.5986175537109375,50.82998659973964,AN,40,214400,-122.9828462600708
66,217600,True,1,,,-131.8862829208374,2446.5576171875,-131.88629150390625,-9.179115295410156e-06,,0.000248212629230693,4.297827399568632e-05,0.00014839308278169483,0.0004584859125316143,0.0,0.00020152245997451246,1.600091814994812,52.40656579984352,AN,40,217600,-131.8862829208374
67,220800,True,1,,,-124.02986335754395,1274.2857666015625,-124.02986145019531,-6.67572021484375e-06,,0.00016944462549872696,3.269164517405443e-05,0.00010607895092107356,0.0003316090442240238,0.0,0.00013165982090868056,1.6003321409225464,52.877138200215995,AN,40,220800,-124.02986335754395
68,224000,True,1,,,-117.35156536102295,1037.4678955078125,-117.3515625,-5.125999450683594e-06,,0.0002282176137669012,1.7945039871847257e-05,7.092589657986537e-05,0.00032401131466031075,0.0,0.00019776947738137096,1.5988759994506836,51.88406140031293,AN,40,224000,-117.35156536102295
69,227200,True,1,,,-126.0766978263855,1061.4534912109375,-126.07670593261719,-8.821487426757812e-06,,0.00022751545475330204,4.485817044042051e-05,0.00015612486458849162,0.0006416551768779755,0.0,0.00020929468155372888,1.5986440181732178,51.73135680006817,AN,40,227200,-126.0766978263855
70,230400,True,1,,,-130.07815790176392,1451.231201171875,-130.07815551757812,-3.5762786865234375e-06,,4.694956078310497e-05,4.037347480334574e-06,1.636206070543267e-05,0.00010914006270468235,0.0,4.5394386688712984e-05,1.5991517305374146,50.50211409991607,AN,40,230400,-130.07815790176392
71,233600,True,1,,,-124.18653059005737,1501.3402099609375,-124.18653106689453,-4.291534423828125e-06,,0.00020370677520986646,4.401623300509527e-05,0.00016519440396223217,0.0006114128045737743,0.0,0.00016065739328041673,1.5998533964157104,44.37748620007187,AN,40,233600,-124.18653059005737
72,236800,True,1,,,-124.61071538925171,1059.935302734375,-124.61071014404297,-7.3909759521484375e-06,,0.00010708801710279658,1.8268905478180386e-05,7.51861953176558e-05,0.000276811420917511,0.0,9.216715989168733e-05,1.5987807512283325,36.22416489990428,AN,40,236800,-124.61071538925171
73,240000,True,1,,,-126.80726718902588,1539.59228515625,-126.80726623535156,-3.2186508178710938e-06,,0.0001407815288985148,1.877623435575515e-05,7.675288361497223e-05,0.00031941384077072144,0.0,0.00012043162132613361,1.598615050315857,31.68871399993077,AN,40,240000,-126.80726718902588
74,243200,True,1,,,-121.3054084777832,861.3336791992188,-121.30541229248047,-3.4570693969726562e-06,,0.00035879487404599786,6.0598747950280085e-05,0.00020873421453870833,0.0005894019268453121,0.0,0.00028112358995713294,1.600508689880371,30.445397599600255,AN,40,243200,-121.3054084777832
75,246400,True,1,,,-122.68921041488647,765.7440185546875,-122.68921661376953,-6.9141387939453125e-06,,6.303211557678878e-05,2.55301856668666e-05,0.00011870644084410742,0.0005164402537047863,0.0,3.9634975109947845e-05,1.6005488634109497,30.286421600263566,AN,40,246400,-122.68921041488647
76,249600,True,1,,,-111.55319213867188,921.9951171875,-111.55319213867188,-5.602836608886719e-06,,0.00013494053564500064,2.5941702915588394e-05,0.0001288109488086775,0.0004948321729898453,0.0,0.00010240748088108376,1.6003061532974243,31.194869800005108,AN,40,249600,-111.55319213867188
77,252800,True,1,,,-123.89725637435913,911.3768920898438,-123.89726257324219,-3.814697265625e-06,,0.00019976751354988664,4.2555617255857214e-05,0.0001436353923054412,0.0004615429788827896,0.0,0.00013671298802364618,1.600332260131836,30.153336000163108,AN,40,252800,-123.89725637435913
78,256000,True,1,,,-121.05021095275879,1370.005615234375,-121.05021667480469,-3.0994415283203125e-06,,8.020186942303553e-05,1.4409871255338658e-05,6.750292959623039e-05,0.0003333361819386482,0.0,7.084457320161164e-05,1.6005899906158447,30.21049450011924,AN,40,256000,-121.05021095275879
79,259200,True,1,,,-125.11640357971191,1048.9266357421875,-125.11640167236328,-3.4570693969726562e-06,,0.00036331251612864435,6.832506187492982e-05,0.0002520269772503525,0.0009860654827207327,0.0,0.00028723114519380033,1.598978877067566,30.373434000182897,AN,40,259200,-125.11640357971191
